symbol,date,split,regime,direction,confluence_tier,confluence_count,is_atz,has_3m,has_1m,has_1w,has_1d,gtf_score,conviction_score,pnl_r,exit_reason,bars_to_entry,bars_held,mae_pct,mfe_pct,is_win
RELIANCE,2022-06-16,TRAIN,SIDEWAYS,DEMAND,SINGLE (1-TF),1,False,False,False,False,True,8.5,78,-1.0,STOP,1,1,3.048310312458084,0.9395534397210705,False
RELIANCE,2022-06-23,TRAIN,BEAR,SUPPLY,SINGLE (1-TF),1,False,False,False,False,True,8.5,78,-1.0,STOP,5,32,4.566741700949575,7.57415025830767,False
RELIANCE,2022-06-30,TRAIN,SIDEWAYS,DEMAND,SINGLE (1-TF),1,False,False,False,False,True,8.5,78,-1.0,STOP,2,1,7.027284952066975,0.0,False
RELIANCE,2022-07-08,TRAIN,BEAR,DEMAND,SINGLE (1-TF),1,False,False,False,False,True,8.5,78,-1.0,STOP,1,1,2.6473549124350253,0.0,False
RELIANCE,2022-07-15,TRAIN,BEAR,SUPPLY,SINGLE (1-TF),1,False,False,False,False,True,8.5,78,-1.0,STOP,1,3,5.761335770244581,0.8688384566637005,False
RELIANCE,2022-07-22,TRAIN,BEAR,DEMAND,DUAL (2-TF),2,False,False,False,True,True,10.0,85,2.0,T1,2,5,0.835855179202961,6.832683122470562,True
RELIANCE,2022-07-29,TRAIN,SIDEWAYS,SUPPLY,SINGLE (1-TF),1,False,False,False,False,True,8.5,78,-1.0,STOP,1,1,3.510584744190976,1.4395605366116413,False
RELIANCE,2022-08-05,TRAIN,SIDEWAYS,DEMAND,SINGLE (1-TF),1,False,False,False,False,True,8.5,78,-1.0,STOP,28,6,5.042364306641909,2.0676245193872793,False
RELIANCE,2022-08-16,TRAIN,SIDEWAYS,DEMAND,SINGLE (1-TF),1,False,False,False,False,True,8.5,78,-1.0,STOP,12,11,2.984434997257263,2.4170323642347817,False
RELIANCE,2022-08-23,TRAIN,SIDEWAYS,SUPPLY,SINGLE (1-TF),1,False,False,False,False,True,8.5,78,2.0,T1,2,2,0.3764406092546438,1.9922395320553783,True
RELIANCE,2022-08-30,TRAIN,SIDEWAYS,DEMAND,DUAL (2-TF),2,False,False,False,True,True,10.0,85,-1.0,STOP,1,1,2.5329016524408288,1.079762855821378,False
RELIANCE,2022-09-07,TRAIN,SIDEWAYS,DEMAND,DUAL (2-TF),2,False,False,False,True,True,10.0,85,-1.0,STOP,7,1,2.710089992522109,1.6855332937950627,False
RELIANCE,2022-09-14,TRAIN,SIDEWAYS,DEMAND,SINGLE (1-TF),1,False,False,False,False,True,8.5,78,-1.0,STOP,1,2,4.559137246304707,0.0,False
RELIANCE,2022-09-21,TRAIN,SIDEWAYS,SUPPLY,DUAL (2-TF),2,False,False,False,True,True,10.0,85,-1.0,STOP,28,7,2.8605042594119214,2.134858477603748,False
RELIANCE,2022-09-28,TRAIN,BEAR,DEMAND,DUAL (2-TF),2,False,False,False,True,True,10.0,85,-1.0,STOP,1,1,7.5270330907907095,0.0,False
RELIANCE,2022-10-06,TRAIN,BEAR,DEMAND,SINGLE (1-TF),1,False,False,False,False,True,8.5,78,2.0,T1,4,6,0.7161707246565866,7.112284006453017,True
RELIANCE,2022-10-13,TRAIN,BEAR,SUPPLY,SINGLE (1-TF),1,False,False,False,False,True,8.5,78,-1.0,STOP,2,2,2.41210812393625,2.5530279460478273,False
RELIANCE,2022-10-28,TRAIN,SIDEWAYS,SUPPLY,SINGLE (1-TF),1,False,False,False,False,True,8.5,78,-1.0,STOP,1,1,4.1035596389368605,0.022365160447661053,False
RELIANCE,2022-11-04,TRAIN,SIDEWAYS,SUPPLY,SINGLE (1-TF),1,False,False,False,False,True,8.5,78,-1.0,STOP,1,1,2.7273042213022474,0.0,False
RELIANCE,2022-11-14,TRAIN,SIDEWAYS,SUPPLY,DUAL (2-TF),2,False,False,False,True,True,10.0,85,2.0,T1,1,6,1.4586942742446642,2.592858652017753,True
RELIANCE,2022-11-21,TRAIN,SIDEWAYS,SUPPLY,SINGLE (1-TF),1,False,False,False,False,True,8.5,78,-1.0,STOP,5,1,4.768938594640219,0.9664486178518714,False
RELIANCE,2022-11-29,TRAIN,BULL,SUPPLY,SINGLE (1-TF),1,False,False,False,False,True,8.5,78,-1.0,STOP,1,1,7.875894988066818,0.0,False
RELIANCE,2022-12-06,TRAIN,BULL,DEMAND,DUAL (2-TF),2,False,False,False,True,True,10.0,85,-1.0,STOP,4,10,4.511075322310008,1.9157314265959533,False
RELIANCE,2022-12-20,TRAIN,SIDEWAYS,SUPPLY,SINGLE (1-TF),1,False,False,False,False,True,8.5,78,2.0,T1,1,3,0.6689272762459335,4.711940562235479,True
RELIANCE,2022-12-27,TRAIN,SIDEWAYS,SUPPLY,DUAL (2-TF),2,False,False,False,True,True,10.0,85,2.0,T1,5,9,1.0944729967387918,5.555176123072715,True
RELIANCE,2023-01-03,TRAIN,SIDEWAYS,DEMAND,SINGLE (1-TF),1,False,False,False,False,True,8.5,78,-1.0,STOP,2,6,3.122324185471258,2.419152561430217,False
RELIANCE,2023-01-10,TRAIN,SIDEWAYS,SUPPLY,DUAL (2-TF),2,False,False,False,True,True,10.0,85,2.0,T1,1,2,1.9149503834204022,3.5992460689726538,True
RELIANCE,2023-02-01,TRAIN,BEAR,SUPPLY,SINGLE (1-TF),1,False,False,False,False,True,8.5,78,-1.0,STOP,11,1,3.41024551550868,0.4008793482477618,False
RELIANCE,2023-02-08,TRAIN,BEAR,SUPPLY,SINGLE (1-TF),1,False,False,False,False,True,8.5,78,-1.0,STOP,1,5,3.5406421212064663,1.9905009442958885,False
RELIANCE,2023-02-15,TRAIN,BEAR,SUPPLY,DUAL (2-TF),2,False,False,False,True,True,10.0,85,-1.0,STOP,1,1,4.688610435758357,0.0,False
RELIANCE,2023-02-22,TRAIN,BEAR,SUPPLY,DUAL (2-TF),2,False,False,False,True,True,10.0,85,2.0,T1,1,12,0.4128623913280676,5.991961005419964,True
RELIANCE,2023-03-01,TRAIN,BEAR,SUPPLY,DUAL (2-TF),2,False,False,False,True,True,10.0,85,2.0,T1,3,7,2.0460523878329737,6.253936497350978,True
RELIANCE,2023-03-09,TRAIN,BEAR,DEMAND,SINGLE (1-TF),1,False,False,False,False,True,8.5,78,-1.0,STOP,2,1,2.6527422028024774,0.29945758625883645,False
RELIANCE,2023-03-23,TRAIN,BEAR,DEMAND,SINGLE (1-TF),1,False,False,False,False,True,8.5,78,2.0,T1,2,4,0.7680155788929863,5.798368587864747,True
RELIANCE,2023-03-31,TRAIN,BEAR,SUPPLY,SINGLE (1-TF),1,False,False,False,False,True,8.5,78,-1.0,STOP,1,1,4.50268751407397,0.0,False
RELIANCE,2023-04-11,TRAIN,BEAR,DEMAND,SINGLE (1-TF),1,False,False,False,False,True,8.5,78,2.0,T1,1,15,1.019757807520724,4.465189517489584,True
RELIANCE,2023-04-19,TRAIN,BEAR,SUPPLY,DUAL (2-TF),2,False,False,False,True,True,10.0,85,-1.0,STOP,1,3,1.1859445000420725,0.8875878001103646,False
RELIANCE,2023-04-26,TRAIN,BEAR,SUPPLY,DUAL (2-TF),2,False,False,False,True,True,10.0,85,-1.0,STOP,1,1,1.5786317899904354,0.0,False
RELIANCE,2023-05-11,TRAIN,SIDEWAYS,DEMAND,DUAL (2-TF),2,False,False,False,True,True,10.0,85,2.0,T1,5,8,1.0527074771072233,3.614175499315011,True
RELIANCE,2023-05-18,TRAIN,SIDEWAYS,SUPPLY,SINGLE (1-TF),1,False,False,False,False,True,8.5,78,-1.0,STOP,7,1,1.6373441782335765,1.5462823799840872,False
RELIANCE,2023-05-25,TRAIN,SIDEWAYS,DEMAND,SINGLE (1-TF),1,False,False,False,False,True,8.5,78,2.0,T1,1,2,1.0607330503510226,3.6057713971575596,True
RELIANCE,2023-06-08,TRAIN,SIDEWAYS,SUPPLY,TRIPLE (3-TF),3,False,False,True,True,True,11.5,92,-1.0,STOP,1,4,3.445572079015608,0.1978063101995017,False
RELIANCE,2023-06-22,TRAIN,SIDEWAYS,SUPPLY,DUAL (2-TF),2,False,False,True,False,True,10.0,85,2.0,T1,1,2,0.5123179809857855,2.7928206715147774,True
RELIANCE,2023-06-30,TRAIN,BULL,SUPPLY,TRIPLE (3-TF),3,False,False,True,True,True,11.5,92,-1.0,STOP,1,1,3.4119709752456497,0.0807207582543343,False
RELIANCE,2023-07-07,TRAIN,BULL,SUPPLY,DUAL (2-TF),2,False,False,True,False,True,10.0,85,-1.0,STOP,1,1,6.459976877040262,0.0,False
RELIANCE,2023-07-14,TRAIN,BULL,SUPPLY,TRIPLE (3-TF),3,False,False,True,True,True,11.5,92,-1.0,STOP,1,1,5.6267082848201175,0.0,False
RELIANCE,2023-07-21,TRAIN,BULL,DEMAND,SINGLE (1-TF),1,False,False,False,False,True,8.5,78,-1.0,STOP,1,1,2.716891140294002,3.019390360038094,False
RELIANCE,2023-07-28,TRAIN,BULL,DEMAND,SINGLE (1-TF),1,False,False,False,False,True,8.5,78,2.0,T1,4,8,1.4407884020198773,3.540478905359181,True
RELIANCE,2023-08-04,TRAIN,BULL,SUPPLY,DUAL (2-TF),2,False,False,True,False,True,10.0,85,-1.0,STOP,2,5,2.15352720435205,1.849783441947173,False
RELIANCE,2023-08-11,TRAIN,BULL,SUPPLY,DUAL (2-TF),2,False,False,True,False,True,10.0,85,-1.0,STOP,1,1,2.430908065425838,0.3432438965433882,False
RELIANCE,2023-08-21,TRAIN,BULL,SUPPLY,DUAL (2-TF),2,False,False,True,False,True,10.0,85,2.0,T1,1,4,0.5279208835309475,3.9112328505338843,True
RELIANCE,2023-09-04,TRAIN,BULL,SUPPLY,DUAL (2-TF),2,False,False,True,False,True,10.0,85,-1.0,STOP,1,5,2.4317356146724634,0.5273643501699248,False
RELIANCE,2023-09-11,TRAIN,BULL,SUPPLY,TRIPLE (3-TF),3,False,False,True,True,True,11.5,92,-1.0,STOP,1,1,2.686209840786204,0.0,False
RELIANCE,2023-10-04,TRAIN,SIDEWAYS,SUPPLY,DUAL (2-TF),2,False,False,True,False,True,10.0,85,2.0,T1,6,8,1.002772523514638,3.765795178745706,True
RELIANCE,2023-10-11,TRAIN,SIDEWAYS,SUPPLY,DUAL (2-TF),2,False,False,True,False,True,10.0,85,-1.0,STOP,1,1,1.8257739883988977,0.17471521420085262,False
RELIANCE,2023-10-18,TRAIN,SIDEWAYS,DEMAND,DUAL (2-TF),2,False,False,False,True,True,10.0,85,-1.0,STOP,2,2,2.302599850936033,0.5804726204568276,False
RELIANCE,2023-10-26,TRAIN,BEAR,SUPPLY,DUAL (2-TF),2,False,False,False,True,True,10.0,85,-1.0,STOP,3,4,1.5591847515076849,1.26777303341109,False
RELIANCE,2023-11-02,TRAIN,SIDEWAYS,SUPPLY,TRIPLE (3-TF),3,False,False,True,True,True,11.5,92,-1.0,STOP,1,2,2.9026658952334237,0.0,False
RELIANCE,2023-11-09,TRAIN,SIDEWAYS,SUPPLY,DUAL (2-TF),2,False,False,True,False,True,10.0,85,-1.0,STOP,1,3,1.2714254719028069,1.4684313300065153,False
RELIANCE,2023-11-17,TRAIN,SIDEWAYS,SUPPLY,DUAL (2-TF),2,False,False,True,False,True,10.0,85,-1.0,STOP,1,1,2.936683522966713,0.0,False
RELIANCE,2023-11-24,TRAIN,BULL,DEMAND,DUAL (2-TF),2,False,False,False,True,True,10.0,85,2.0,T1,2,13,0.37863317677490005,5.090701790211688,True
RELIANCE,2023-12-04,TRAIN,BULL,SUPPLY,SINGLE (1-TF),1,False,False,False,False,True,8.5,78,-1.0,STOP,1,1,2.0530331773534116,0.087686016609752,False
RELIANCE,2023-12-18,TRAIN,BULL,SUPPLY,TRIPLE (3-TF),3,False,False,True,True,True,11.5,92,-1.0,STOP,1,1,4.800679100356858,0.0,False
RELIANCE,2023-12-26,TRAIN,BULL,DEMAND,SINGLE (1-TF),1,False,False,False,False,True,8.5,78,2.0,T1,1,12,0.325143086576244,5.987986238495992,True
RELIANCE,2024-01-02,TRAIN,BULL,SUPPLY,TRIPLE (3-TF),3,False,False,True,True,True,11.5,92,-1.0,STOP,1,1,1.706956786794526,0.6487061048715448,False
RELIANCE,2024-01-09,TRAIN,BULL,DEMAND,SINGLE (1-TF),1,False,False,False,False,True,8.5,78,2.0,T1,1,1,0.5868608803694638,2.654549148621934,True
RELIANCE,2024-01-24,TRAIN,BULL,SUPPLY,DUAL (2-TF),2,False,False,True,False,True,10.0,85,-1.0,STOP,2,1,8.034149629296786,1.1989815022841304,False
RELIANCE,2024-02-09,TRAIN,BULL,SUPPLY,SINGLE (1-TF),1,False,False,False,False,True,8.5,78,-1.0,STOP,1,3,3.100824260837758,0.0,False
RELIANCE,2024-02-16,TRAIN,BULL,DEMAND,SINGLE (1-TF),1,False,False,False,False,True,8.5,78,-1.0,STOP,1,17,2.5475947058661066,3.2321571661462767,False
RELIANCE,2024-02-23,TRAIN,BULL,SUPPLY,SINGLE (1-TF),1,False,False,False,False,True,8.5,78,-1.0,STOP,1,1,1.8326589038456322,0.0,False
RELIANCE,2024-03-01,TRAIN,BULL,SUPPLY,SINGLE (1-TF),1,False,False,False,False,True,8.5,78,-1.0,STOP,1,1,1.9845088204183408,1.3839697000716533,False
RELIANCE,2024-03-11,TRAIN,BULL,DEMAND,DUAL (2-TF),2,False,False,False,True,True,10.0,85,-1.0,STOP,1,2,4.313087123139005,0.0,False
RELIANCE,2024-03-18,TRAIN,BULL,SUPPLY,SINGLE (1-TF),1,False,False,False,False,True,8.5,78,-1.0,STOP,7,1,2.6836976923926317,1.3359832174008985,False
RELIANCE,2024-03-26,TRAIN,BULL,DEMAND,SINGLE (1-TF),1,False,False,False,False,True,8.5,78,-1.0,STOP,25,2,2.5727299129436885,3.2336211598535196,False
RELIANCE,2024-04-03,TRAIN,BULL,SUPPLY,SINGLE (1-TF),1,False,False,False,False,True,8.5,78,2.0,T1,4,16,0.514252630861966,4.690937574498526,True
RELIANCE,2024-04-10,TRAIN,BULL,DEMAND,SINGLE (1-TF),1,False,False,False,False,True,8.5,78,-1.0,STOP,3,7,1.3266642188614997,2.2328139829715905,False
RELIANCE,2024-04-19,TRAIN,BULL,DEMAND,SINGLE (1-TF),1,False,False,False,False,True,8.5,78,-1.0,STOP,1,9,3.322578193551056,1.9573433192618443,False
RELIANCE,2024-04-26,TRAIN,BULL,SUPPLY,DUAL (2-TF),2,False,False,False,True,True,10.0,85,-1.0,STOP,1,24,3.780323730529702,5.161795913838305,False
RELIANCE,2024-05-06,TRAIN,BULL,DEMAND,SINGLE (1-TF),1,False,False,False,False,True,8.5,78,-1.0,STOP,1,1,4.915278843561393,0.0,False
RELIANCE,2024-05-13,TRAIN,BULL,SUPPLY,DUAL (2-TF),2,False,False,False,True,True,10.0,85,-1.0,STOP,1,5,3.171235108809805,0.9660716225513212,False
RELIANCE,2024-05-21,TRAIN,BULL,DEMAND,SINGLE (1-TF),1,False,False,False,False,True,8.5,78,2.0,T1,11,2,1.3261278941406582,4.940151083341152,True
RELIANCE,2024-05-28,TRAIN,BULL,DEMAND,DUAL (2-TF),2,False,False,False,True,True,10.0,85,-1.0,STOP,1,5,5.240949246492298,3.6861250649575643,False
RELIANCE,2024-06-05,TRAIN,BULL,SUPPLY,DUAL (2-TF),2,False,False,False,True,True,10.0,85,2.0,T1,4,8,0.8854034910194821,2.680140297140032,True
RELIANCE,2024-06-20,TRAIN,BULL,SUPPLY,DUAL (2-TF),2,False,False,False,True,True,10.0,85,-1.0,STOP,1,4,5.489087790685559,1.372098352232105,False
RELIANCE,2024-06-28,TRAIN,BULL,DEMAND,SINGLE (1-TF),1,False,False,False,False,True,8.5,78,-1.0,STOP,17,9,3.7444095537158573,2.5855389258186836,False
RELIANCE,2024-07-05,TRAIN,BULL,DEMAND,SINGLE (1-TF),1,False,False,False,False,True,8.5,78,-1.0,STOP,11,10,6.357162222031189,0.4542719415992831,False
RELIANCE,2024-07-12,TRAIN,BULL,DEMAND,SINGLE (1-TF),1,False,False,False,False,True,8.5,78,-1.0,STOP,5,1,3.7076278072085516,2.1177158828691165,False
RELIANCE,2024-08-05,TRAIN,BULL,DEMAND,DUAL (2-TF),2,False,False,False,True,True,10.0,85,-1.0,STOP,1,1,5.0213273956433015,0.0,False
RELIANCE,2024-08-12,TRAIN,BULL,SUPPLY,SINGLE (1-TF),1,False,False,False,False,True,8.5,78,-1.0,STOP,5,5,1.9237778947794744,0.9207133503435867,False
RELIANCE,2024-08-20,TRAIN,BULL,SUPPLY,SINGLE (1-TF),1,False,False,False,False,True,8.5,78,-1.0,STOP,1,1,3.629557742964102,0.0,False
RELIANCE,2024-08-27,TRAIN,BULL,SUPPLY,SINGLE (1-TF),1,False,False,False,False,True,8.5,78,-1.0,STOP,1,2,2.860691480026452,0.08370121366759879,False
RELIANCE,2024-09-03,TRAIN,BULL,SUPPLY,SINGLE (1-TF),1,False,False,False,False,True,8.5,78,2.0,T1,1,21,2.0211645182287223,6.721110164202846,True
RELIANCE,2024-09-10,TRAIN,BULL,SUPPLY,DUAL (2-TF),2,False,False,False,True,True,10.0,85,-1.0,STOP,9,5,2.713165201764628,1.4464359305224384,False
RELIANCE,2024-09-17,TRAIN,BULL,DEMAND,SINGLE (1-TF),1,False,False,False,False,True,8.5,78,2.0,T1,2,7,0.5122300967928787,4.814135620329256,True
RELIANCE,2024-09-24,TRAIN,BULL,DEMAND,SINGLE (1-TF),1,False,False,False,False,True,8.5,78,-1.0,STOP,6,1,4.599578612165342,1.2435745218208978,False
RELIANCE,2024-10-01,TRAIN,SIDEWAYS,DEMAND,DUAL (2-TF),2,False,False,False,True,True,10.0,85,-1.0,STOP,1,1,6.400156216332685,0.0,False
RELIANCE,2024-10-09,TRAIN,BEAR,SUPPLY,DUAL (2-TF),2,False,False,False,True,True,10.0,85,2.0,T1,1,27,1.0424471683701253,10.286254683010226,True
RELIANCE,2024-10-16,TRAIN,BEAR,SUPPLY,DUAL (2-TF),2,False,False,False,True,True,10.0,85,2.0,T1,4,3,0.43805723457044954,3.4212638135275037,True
RELIANCE,2024-10-23,TRAIN,BEAR,SUPPLY,DUAL (2-TF),2,False,False,False,True,True,10.0,85,2.0,T1,1,15,1.3036965668821883,6.754081578887945,True
RELIANCE,2024-10-30,TRAIN,BEAR,SUPPLY,DUAL (2-TF),2,False,False,False,True,True,10.0,85,2.0,T1,1,7,1.102852308436075,4.514140681653371,True
RELIANCE,2024-11-13,TRAIN,BEAR,SUPPLY,SINGLE (1-TF),1,False,False,False,False,True,8.5,78,2.0,T1,12,9,1.860993302278146,5.058440906316872,True
RELIANCE,2024-11-22,TRAIN,BEAR,DEMAND,TRIPLE (3-TF),3,False,False,True,True,True,11.5,92,2.0,T1,1,6,1.6992043343904393,5.449620010868405,True
RELIANCE,2024-11-29,TRAIN,BEAR,DEMAND,TRIPLE (3-TF),3,False,False,True,True,True,11.5,92,-1.0,STOP,11,5,3.233903592143096,3.1689168331952358,False
RELIANCE,2024-12-06,TRAIN,BEAR,SUPPLY,DUAL (2-TF),2,False,False,False,True,True,10.0,85,2.0,T1,1,2,0.5238489109456789,2.7938608583769886,True
RELIANCE,2024-12-13,TRAIN,BEAR,DEMAND,TRIPLE (3-TF),3,False,False,True,True,True,11.5,92,-1.0,STOP,1,2,4.070593377772927,0.0,False
RELIANCE,2024-12-20,TRAIN,BEAR,DEMAND,TRIPLE (3-TF),3,False,False,True,True,True,11.5,92,-1.0,STOP,1,1,4.722255548890219,0.0,False
RELIANCE,2024-12-30,TRAIN,BEAR,SUPPLY,SINGLE (1-TF),1,False,False,False,False,True,8.5,78,-1.0,STOP,1,3,1.8121353655215697,1.3211424044626714,False
RELIANCE,2025-01-07,TRAIN,BEAR,DEMAND,SINGLE (1-TF),1,False,False,False,False,True,8.5,78,2.0,T1,1,1,0.0,4.078329024851552,True
RELIANCE,2025-01-14,TRAIN,BEAR,SUPPLY,SINGLE (1-TF),1,False,False,False,False,True,8.5,78,-1.0,STOP,2,2,5.678410945249644,1.0281267835467531,False
RELIANCE,2025-01-28,TRAIN,BEAR,SUPPLY,DUAL (2-TF),2,False,False,False,True,True,10.0,85,-1.0,STOP,4,4,2.124789476624931,2.0657232026691474,False
RELIANCE,2025-02-03,TRAIN,BEAR,DEMAND,DUAL (2-TF),2,False,False,False,True,True,10.0,85,-1.0,STOP,1,7,4.7644729216304835,2.9887629596239385,False
RELIANCE,2025-02-10,TRAIN,BEAR,DEMAND,DUAL (2-TF),2,False,False,False,True,True,10.0,85,-1.0,STOP,1,1,1.6705770424658772,1.2392263099759022,False
RELIANCE,2025-02-17,TRAIN,BEAR,SUPPLY,SINGLE (1-TF),1,False,False,False,False,True,8.5,78,-1.0,STOP,14,10,4.175650886621815,3.32282045505746,False
RELIANCE,2025-02-24,TRAIN,BEAR,DEMAND,DUAL (2-TF),2,False,False,True,False,True,10.0,85,-1.0,STOP,1,1,2.114319522737359,0.0,False
RELIANCE,2025-03-04,TRAIN,BEAR,SUPPLY,DUAL (2-TF),2,False,False,False,True,True,10.0,85,-1.0,STOP,3,1,5.89276746422887,0.0,False
RELIANCE,2025-03-11,TRAIN,BEAR,DEMAND,SINGLE (1-TF),1,False,False,False,False,True,8.5,78,-1.0,STOP,17,1,7.833294419799211,2.9643774390447244,False
RELIANCE,2025-03-19,TRAIN,BEAR,SUPPLY,TRIPLE (3-TF),3,False,False,True,True,True,11.5,92,-1.0,STOP,2,1,1.9048536055011283,0.5568527389291461,False
RELIANCE,2025-03-26,TRAIN,BEAR,DEMAND,DUAL (2-TF),2,False,False,False,True,True,10.0,85,-1.0,STOP,1,5,3.392549509253849,1.5204438052188212,False
RELIANCE,2025-04-03,TRAIN,BEAR,SUPPLY,DUAL (2-TF),2,False,False,True,False,True,10.0,85,-1.0,STOP,10,4,3.092338595775388,1.4351401399830483,False
RELIANCE,2025-04-11,TRAIN,BEAR,DEMAND,DUAL (2-TF),2,False,False,False,True,True,10.0,85,2.0,T1,1,9,3.7018375092444313,10.756865262867025,True
RELIANCE,2025-04-22,TRAIN,BEAR,SUPPLY,DUAL (2-TF),2,False,False,True,False,True,10.0,85,-1.0,STOP,1,3,3.092338595775388,0.003923291798747256,False
RELIANCE,2025-05-07,TRAIN,BULL,SUPPLY,TRIPLE (3-TF),3,False,False,True,True,True,11.5,92,-1.0,STOP,1,1,3.6226088360250452,0.0,False
RELIANCE,2025-05-21,TRAIN,BULL,SUPPLY,DUAL (2-TF),2,False,False,True,False,True,10.0,85,2.0,T1,12,6,1.0598572975374096,2.6770593297981575,True
RELIANCE,2025-05-28,TRAIN,BULL,DEMAND,DUAL (2-TF),2,False,False,False,True,True,10.0,85,2.0,T1,1,21,1.8012391503374576,5.460494098777177,True
RELIANCE,2025-06-04,TRAIN,BULL,DEMAND,DUAL (2-TF),2,False,False,False,True,True,10.0,85,2.0,T1,1,1,0.9858374646646951,2.436183360086364,True
RELIANCE,2025-06-11,TRAIN,BULL,SUPPLY,DUAL (2-TF),2,False,False,True,False,True,10.0,85,-1.0,STOP,1,7,2.0823708930046334,1.8527851273221079,False
RELIANCE,2025-06-18,TRAIN,BULL,DEMAND,SINGLE (1-TF),1,False,False,False,False,True,8.5,78,2.0,T1,1,2,0.15399068992067808,3.0190651776190784,True
RELIANCE,2025-06-25,TRAIN,BULL,DEMAND,DUAL (2-TF),2,False,False,False,True,True,10.0,85,-1.0,STOP,19,1,1.57702511558518,2.9788252183275463,False
RELIANCE,2025-07-02,TRAIN,BULL,DEMAND,SINGLE (1-TF),1,False,False,False,False,True,8.5,78,-1.0,STOP,8,6,4.828330522765594,1.3173693086003353,False
RELIANCE,2025-07-09,TRAIN,BULL,DEMAND,SINGLE (1-TF),1,False,False,False,False,True,8.5,78,-1.0,STOP,1,2,2.422369272628816,1.5519541414061364,False
RELIANCE,2025-07-23,TRAIN,BULL,DEMAND,TRIPLE (3-TF),3,False,False,True,True,True,11.5,92,-1.0,STOP,1,1,2.602337740934394,0.0,False
RELIANCE,2025-07-30,TRAIN,BULL,SUPPLY,SINGLE (1-TF),1,False,False,False,False,True,8.5,78,2.0,T1,14,5,0.9140470121778429,2.630982724440674,True
RELIANCE,2025-08-06,TRAIN,BULL,DEMAND,DUAL (2-TF),2,False,False,False,True,True,10.0,85,-1.0,STOP,1,1,1.9880298457775194,0.1577686590387737,False
RELIANCE,2025-08-13,TRAIN,BULL,DEMAND,SINGLE (1-TF),1,False,False,False,False,True,8.5,78,-1.0,STOP,1,10,2.137436823630521,3.79932126367303,False
RELIANCE,2025-08-21,TRAIN,BULL,DEMAND,SINGLE (1-TF),1,False,False,False,False,True,8.5,78,-1.0,STOP,4,2,2.877276669557672,1.4389997108991097,False
RELIANCE,2025-08-29,TRAIN,SIDEWAYS,SUPPLY,TRIPLE (3-TF),3,False,False,True,True,True,11.5,92,2.0,T1,14,6,0.6656710049071992,3.0865514543773465,True
RELIANCE,2025-09-05,VALIDATION,BULL,DEMAND,SINGLE (1-TF),1,False,False,False,False,True,8.5,78,-1.0,STOP,1,17,2.208730847065622,2.302688638334788,False
RELIANCE,2025-09-12,VALIDATION,BULL,DEMAND,SINGLE (1-TF),1,False,False,False,False,True,8.5,78,2.0,T1,10,15,1.08605701982438,3.7539637785703297,True
RELIANCE,2025-09-19,VALIDATION,BULL,DEMAND,DUAL (2-TF),2,False,False,False,True,True,10.0,85,-1.0,STOP,1,2,2.028123503213392,0.8328388724862986,False
RELIANCE,2025-09-26,VALIDATION,BULL,SUPPLY,DUAL (2-TF),2,False,False,True,False,True,10.0,85,-1.0,STOP,15,1,4.718327955914678,0.5896125403306393,False
RELIANCE,2025-10-06,VALIDATION,SIDEWAYS,SUPPLY,ATZ (4-TF),4,True,True,True,True,True,13.0,100,-1.0,STOP,1,8,2.017592646800534,1.0047713834084668,False
RELIANCE,2025-10-13,VALIDATION,SIDEWAYS,SUPPLY,ATZ (4-TF),4,True,True,True,True,True,13.0,100,-1.0,STOP,1,4,3.437324318996541,0.5957639431395944,False
RELIANCE,2025-10-28,VALIDATION,BULL,SUPPLY,ATZ (4-TF),4,True,True,True,True,True,13.0,100,-1.0,STOP,1,1,2.9414587990071626,0.0,False
RELIANCE,2025-11-04,VALIDATION,BULL,SUPPLY,ATZ (4-TF),4,True,True,True,True,True,13.0,100,-1.0,STOP,1,5,2.3288428604177596,1.335679706568508,False
RELIANCE,2025-11-12,VALIDATION,BULL,SUPPLY,ATZ (4-TF),4,True,True,True,True,True,13.0,100,-1.0,STOP,1,1,2.7424060873156098,0.0,False
RELIANCE,2025-11-19,VALIDATION,BULL,DEMAND,DUAL (2-TF),2,False,False,False,True,True,10.0,85,2.0,T1,1,5,0.198271917667421,3.735999946950652,True
RELIANCE,2025-11-26,VALIDATION,BULL,SUPPLY,TRIPLE (3-TF),3,False,True,True,False,True,11.5,92,-1.0,STOP,1,1,2.238723262772908,0.03259643655755553,False
RELIANCE,2025-12-03,VALIDATION,BULL,SUPPLY,TRIPLE (3-TF),3,False,True,True,False,True,11.5,92,-1.0,STOP,13,8,1.594575367399657,1.895160515032458,False
RELIANCE,2025-12-10,VALIDATION,BULL,SUPPLY,TRIPLE (3-TF),3,False,True,False,True,True,11.5,92,-1.0,STOP,8,8,1.6858149067605779,1.8070550199180233,False
RELIANCE,2025-12-17,VALIDATION,BULL,SUPPLY,ATZ (4-TF),4,True,True,True,True,True,13.0,100,-1.0,STOP,3,8,1.6858149067605779,1.8070550199180233,False
RELIANCE,2025-12-24,VALIDATION,BULL,DEMAND,SINGLE (1-TF),1,False,False,False,False,True,8.5,78,2.0,T1,3,3,0.7874934375546783,2.7416438196348483,True
RELIANCE,2026-01-01,VALIDATION,BULL,SUPPLY,TRIPLE (3-TF),3,False,True,False,True,True,11.5,92,-1.0,STOP,1,1,2.566654173720875,0.0,False
RELIANCE,2026-01-09,VALIDATION,BULL,SUPPLY,SINGLE (1-TF),1,False,False,False,False,True,8.5,78,2.0,T1,2,5,0.12117765727708818,5.438101234116598,True
RELIANCE,2026-01-16,VALIDATION,SIDEWAYS,DEMAND,ATZ (4-TF),4,True,True,True,True,True,13.0,100,-1.0,STOP,1,1,5.50207350981282,0.0,False
RELIANCE,2026-02-02,VALIDATION,BEAR,SUPPLY,SINGLE (1-TF),1,False,False,False,False,True,8.5,78,-1.0,STOP,1,1,7.544446298136555,3.5745631532753674,False
RELIANCE,2026-02-09,VALIDATION,SIDEWAYS,SUPPLY,DUAL (2-TF),2,False,False,False,True,True,10.0,85,2.0,T1,1,16,2.0085574146867584,9.48759870595192,True
RELIANCE,2026-02-23,VALIDATION,SIDEWAYS,SUPPLY,DUAL (2-TF),2,False,False,False,True,True,10.0,85,3.5,T2,1,5,0.9461923502037993,5.991143526960156,True
RELIANCE,2026-03-02,TEST_OOS,BEAR,SUPPLY,DUAL (2-TF),2,False,False,False,True,True,10.0,85,2.0,T1,5,2,0.6104007781552703,3.880203560906153,True
RELIANCE,2026-03-10,TEST_OOS,SIDEWAYS,SUPPLY,DUAL (2-TF),2,False,False,False,True,True,10.0,85,2.0,T1,1,1,0.6104007781552703,2.9258356006033517,True
RELIANCE,2026-03-17,TEST_OOS,BEAR,SUPPLY,DUAL (2-TF),2,False,False,False,True,True,10.0,85,2.0,T1,2,6,1.5403046380284198,4.528923498202977,True
RELIANCE,2026-03-24,TEST_OOS,SIDEWAYS,DEMAND,ATZ (4-TF),4,True,True,True,True,True,13.0,100,-1.0,STOP,3,1,4.63893835813178,0.40788188659735053,False
RELIANCE,2026-04-02,TEST_OOS,BEAR,SUPPLY,TRIPLE (3-TF),3,False,True,False,True,True,11.5,92,-1.0,STOP,18,3,3.8425991753163786,1.5427271434665022,False
RELIANCE,2026-04-20,TEST_OOS,BEAR,DEMAND,DUAL (2-TF),2,False,False,True,False,True,10.0,85,3.5,T2,6,1,0.771792688119705,5.601009793783083,True
RELIANCE,2026-04-27,TEST_OOS,BEAR,DEMAND,TRIPLE (3-TF),3,False,False,True,True,True,11.5,92,2.0,T1,1,2,3.0324421525063494,6.050023034968574,True
RELIANCE,2026-05-04,TEST_OOS,SIDEWAYS,DEMAND,DUAL (2-TF),2,False,False,True,False,True,10.0,85,-1.0,STOP,6,16,6.37897736725232,2.815169510527958,False
RELIANCE,2026-05-18,TEST_OOS,BEAR,DEMAND,TRIPLE (3-TF),3,False,False,True,True,True,11.5,92,-1.0,STOP,1,11,6.37897736725232,0.0,False
RELIANCE,2026-06-15,TEST_OOS,BEAR,SUPPLY,DUAL (2-TF),2,False,False,False,True,True,10.0,85,-1.0,STOP,1,1,3.2842757552285122,0.0,False
RELIANCE,2026-06-22,TEST_OOS,BEAR,DEMAND,TRIPLE (3-TF),3,False,True,True,False,True,11.5,92,-1.0,STOP,1,24,4.979852505131909,2.3264654451456046,False
RELIANCE,2026-07-06,TEST_OOS,BEAR,DEMAND,TRIPLE (3-TF),3,False,True,True,False,True,11.5,92,-1.0,STOP,1,2,2.70104828219452,1.6145076134363692,False
RELIANCE,2026-07-13,TEST_OOS,BEAR,SUPPLY,DUAL (2-TF),2,False,False,False,True,True,10.0,85,-1.0,STOP,3,3,2.8660959951085294,1.268725160501386,False
RELIANCE,2026-07-20,TEST_OOS,BEAR,SUPPLY,TRIPLE (3-TF),3,False,True,False,True,True,11.5,92,2.0,T1,1,4,2.8660959951085294,4.478752675022939,True
RELIANCE,2026-07-27,TEST_OOS,BEAR,SUPPLY,SINGLE (1-TF),1,False,False,False,False,True,8.5,78,-1.0,STOP,1,9,3.7560142790625557,1.761601738320644,False
RELIANCE,2026-08-03,TEST_OOS,BEAR,DEMAND,ATZ (4-TF),4,True,True,True,True,True,13.0,100,2.0,T1,3,1,0.4545810800219595,3.8639391801865313,True
RELIANCE,2026-08-17,TEST_OOS,BEAR,SUPPLY,SINGLE (1-TF),1,False,False,False,False,True,8.5,78,2.0,T1,2,5,0.35501170783290414,1.8052723015333554,True
RELIANCE,2026-08-24,TEST_OOS,BEAR,SUPPLY,TRIPLE (3-TF),3,False,True,False,True,True,11.5,92,2.0,T1,1,5,0.45662100456621,3.272450532724505,True
TCS,2022-06-16,TRAIN,BEAR,DEMAND,SINGLE (1-TF),1,False,False,False,False,True,8.5,78,-1.0,STOP,1,1,7.280641082070524,0.0,False
TCS,2022-06-23,TRAIN,BEAR,SUPPLY,SINGLE (1-TF),1,False,False,False,False,True,8.5,78,-1.0,STOP,1,1,4.325626512317065,0.0,False
TCS,2022-06-30,TRAIN,BEAR,SUPPLY,SINGLE (1-TF),1,False,False,False,False,True,8.5,78,2.0,T1,1,7,1.211521563146496,5.681558718319508,True
TCS,2022-07-07,TRAIN,BEAR,SUPPLY,SINGLE (1-TF),1,False,False,False,False,True,8.5,78,2.0,T1,1,5,2.6073911297990566,8.043681901099438,True
TCS,2022-07-14,TRAIN,BEAR,SUPPLY,SINGLE (1-TF),1,False,False,False,False,True,8.5,78,-1.0,STOP,5,7,6.816942839685501,0.29306414848584317,False
TCS,2022-07-28,TRAIN,SIDEWAYS,SUPPLY,SINGLE (1-TF),1,False,False,False,False,True,8.5,78,-1.0,STOP,1,1,4.812114293099564,0.0,False
TCS,2022-08-04,TRAIN,SIDEWAYS,SUPPLY,DUAL (2-TF),2,False,False,False,True,True,10.0,85,-1.0,STOP,1,1,2.9756724273695503,0.0,False
TCS,2022-08-12,TRAIN,SIDEWAYS,SUPPLY,DUAL (2-TF),2,False,False,False,True,True,10.0,85,-1.0,STOP,1,1,1.6045976856244808,0.0,False
TCS,2022-08-29,TRAIN,BEAR,SUPPLY,SINGLE (1-TF),1,False,False,False,False,True,8.5,78,2.0,T1,10,4,0.44398215694349696,7.844033815244784,True
TCS,2022-09-06,TRAIN,BEAR,SUPPLY,SINGLE (1-TF),1,False,False,False,False,True,8.5,78,-1.0,STOP,1,4,4.40975850458609,0.9484209915244353,False
TCS,2022-09-13,TRAIN,SIDEWAYS,DEMAND,DUAL (2-TF),2,False,False,False,True,True,10.0,85,-1.0,STOP,2,2,4.321781765603321,0.18807686871943205,False
TCS,2022-09-20,TRAIN,BEAR,SUPPLY,DUAL (2-TF),2,False,False,False,True,True,10.0,85,-1.0,STOP,12,8,1.9058669370335422,3.2001141982877677,False
TCS,2022-09-27,TRAIN,BEAR,SUPPLY,DUAL (2-TF),2,False,False,False,True,True,10.0,85,-1.0,STOP,1,5,3.6120769917726037,1.3342453780235108,False
TCS,2022-10-04,TRAIN,BEAR,SUPPLY,DUAL (2-TF),2,False,False,False,True,True,10.0,85,-1.0,STOP,1,1,4.832135435532763,0.0,False
TCS,2022-10-12,TRAIN,BEAR,DEMAND,SINGLE (1-TF),1,False,False,False,False,True,8.5,78,2.0,T1,1,12,1.4541612710337926,3.547727964724485,True
TCS,2022-10-19,TRAIN,BEAR,DEMAND,DUAL (2-TF),2,False,False,False,True,True,10.0,85,2.0,T1,1,18,1.0163049565189157,7.364507726157665,True
TCS,2022-10-27,TRAIN,BEAR,SUPPLY,SINGLE (1-TF),1,False,False,False,False,True,8.5,78,-1.0,STOP,1,1,2.3670129282340793,0.0,False
TCS,2022-11-03,TRAIN,SIDEWAYS,DEMAND,SINGLE (1-TF),1,False,False,False,False,True,8.5,78,2.0,T1,1,5,1.0270381339719623,4.457465954341271,True
TCS,2022-11-11,TRAIN,SIDEWAYS,SUPPLY,DUAL (2-TF),2,False,False,False,True,True,10.0,85,-1.0,STOP,1,1,3.716196058473584,0.0,False
TCS,2022-11-18,TRAIN,SIDEWAYS,DEMAND,SINGLE (1-TF),1,False,False,False,False,True,8.5,78,-1.0,STOP,17,6,2.650741063644297,3.9142109851787197,False
TCS,2022-11-25,TRAIN,BULL,SUPPLY,DUAL (2-TF),2,False,False,False,True,True,10.0,85,-1.0,STOP,1,1,4.1767012767133735,0.0,False
TCS,2022-12-02,TRAIN,BULL,DEMAND,SINGLE (1-TF),1,False,False,False,False,True,8.5,78,-1.0,STOP,3,3,3.3424721655689007,0.5399712461132131,False
TCS,2022-12-09,TRAIN,SIDEWAYS,DEMAND,DUAL (2-TF),2,False,False,False,True,True,10.0,85,-1.0,STOP,1,1,4.562303010451518,0.0,False
TCS,2022-12-16,TRAIN,SIDEWAYS,DEMAND,SINGLE (1-TF),1,False,False,False,False,True,8.5,78,-1.0,STOP,1,1,2.797740564996693,0.16897483999115936,False
TCS,2022-12-23,TRAIN,SIDEWAYS,DEMAND,SINGLE (1-TF),1,False,False,False,False,True,8.5,78,2.0,T1,1,8,0.3097584446052218,3.1098764478221987,True
TCS,2022-12-30,TRAIN,SIDEWAYS,DEMAND,SINGLE (1-TF),1,False,False,False,False,True,8.5,78,3.5,T2,6,1,0.8783323620891805,3.0555575058450164,True
TCS,2023-01-06,TRAIN,SIDEWAYS,DEMAND,SINGLE (1-TF),1,False,False,False,False,True,8.5,78,2.0,T1,1,3,1.884091209195986,2.699650424980353,True
TCS,2023-01-20,TRAIN,BULL,DEMAND,SINGLE (1-TF),1,False,False,False,False,True,8.5,78,-1.0,STOP,26,10,3.738811650175664,2.1264927493842882,False
TCS,2023-01-30,TRAIN,BULL,DEMAND,SINGLE (1-TF),1,False,False,False,False,True,8.5,78,-1.0,STOP,21,10,3.738811650175664,2.1264927493842882,False
TCS,2023-02-06,TRAIN,BULL,DEMAND,SINGLE (1-TF),1,False,False,False,False,True,8.5,78,-1.0,STOP,13,3,2.709574219054807,1.2923635134080682,False
TCS,2023-02-13,TRAIN,BULL,DEMAND,SINGLE (1-TF),1,False,False,False,False,True,8.5,78,-1.0,STOP,1,7,3.5537996600138477,1.5598438582131897,False
TCS,2023-02-20,TRAIN,BULL,DEMAND,DUAL (2-TF),2,False,False,False,True,True,10.0,85,-1.0,STOP,1,2,3.568977998803937,0.038399798558441806,False
TCS,2023-03-06,TRAIN,BULL,SUPPLY,SINGLE (1-TF),1,False,False,False,False,True,8.5,78,2.0,T1,1,8,2.466035735008713,5.386595703528807,True
TCS,2023-03-28,TRAIN,SIDEWAYS,SUPPLY,DUAL (2-TF),2,False,False,False,True,True,10.0,85,-1.0,STOP,1,4,3.851130062011506,1.2469285087271016,False
TCS,2023-04-06,TRAIN,SIDEWAYS,SUPPLY,SINGLE (1-TF),1,False,False,False,False,True,8.5,78,-1.0,STOP,1,1,4.094734133125558,0.0,False
TCS,2023-04-17,TRAIN,SIDEWAYS,SUPPLY,SINGLE (1-TF),1,False,False,False,False,True,8.5,78,-1.0,STOP,10,6,2.4224049225855917,1.4550259998141553,False
TCS,2023-04-24,TRAIN,SIDEWAYS,SUPPLY,SINGLE (1-TF),1,False,False,False,False,True,8.5,78,-1.0,STOP,1,1,1.9308025838421443,0.14688965578267732,False
TCS,2023-05-02,TRAIN,SIDEWAYS,DEMAND,DUAL (2-TF),2,False,False,False,True,True,10.0,85,2.0,T1,2,17,0.30949728450076147,4.8899874669266135,True
TCS,2023-05-09,TRAIN,SIDEWAYS,DEMAND,DUAL (2-TF),2,False,False,False,True,True,10.0,85,2.0,T1,7,7,0.6529574319993873,3.813684885155307,True
TCS,2023-05-16,TRAIN,SIDEWAYS,SUPPLY,SINGLE (1-TF),1,False,False,False,False,True,8.5,78,-1.0,STOP,5,1,1.2518248052136212,2.1219998179409134,False
TCS,2023-05-23,TRAIN,SIDEWAYS,SUPPLY,DUAL (2-TF),2,False,False,False,True,True,10.0,85,-1.0,STOP,1,1,3.716341056572224,0.0,False
TCS,2023-05-30,TRAIN,SIDEWAYS,DEMAND,DUAL (2-TF),2,False,False,False,True,True,10.0,85,-1.0,STOP,2,4,2.228374773344286,1.396434734926335,False
TCS,2023-06-06,TRAIN,SIDEWAYS,SUPPLY,DUAL (2-TF),2,False,False,False,True,True,10.0,85,-1.0,STOP,18,5,2.047735920979604,2.2931699781316226,False
TCS,2023-06-13,TRAIN,SIDEWAYS,SUPPLY,DUAL (2-TF),2,False,False,False,True,True,10.0,85,-1.0,STOP,1,12,3.0332496755836815,1.7602366612682985,False
TCS,2023-06-20,TRAIN,SIDEWAYS,SUPPLY,DUAL (2-TF),2,False,False,False,True,True,10.0,85,-1.0,STOP,1,2,1.5964213895842683,0.47434371622822846,False
TCS,2023-06-27,TRAIN,SIDEWAYS,SUPPLY,DUAL (2-TF),2,False,False,False,True,True,10.0,85,-1.0,STOP,3,1,2.479434281405602,0.7533404433092581,False
TCS,2023-07-05,TRAIN,BULL,SUPPLY,SINGLE (1-TF),1,False,False,False,False,True,8.5,78,-1.0,STOP,1,1,3.3852565416410436,0.0,False
TCS,2023-07-12,TRAIN,SIDEWAYS,SUPPLY,SINGLE (1-TF),1,False,False,False,False,True,8.5,78,-1.0,STOP,2,1,7.507453488565778,0.8857575908992386,False
TCS,2023-07-20,TRAIN,BULL,SUPPLY,DUAL (2-TF),2,False,False,False,True,True,10.0,85,-1.0,STOP,1,8,3.3360163981972377,1.0571492816012373,False
TCS,2023-07-27,TRAIN,BULL,SUPPLY,DUAL (2-TF),2,False,False,False,True,True,10.0,85,-1.0,STOP,1,1,4.540732797020124,0.0,False
TCS,2023-08-10,TRAIN,BULL,DEMAND,DUAL (2-TF),2,False,False,False,True,True,10.0,85,-1.0,STOP,1,10,2.7096515206545275,0.6706427338010222,False
TCS,2023-08-18,TRAIN,BULL,DEMAND,DUAL (2-TF),2,False,False,False,True,True,10.0,85,-1.0,STOP,1,5,2.7096515206545275,0.0,False
TCS,2023-08-25,TRAIN,BULL,DEMAND,DUAL (2-TF),2,False,False,True,False,True,10.0,85,2.0,T1,1,12,1.9458207322566121,5.275400553374952,True
TCS,2023-09-01,TRAIN,BULL,SUPPLY,DUAL (2-TF),2,False,False,False,True,True,10.0,85,-1.0,STOP,1,1,1.7140776714809076,0.5392859580858809,False
TCS,2023-09-08,TRAIN,BULL,DEMAND,SINGLE (1-TF),1,False,False,False,False,True,8.5,78,-1.0,STOP,32,4,1.764541641234754,0.8463955949768244,False
TCS,2023-09-15,TRAIN,BULL,DEMAND,SINGLE (1-TF),1,False,False,False,False,True,8.5,78,2.0,T1,11,2,0.09613596462197074,4.118716884312189,True
TCS,2023-09-25,TRAIN,BULL,DEMAND,SINGLE (1-TF),1,False,False,False,False,True,8.5,78,-1.0,STOP,1,1,1.9455489672922588,0.3839378884633159,False
TCS,2023-10-03,TRAIN,BULL,SUPPLY,SINGLE (1-TF),1,False,False,False,False,True,8.5,78,-1.0,STOP,3,1,1.271843087390679,1.0615503586897057,False
TCS,2023-10-10,TRAIN,BULL,DEMAND,DUAL (2-TF),2,False,False,False,True,True,10.0,85,-1.0,STOP,3,6,3.7995885893137125,0.0,False
TCS,2023-10-17,TRAIN,BULL,DEMAND,TRIPLE (3-TF),3,False,False,True,True,True,11.5,92,-1.0,STOP,1,1,2.5452726485995494,0.0,False
TCS,2023-10-25,TRAIN,SIDEWAYS,DEMAND,TRIPLE (3-TF),3,False,False,True,True,True,11.5,92,-1.0,STOP,1,1,4.020677409079011,0.0,False
TCS,2023-11-01,TRAIN,SIDEWAYS,DEMAND,TRIPLE (3-TF),3,False,False,True,True,True,11.5,92,3.5,T2,1,10,1.1922489125749514,5.323811016628125,True
TCS,2023-11-08,TRAIN,SIDEWAYS,SUPPLY,SINGLE (1-TF),1,False,False,False,False,True,8.5,78,-1.0,STOP,1,4,2.0879225187304216,0.6235291422137471,False
TCS,2023-11-16,TRAIN,BULL,SUPPLY,DUAL (2-TF),2,False,False,False,True,True,10.0,85,-1.0,STOP,1,1,5.877004083669254,0.0,False
TCS,2023-11-23,TRAIN,BULL,DEMAND,SINGLE (1-TF),1,False,False,False,False,True,8.5,78,3.5,T2,1,15,1.9826788972481062,12.17882226499039,True
TCS,2023-12-18,TRAIN,BULL,SUPPLY,DUAL (2-TF),2,False,False,False,True,True,10.0,85,-1.0,STOP,1,1,7.970602651655268,0.0,False
TCS,2024-01-02,TRAIN,BULL,SUPPLY,SINGLE (1-TF),1,False,False,False,False,True,8.5,78,2.0,T1,1,1,0.3182851200986304,2.9469457590307986,True
TCS,2024-01-09,TRAIN,BULL,DEMAND,SINGLE (1-TF),1,False,False,False,False,True,8.5,78,2.0,T1,1,3,0.5134708501090895,5.497123735537386,True
TCS,2024-01-24,TRAIN,BULL,DEMAND,DUAL (2-TF),2,False,False,False,True,True,10.0,85,-1.0,STOP,1,1,2.4102539635318614,0.3002994574963955,False
TCS,2024-02-01,TRAIN,BULL,DEMAND,SINGLE (1-TF),1,False,False,False,False,True,8.5,78,2.0,T1,1,2,1.7296687444395515,3.873301694306372,True
TCS,2024-02-08,TRAIN,BULL,DEMAND,SINGLE (1-TF),1,False,False,False,False,True,8.5,78,2.0,T1,10,17,0.6163323993310146,6.822764192151657,True
TCS,2024-02-15,TRAIN,BULL,DEMAND,DUAL (2-TF),2,False,False,False,True,True,10.0,85,-1.0,STOP,1,14,4.684601234538832,0.04579149952769339,False
TCS,2024-02-22,TRAIN,BULL,SUPPLY,SINGLE (1-TF),1,False,False,False,False,True,8.5,78,2.0,T1,2,8,1.2451011545387136,3.541997669738381,True
TCS,2024-02-29,TRAIN,BULL,DEMAND,SINGLE (1-TF),1,False,False,False,False,True,8.5,78,-1.0,STOP,4,1,1.9216426450117352,0.8917585036119958,False
TCS,2024-03-07,TRAIN,BULL,SUPPLY,SINGLE (1-TF),1,False,False,False,False,True,8.5,78,-1.0,STOP,1,2,3.657386941632007,1.053755652252638,False
TCS,2024-03-15,TRAIN,BULL,SUPPLY,SINGLE (1-TF),1,False,False,False,False,True,8.5,78,-1.0,STOP,1,1,3.2115714635940282,0.1091349081447823,False
TCS,2024-03-22,TRAIN,BULL,DEMAND,DUAL (2-TF),2,False,False,False,True,True,10.0,85,-1.0,STOP,1,1,6.172222354469019,0.0,False
TCS,2024-04-02,TRAIN,BULL,SUPPLY,DUAL (2-TF),2,False,False,True,False,True,10.0,85,-1.0,STOP,1,1,2.7353926833714253,0.6194876396931922,False
TCS,2024-04-09,TRAIN,BULL,DEMAND,SINGLE (1-TF),1,False,False,False,False,True,8.5,78,-1.0,STOP,5,1,1.0280334669590652,1.1825178439232866,False
TCS,2024-04-18,TRAIN,BULL,DEMAND,DUAL (2-TF),2,False,False,False,True,True,10.0,85,-1.0,STOP,1,1,2.290447390107978,1.1825178439232866,False
TCS,2024-04-25,TRAIN,BULL,DEMAND,DUAL (2-TF),2,False,False,False,True,True,10.0,85,-1.0,STOP,1,1,2.247985138211843,0.0,False
TCS,2024-05-03,TRAIN,BULL,SUPPLY,TRIPLE (3-TF),3,False,False,True,True,True,11.5,92,-1.0,STOP,1,1,2.6564358117673623,1.0524378503879062,False
TCS,2024-05-10,TRAIN,BULL,DEMAND,SINGLE (1-TF),1,False,False,False,False,True,8.5,78,-1.0,STOP,1,13,4.554864850633134,1.3399921845336884,False
TCS,2024-05-17,TRAIN,BULL,SUPPLY,TRIPLE (3-TF),3,False,False,True,True,True,11.5,92,2.0,T1,1,11,1.6474616669324278,6.870718040390657,True
TCS,2024-05-27,TRAIN,BULL,DEMAND,SINGLE (1-TF),1,False,False,False,False,True,8.5,78,-1.0,STOP,2,2,3.1172901153124446,0.9125971603712294,False
TCS,2024-06-03,TRAIN,SIDEWAYS,SUPPLY,DUAL (2-TF),2,False,False,True,False,True,10.0,85,-1.0,STOP,4,1,2.9274200639318373,1.633750563729033,False
TCS,2024-06-10,TRAIN,BULL,SUPPLY,TRIPLE (3-TF),3,False,False,True,True,True,11.5,92,-1.0,STOP,1,1,4.544877014859859,0.0,False
TCS,2024-06-18,TRAIN,SIDEWAYS,DEMAND,SINGLE (1-TF),1,False,False,False,False,True,8.5,78,-1.0,STOP,1,1,2.10235547350336,0.0,False
TCS,2024-06-25,TRAIN,BULL,SUPPLY,TRIPLE (3-TF),3,False,False,True,True,True,11.5,92,-1.0,STOP,1,2,3.3261223047013044,0.5819724284199344,False
TCS,2024-07-09,TRAIN,BULL,SUPPLY,DUAL (2-TF),2,False,False,True,False,True,10.0,85,-1.0,STOP,1,3,6.1698678985331155,2.4540076181213957,False
TCS,2024-07-18,TRAIN,BULL,SUPPLY,TRIPLE (3-TF),3,False,False,True,True,True,11.5,92,-1.0,STOP,1,1,5.975332420882388,0.0,False
TCS,2024-07-25,TRAIN,BULL,DEMAND,SINGLE (1-TF),1,False,False,False,False,True,8.5,78,2.0,T1,8,7,1.3978683411480355,3.2966352012889057,True
TCS,2024-08-01,TRAIN,BULL,SUPPLY,SINGLE (1-TF),1,False,False,False,False,True,8.5,78,2.0,T1,1,2,1.5932558191324397,5.505751705469125,True
TCS,2024-08-08,TRAIN,BULL,SUPPLY,TRIPLE (3-TF),3,False,False,True,True,True,11.5,92,-1.0,STOP,5,2,4.931129545814376,2.2157664461036255,False
TCS,2024-08-16,TRAIN,BULL,SUPPLY,DUAL (2-TF),2,False,False,False,True,True,10.0,85,-1.0,STOP,1,1,6.5745242926605245,0.0,False
TCS,2024-08-23,TRAIN,BULL,DEMAND,SINGLE (1-TF),1,False,False,False,False,True,8.5,78,-1.0,STOP,19,16,6.874850710981334,1.8341222293176824,False
TCS,2024-08-30,TRAIN,BULL,SUPPLY,SINGLE (1-TF),1,False,False,False,False,True,8.5,78,-1.0,STOP,1,1,2.0047195185804014,0.31535182409155266,False
TCS,2024-09-06,TRAIN,BULL,SUPPLY,DUAL (2-TF),2,False,False,False,True,True,10.0,85,2.0,T1,1,10,1.09668793069218,6.05558306245023,True
TCS,2024-09-13,TRAIN,BULL,SUPPLY,DUAL (2-TF),2,False,False,False,True,True,10.0,85,2.0,T1,1,18,2.3533487913434947,5.489289634168512,True
TCS,2024-09-27,TRAIN,BULL,SUPPLY,SINGLE (1-TF),1,False,False,False,False,True,8.5,78,2.0,T1,1,25,2.1728591057868387,8.45053793962717,True
TCS,2024-10-07,TRAIN,BULL,DEMAND,DUAL (2-TF),2,False,False,False,True,True,10.0,85,-1.0,STOP,1,1,1.9350756630402348,0.2415392225048243,False
TCS,2024-10-14,TRAIN,SIDEWAYS,SUPPLY,DUAL (2-TF),2,False,False,True,False,True,10.0,85,-1.0,STOP,28,8,5.0189277379908654,1.8440414676972432,False
TCS,2024-10-21,TRAIN,SIDEWAYS,DEMAND,SINGLE (1-TF),1,False,False,False,False,True,8.5,78,-1.0,STOP,1,1,9.056298412296051,0.0,False
TCS,2024-10-28,TRAIN,SIDEWAYS,DEMAND,DUAL (2-TF),2,False,False,False,True,True,10.0,85,-1.0,STOP,1,3,2.61287928999396,1.6662221647156967,False
TCS,2024-11-04,TRAIN,SIDEWAYS,SUPPLY,DUAL (2-TF),2,False,False,False,True,True,10.0,85,-1.0,STOP,3,1,3.2098778444123615,2.4478546359046693,False
TCS,2024-11-11,TRAIN,BULL,SUPPLY,TRIPLE (3-TF),3,False,False,True,True,True,11.5,92,-1.0,STOP,1,1,3.909189599384483,0.0,False
TCS,2024-11-21,TRAIN,SIDEWAYS,DEMAND,DUAL (2-TF),2,False,False,False,True,True,10.0,85,-1.0,STOP,1,1,3.15273176454779,2.4056377046045427,False
TCS,2024-11-28,TRAIN,BULL,DEMAND,SINGLE (1-TF),1,False,False,False,False,True,8.5,78,-1.0,STOP,1,22,6.559469688486779,4.166697770710946,False
TCS,2024-12-05,TRAIN,BULL,SUPPLY,DUAL (2-TF),2,False,False,False,True,True,10.0,85,-1.0,STOP,1,1,3.611134517301019,0.0,False
TCS,2024-12-12,TRAIN,BULL,SUPPLY,DUAL (2-TF),2,False,False,True,False,True,10.0,85,-1.0,STOP,1,1,3.747193322461853,0.0,False
TCS,2024-12-27,TRAIN,SIDEWAYS,SUPPLY,SINGLE (1-TF),1,False,False,False,False,True,8.5,78,2.0,T1,11,23,1.1949106958834137,5.71465914632001,True
TCS,2025-01-03,TRAIN,SIDEWAYS,SUPPLY,SINGLE (1-TF),1,False,False,False,False,True,8.5,78,2.0,T1,6,23,1.1949106958834137,5.71465914632001,True
TCS,2025-01-10,TRAIN,BULL,DEMAND,TRIPLE (3-TF),3,False,False,True,True,True,11.5,92,-1.0,STOP,8,18,3.4239998330010817,3.731121293406668,False
TCS,2025-01-17,TRAIN,SIDEWAYS,DEMAND,TRIPLE (3-TF),3,False,False,True,True,True,11.5,92,-1.0,STOP,1,1,3.6969277960949225,0.0,False
TCS,2025-01-24,TRAIN,SIDEWAYS,DEMAND,TRIPLE (3-TF),3,False,False,True,True,True,11.5,92,-1.0,STOP,2,6,2.359013966660233,1.490635257771773,False
TCS,2025-01-31,TRAIN,SIDEWAYS,DEMAND,TRIPLE (3-TF),3,False,False,True,True,True,11.5,92,-1.0,STOP,2,1,1.7712981836358963,1.5990634574890967,False
TCS,2025-02-06,TRAIN,SIDEWAYS,DEMAND,TRIPLE (3-TF),3,False,False,True,True,True,11.5,92,-1.0,STOP,1,1,1.5428605468517347,1.6876413166503026,False
TCS,2025-03-07,TRAIN,BEAR,DEMAND,DUAL (2-TF),2,False,False,True,False,True,10.0,85,2.0,T1,4,6,0.8674838440943861,3.526982852554909,True
TCS,2025-03-17,TRAIN,BEAR,SUPPLY,SINGLE (1-TF),1,False,False,False,False,True,8.5,78,-1.0,STOP,4,2,2.578645425882464,2.613908446530594,False
TCS,2025-03-24,TRAIN,BEAR,DEMAND,DUAL (2-TF),2,False,False,True,False,True,10.0,85,-1.0,STOP,6,2,4.252719814517559,1.0433386837881329,False
TCS,2025-04-01,TRAIN,BEAR,DEMAND,TRIPLE (3-TF),3,False,False,True,True,True,11.5,92,-1.0,STOP,1,1,3.3649732929451774,0.0,False
TCS,2025-04-09,TRAIN,BEAR,SUPPLY,SINGLE (1-TF),1,False,False,False,False,True,8.5,78,-1.0,STOP,8,12,6.6804636018055845,1.9350821155162863,False
TCS,2025-04-21,TRAIN,BEAR,DEMAND,TRIPLE (3-TF),3,False,False,True,True,True,11.5,92,2.0,T1,1,14,0.9142413609917398,9.537185192725513,True
TCS,2025-04-28,TRAIN,BEAR,SUPPLY,SINGLE (1-TF),1,False,False,False,False,True,8.5,78,-1.0,STOP,1,9,6.6804636018055845,1.0917754362919223,False
TCS,2025-05-06,TRAIN,BEAR,SUPPLY,SINGLE (1-TF),1,False,False,False,False,True,8.5,78,-1.0,STOP,1,4,5.119195533182121,1.6097273568173012,False
TCS,2025-05-13,TRAIN,BEAR,SUPPLY,DUAL (2-TF),2,False,False,False,True,True,10.0,85,2.0,T1,1,14,2.230677920215631,3.537013842817231,True
TCS,2025-05-20,TRAIN,BEAR,SUPPLY,DUAL (2-TF),2,False,False,False,True,True,10.0,85,2.0,T1,22,1,0.1526478184082576,3.385764111787897,True
TCS,2025-05-27,TRAIN,BEAR,DEMAND,DUAL (2-TF),2,False,False,True,False,True,10.0,85,-1.0,STOP,1,4,2.185901148759534,1.2875277536441692,False
TCS,2025-06-03,TRAIN,BEAR,SUPPLY,DUAL (2-TF),2,False,False,False,True,True,10.0,85,-1.0,STOP,6,6,2.0220649170230116,2.1534539339860608,False
TCS,2025-06-10,TRAIN,BEAR,SUPPLY,DUAL (2-TF),2,False,False,False,True,True,10.0,85,-1.0,STOP,1,1,3.1973689091111432,0.0,False
TCS,2025-06-17,TRAIN,BEAR,DEMAND,DUAL (2-TF),2,False,False,True,False,True,10.0,85,-1.0,STOP,2,3,2.9350679059911315,1.903835966095165,False
TCS,2025-06-24,TRAIN,BEAR,SUPPLY,DUAL (2-TF),2,False,False,False,True,True,10.0,85,2.0,T1,3,12,1.115474636880295,7.284194717543296,True
TCS,2025-07-01,TRAIN,BEAR,DEMAND,DUAL (2-TF),2,False,False,True,False,True,10.0,85,-1.0,STOP,1,8,5.051497771219059,1.6101991450000643,False
TCS,2025-07-08,TRAIN,BEAR,SUPPLY,DUAL (2-TF),2,False,False,False,True,True,10.0,85,2.0,T1,1,4,0.04945447440884642,6.523106229432124,True
TCS,2025-07-15,TRAIN,BEAR,DEMAND,TRIPLE (3-TF),3,False,False,True,True,True,11.5,92,-1.0,STOP,1,1,2.651862523283515,0.0,False
TCS,2025-07-29,TRAIN,BEAR,SUPPLY,DUAL (2-TF),2,False,False,False,True,True,10.0,85,2.0,T1,20,2,0.07614564585352167,2.607741144360267,True
TCS,2025-08-05,TRAIN,BEAR,SUPPLY,DUAL (2-TF),2,False,False,False,True,True,10.0,85,-1.0,STOP,1,5,1.9624386094877422,0.8529508601531108,False
TCS,2025-08-12,TRAIN,BEAR,DEMAND,DUAL (2-TF),2,False,False,True,False,True,10.0,85,-1.0,STOP,1,3,1.9456562764586405,1.0904787973790482,False
TCS,2025-08-20,TRAIN,BEAR,SUPPLY,SINGLE (1-TF),1,False,False,False,False,True,8.5,78,-1.0,STOP,1,1,3.5632564166184086,0.37734678686627354,False
TCS,2025-08-28,TRAIN,BEAR,DEMAND,DUAL (2-TF),2,False,False,True,False,True,10.0,85,-1.0,STOP,2,5,1.85993925075937,2.235909551130611,False
TCS,2025-09-04,VALIDATION,BEAR,DEMAND,DUAL (2-TF),2,False,False,True,False,True,10.0,85,-1.0,STOP,1,1,2.0820144660102615,0.8081569979661384,False
TCS,2025-09-11,VALIDATION,BEAR,DEMAND,DUAL (2-TF),2,False,False,True,False,True,10.0,85,-1.0,STOP,10,1,3.2457665028701297,0.22947449657325786,False
TCS,2025-09-18,VALIDATION,BEAR,SUPPLY,SINGLE (1-TF),1,False,False,False,False,True,8.5,78,-1.0,STOP,1,1,2.2210330030480105,0.0,False
TCS,2025-09-25,VALIDATION,BEAR,SUPPLY,SINGLE (1-TF),1,False,False,False,False,True,8.5,78,-1.0,STOP,32,5,1.0649790095429286,2.0711249090081267,False
TCS,2025-10-03,VALIDATION,BEAR,SUPPLY,SINGLE (1-TF),1,False,False,False,False,True,8.5,78,-1.0,STOP,1,1,3.3664548472130864,0.1726202677771969,False
TCS,2025-10-10,VALIDATION,BEAR,DEMAND,SINGLE (1-TF),1,False,False,False,False,True,8.5,78,2.0,T1,3,34,1.3663140470576767,7.642178034649927,True
TCS,2025-10-17,VALIDATION,BEAR,SUPPLY,DUAL (2-TF),2,False,False,True,False,True,10.0,85,-1.0,STOP,2,2,3.4034786343139354,0.5849674787174467,False
TCS,2025-10-27,VALIDATION,BEAR,SUPPLY,TRIPLE (3-TF),3,False,False,True,True,True,11.5,92,-1.0,STOP,1,1,3.641052554749591,0.0,False
TCS,2025-11-03,VALIDATION,BEAR,DEMAND,DUAL (2-TF),2,False,False,False,True,True,10.0,85,-1.0,STOP,1,1,3.3767143824517314,0.0,False
TCS,2025-11-11,VALIDATION,BEAR,DEMAND,DUAL (2-TF),2,False,False,True,False,True,10.0,85,2.0,T1,1,6,0.05291987106794924,4.484099984192774,True
TCS,2025-11-18,VALIDATION,BEAR,SUPPLY,SINGLE (1-TF),1,False,False,False,False,True,8.5,78,-1.0,STOP,1,1,3.104791810077362,0.0,False
TCS,2025-12-02,VALIDATION,BEAR,SUPPLY,SINGLE (1-TF),1,False,False,False,False,True,8.5,78,-1.0,STOP,1,1,2.9850349008204606,0.0,False
TCS,2025-12-09,VALIDATION,SIDEWAYS,DEMAND,DUAL (2-TF),2,False,False,False,True,True,10.0,85,2.0,T1,2,37,1.3198940169155209,7.260885454735303,True
TCS,2025-12-16,VALIDATION,SIDEWAYS,DEMAND,DUAL (2-TF),2,False,False,False,True,True,10.0,85,2.0,T1,1,33,2.089531943549613,6.4243232655492655,True
TCS,2025-12-23,VALIDATION,SIDEWAYS,DEMAND,DUAL (2-TF),2,False,False,False,True,True,10.0,85,-1.0,STOP,6,8,1.351791478425191,2.5729828736532863,False
TCS,2025-12-31,VALIDATION,SIDEWAYS,SUPPLY,TRIPLE (3-TF),3,False,False,True,True,True,11.5,92,2.0,T1,6,9,0.6279638469982666,4.0458587603329415,True
TCS,2026-01-07,VALIDATION,SIDEWAYS,SUPPLY,TRIPLE (3-TF),3,False,False,True,True,True,11.5,92,-1.0,STOP,1,18,5.053978561977868,3.350250238093714,False
TCS,2026-01-14,VALIDATION,SIDEWAYS,SUPPLY,TRIPLE (3-TF),3,False,False,True,True,True,11.5,92,-1.0,STOP,1,13,5.180368993299746,3.2339709336183278,False
TCS,2026-01-21,VALIDATION,SIDEWAYS,SUPPLY,SINGLE (1-TF),1,False,False,False,False,True,8.5,78,-1.0,STOP,3,6,5.112429971093079,2.9827837609680037,False
TCS,2026-01-29,VALIDATION,SIDEWAYS,SUPPLY,DUAL (2-TF),2,False,False,True,False,True,10.0,85,2.0,T1,1,1,1.5904701204499747,1.841205340821954,True
TCS,2026-02-12,VALIDATION,BEAR,DEMAND,ATZ (4-TF),4,True,True,True,True,True,13.0,100,-1.0,STOP,1,1,12.642280762779867,0.0,False
TCS,2026-02-26,VALIDATION,BEAR,SUPPLY,SINGLE (1-TF),1,False,False,False,False,True,8.5,78,2.0,T1,2,1,0.4596169224325107,3.587068276150939,True
TCS,2026-03-06,TEST_OOS,BEAR,SUPPLY,SINGLE (1-TF),1,False,False,False,False,True,8.5,78,2.0,T1,1,6,1.049390967924575,8.715174295622372,True
TCS,2026-03-13,TEST_OOS,BEAR,SUPPLY,SINGLE (1-TF),1,False,False,False,False,True,8.5,78,-1.0,STOP,15,1,2.6740093107755216,2.5904718649126552,False
TCS,2026-03-30,TEST_OOS,BEAR,SUPPLY,SINGLE (1-TF),1,False,False,False,False,True,8.5,78,-1.0,STOP,2,3,5.556095890121316,1.4229593325411598,False
TCS,2026-04-08,TEST_OOS,BEAR,SUPPLY,DUAL (2-TF),2,False,False,False,True,True,10.0,85,-1.0,STOP,1,1,6.657375687956627,0.0,False
TCS,2026-04-16,TEST_OOS,BEAR,SUPPLY,TRIPLE (3-TF),3,False,False,True,True,True,11.5,92,2.0,T1,1,6,2.349476674820124,6.468243359177059,True
TCS,2026-04-23,TEST_OOS,BEAR,DEMAND,DUAL (2-TF),2,False,False,False,True,True,10.0,85,-1.0,STOP,1,1,7.664945225067671,0.0,False
TCS,2026-04-30,TEST_OOS,BEAR,DEMAND,SINGLE (1-TF),1,False,False,False,False,True,8.5,78,-1.0,STOP,1,6,4.537690521150346,0.4141185337500513,False
TCS,2026-05-21,TEST_OOS,BEAR,SUPPLY,DUAL (2-TF),2,False,False,False,True,True,10.0,85,2.0,T1,1,26,2.885054161221004,11.04755997607603,True
TCS,2026-05-28,TEST_OOS,BEAR,SUPPLY,DUAL (2-TF),2,False,False,False,True,True,10.0,85,2.0,T1,2,2,1.1613470929295417,3.9684441172498772,True
TCS,2026-06-08,TEST_OOS,BEAR,SUPPLY,DUAL (2-TF),2,False,False,False,True,True,10.0,85,-1.0,STOP,30,7,7.099661077021908,2.815497419311972,False
TCS,2026-06-15,TEST_OOS,BEAR,SUPPLY,DUAL (2-TF),2,False,False,False,True,True,10.0,85,-1.0,STOP,1,24,6.324807096421408,8.115737473535644,False
TCS,2026-06-22,TEST_OOS,BEAR,DEMAND,SINGLE (1-TF),1,False,False,False,False,True,8.5,78,-1.0,STOP,1,1,6.250315359739465,0.0,False
TCS,2026-06-29,TEST_OOS,BEAR,SUPPLY,SINGLE (1-TF),1,False,False,False,False,True,8.5,78,-1.0,STOP,1,9,3.5082155959722043,4.085356334400136,False
TCS,2026-07-06,TEST_OOS,BEAR,DEMAND,SINGLE (1-TF),1,False,False,False,False,True,8.5,78,2.0,T1,4,2,1.1716400989757383,8.08860497441813,True
TCS,2026-07-13,TEST_OOS,BEAR,SUPPLY,SINGLE (1-TF),1,False,False,False,False,True,8.5,78,-1.0,STOP,1,1,8.68296367506695,0.0,False
TCS,2026-07-20,TEST_OOS,BEAR,SUPPLY,ATZ (4-TF),4,True,True,True,True,True,13.0,100,-1.0,STOP,1,5,8.194254254160684,0.0,False
TCS,2026-08-10,TEST_OOS,BEAR,SUPPLY,ATZ (4-TF),4,True,True,True,True,True,13.0,100,2.0,T1,1,7,2.482387070037302,6.411106506423532,True
TCS,2026-08-17,TEST_OOS,BEAR,DEMAND,DUAL (2-TF),2,False,False,False,True,True,10.0,85,-1.0,STOP,1,1,6.775156396941565,0.0,False
TCS,2026-08-24,TEST_OOS,BEAR,SUPPLY,TRIPLE (3-TF),3,False,True,False,True,True,11.5,92,-1.0,STOP,1,4,2.599388379204893,1.9702927042376546,False
HDFCBANK,2022-06-17,TRAIN,BEAR,DEMAND,SINGLE (1-TF),1,False,False,False,False,True,8.5,78,2.0,T1,1,15,4.390507354576355,6.015503383422818,True
HDFCBANK,2022-07-01,TRAIN,SIDEWAYS,DEMAND,SINGLE (1-TF),1,False,False,False,False,True,8.5,78,2.0,T1,1,2,1.1788343510132488,2.4848132858241523,True
HDFCBANK,2022-07-08,TRAIN,SIDEWAYS,DEMAND,SINGLE (1-TF),1,False,False,False,False,True,8.5,78,2.0,T1,4,11,1.9794619209144513,4.398804268698787,True
HDFCBANK,2022-07-15,TRAIN,SIDEWAYS,SUPPLY,SINGLE (1-TF),1,False,False,False,False,True,8.5,78,-1.0,STOP,6,4,2.3133320177901924,2.111446743271751,False
HDFCBANK,2022-08-05,TRAIN,BULL,SUPPLY,SINGLE (1-TF),1,False,False,False,False,True,8.5,78,-1.0,STOP,2,1,2.2594805690543636,0.8265676155799915,False
HDFCBANK,2022-08-16,TRAIN,BULL,SUPPLY,SINGLE (1-TF),1,False,False,False,False,True,8.5,78,-1.0,STOP,1,1,9.665660943745886,0.0,False
HDFCBANK,2022-08-23,TRAIN,BULL,SUPPLY,SINGLE (1-TF),1,False,False,False,False,True,8.5,78,-1.0,STOP,10,6,2.592921226461595,1.914057548485237,False
HDFCBANK,2022-08-30,TRAIN,BULL,SUPPLY,SINGLE (1-TF),1,False,False,False,False,True,8.5,78,-1.0,STOP,1,1,1.9191583450149534,1.284737777649318,False
HDFCBANK,2022-09-07,TRAIN,BULL,DEMAND,DUAL (2-TF),2,False,False,False,True,True,10.0,85,-1.0,STOP,1,12,3.265306122448969,3.731778425655978,False
HDFCBANK,2022-09-14,TRAIN,BULL,DEMAND,DUAL (2-TF),2,False,False,False,True,True,10.0,85,-1.0,STOP,1,7,4.129726986990648,2.8048316396284623,False
HDFCBANK,2022-09-21,TRAIN,BULL,DEMAND,DUAL (2-TF),2,False,False,False,True,True,10.0,85,-1.0,STOP,1,2,5.029251197274539,0.5557029362896382,False
HDFCBANK,2022-09-28,TRAIN,SIDEWAYS,DEMAND,DUAL (2-TF),2,False,False,False,True,True,10.0,85,-1.0,STOP,1,1,4.209475723595383,0.0,False
HDFCBANK,2022-10-07,TRAIN,SIDEWAYS,DEMAND,SINGLE (1-TF),1,False,False,False,False,True,8.5,78,2.0,T1,2,14,2.0660168630030404,6.000717574597857,True
HDFCBANK,2022-10-14,TRAIN,SIDEWAYS,SUPPLY,SINGLE (1-TF),1,False,False,False,False,True,8.5,78,-1.0,STOP,1,3,3.3503783400330986,0.9975762591629227,False
HDFCBANK,2022-10-21,TRAIN,SIDEWAYS,SUPPLY,DUAL (2-TF),2,False,False,False,True,True,10.0,85,-1.0,STOP,1,2,2.286378894058061,0.06919498262764667,False
HDFCBANK,2022-10-31,TRAIN,BULL,SUPPLY,DUAL (2-TF),2,False,False,False,True,True,10.0,85,-1.0,STOP,1,1,5.383170493760652,0.0,False
HDFCBANK,2022-11-30,TRAIN,BULL,SUPPLY,SINGLE (1-TF),1,False,False,False,False,True,8.5,78,-1.0,STOP,1,8,2.9664807408966625,0.6077667859398028,False
HDFCBANK,2022-12-07,TRAIN,BULL,DEMAND,SINGLE (1-TF),1,False,False,False,False,True,8.5,78,2.0,T1,13,1,0.774804315633596,2.575629363232481,True
HDFCBANK,2022-12-14,TRAIN,BULL,DEMAND,DUAL (2-TF),2,False,False,False,True,True,10.0,85,-1.0,STOP,2,6,2.795191958965847,2.350914460390665,False
HDFCBANK,2022-12-21,TRAIN,BULL,DEMAND,DUAL (2-TF),2,False,False,False,True,True,10.0,85,-1.0,STOP,1,1,3.04838401223943,0.0,False
HDFCBANK,2022-12-28,TRAIN,BULL,DEMAND,SINGLE (1-TF),1,False,False,False,False,True,8.5,78,-1.0,STOP,7,3,2.043029237136856,1.277389154093327,False
HDFCBANK,2023-01-04,TRAIN,BULL,SUPPLY,SINGLE (1-TF),1,False,False,False,False,True,8.5,78,-1.0,STOP,1,12,3.0174999347990488,3.709934016639288,False
HDFCBANK,2023-01-11,TRAIN,BULL,SUPPLY,SINGLE (1-TF),1,False,False,False,False,True,8.5,78,-1.0,STOP,4,4,3.6609368849232355,2.0220443511350177,False
HDFCBANK,2023-01-18,TRAIN,BULL,SUPPLY,SINGLE (1-TF),1,False,False,False,False,True,8.5,78,-1.0,STOP,1,1,3.2058143376280137,0.0,False
HDFCBANK,2023-01-25,TRAIN,BULL,DEMAND,DUAL (2-TF),2,False,False,False,True,True,10.0,85,-1.0,STOP,2,1,3.7778520212793265,0.0,False
HDFCBANK,2023-02-02,TRAIN,BULL,SUPPLY,SINGLE (1-TF),1,False,False,False,False,True,8.5,78,-1.0,STOP,1,1,4.106069034941323,0.39206336591698276,False
HDFCBANK,2023-02-09,TRAIN,BULL,DEMAND,DUAL (2-TF),2,False,False,False,True,True,10.0,85,-1.0,STOP,11,2,1.9154470690244,0.6673848498384142,False
HDFCBANK,2023-02-16,TRAIN,BULL,DEMAND,DUAL (2-TF),2,False,False,False,True,True,10.0,85,-1.0,STOP,2,3,3.068445032708022,0.5701631582966399,False
HDFCBANK,2023-02-23,TRAIN,BULL,SUPPLY,SINGLE (1-TF),1,False,False,False,False,True,8.5,78,-1.0,STOP,27,5,2.4853278897678006,2.4087777494258735,False
HDFCBANK,2023-03-02,TRAIN,BULL,SUPPLY,DUAL (2-TF),2,False,False,False,True,True,10.0,85,-1.0,STOP,1,21,3.2903752899009104,4.440754796542279,False
HDFCBANK,2023-03-10,TRAIN,BULL,DEMAND,DUAL (2-TF),2,False,False,False,True,True,10.0,85,-1.0,STOP,1,1,3.8311738893360676,0.0,False
HDFCBANK,2023-03-17,TRAIN,BULL,SUPPLY,DUAL (2-TF),2,False,False,False,True,True,10.0,85,-1.0,STOP,1,9,3.10613529244939,1.5571191270409297,False
HDFCBANK,2023-03-24,TRAIN,SIDEWAYS,SUPPLY,DUAL (2-TF),2,False,False,False,True,True,10.0,85,-1.0,STOP,1,4,3.10613529244939,0.6009696544086925,False
HDFCBANK,2023-04-21,TRAIN,BULL,DEMAND,DUAL (2-TF),2,False,False,False,True,True,10.0,85,2.0,T1,1,8,0.49790422964561915,4.2779118506287395,True
HDFCBANK,2023-04-28,TRAIN,BULL,DEMAND,DUAL (2-TF),2,False,False,False,True,True,10.0,85,-1.0,STOP,1,4,3.886837328659957,2.7702322088001496,False
HDFCBANK,2023-05-08,TRAIN,BULL,DEMAND,DUAL (2-TF),2,False,False,False,True,True,10.0,85,2.0,T1,1,39,3.424972533789819,7.492526635836376,True
HDFCBANK,2023-05-15,TRAIN,BULL,DEMAND,SINGLE (1-TF),1,False,False,False,False,True,8.5,78,-1.0,STOP,1,1,1.789301623348255,0.0,False
HDFCBANK,2023-05-22,TRAIN,BULL,SUPPLY,SINGLE (1-TF),1,False,False,False,False,True,8.5,78,-1.0,STOP,24,3,1.2016375628616907,1.4720376032953397,False
HDFCBANK,2023-05-29,TRAIN,BULL,SUPPLY,SINGLE (1-TF),1,False,False,False,False,True,8.5,78,2.0,T1,1,13,0.332976117575017,3.5555725658297614,True
HDFCBANK,2023-06-05,TRAIN,SIDEWAYS,SUPPLY,TRIPLE (3-TF),3,False,False,True,True,True,11.5,92,-1.0,STOP,1,13,2.8993024039833006,1.9773864785664272,False
HDFCBANK,2023-06-12,TRAIN,SIDEWAYS,SUPPLY,TRIPLE (3-TF),3,False,False,True,True,True,11.5,92,-1.0,STOP,1,7,1.9138258314481145,1.7123020516420884,False
HDFCBANK,2023-06-19,TRAIN,SIDEWAYS,SUPPLY,TRIPLE (3-TF),3,False,False,True,True,True,11.5,92,-1.0,STOP,1,2,2.2154993675590395,0.6937290544681693,False
HDFCBANK,2023-06-26,TRAIN,BULL,DEMAND,SINGLE (1-TF),1,False,False,False,False,True,8.5,78,-1.0,STOP,35,1,1.6306748785114673,0.46646396923157296,False
HDFCBANK,2023-07-04,TRAIN,BULL,DEMAND,TRIPLE (3-TF),3,False,False,True,True,True,11.5,92,-1.0,STOP,2,3,1.4486605193217001,2.7513319940606253,False
HDFCBANK,2023-07-11,TRAIN,BULL,DEMAND,DUAL (2-TF),2,False,False,True,False,True,10.0,85,-1.0,STOP,25,1,1.6306748785114673,0.46646396923157296,False
HDFCBANK,2023-07-18,TRAIN,BULL,SUPPLY,DUAL (2-TF),2,False,False,False,True,True,10.0,85,-1.0,STOP,1,1,4.351496546431325,0.0,False
HDFCBANK,2023-07-25,TRAIN,BULL,DEMAND,DUAL (2-TF),2,False,False,True,False,True,10.0,85,-1.0,STOP,1,3,2.611648921005979,1.0622606195074247,False
HDFCBANK,2023-08-08,TRAIN,SIDEWAYS,DEMAND,DUAL (2-TF),2,False,False,True,False,True,10.0,85,-1.0,STOP,2,3,2.4236480806948695,0.883873761430507,False
HDFCBANK,2023-08-16,TRAIN,SIDEWAYS,SUPPLY,DUAL (2-TF),2,False,False,False,True,True,10.0,85,-1.0,STOP,19,4,2.0876160318696493,0.7239622569236165,False
HDFCBANK,2023-08-23,TRAIN,SIDEWAYS,SUPPLY,DUAL (2-TF),2,False,False,False,True,True,10.0,85,-1.0,STOP,1,12,2.8563158656439436,1.836672938018871,False
HDFCBANK,2023-08-30,TRAIN,SIDEWAYS,DEMAND,DUAL (2-TF),2,False,False,True,False,True,10.0,85,2.0,T1,1,7,0.9643956277194076,3.7063567865860048,True
HDFCBANK,2023-09-06,TRAIN,SIDEWAYS,SUPPLY,DUAL (2-TF),2,False,False,False,True,True,10.0,85,-1.0,STOP,1,1,1.5280515044015235,0.9315464459335214,False
HDFCBANK,2023-09-13,TRAIN,SIDEWAYS,DEMAND,SINGLE (1-TF),1,False,False,False,False,True,8.5,78,-1.0,STOP,5,1,4.581053395918161,0.0,False
HDFCBANK,2023-09-21,TRAIN,BEAR,DEMAND,TRIPLE (3-TF),3,False,False,True,True,True,11.5,92,-1.0,STOP,1,1,5.407017452866892,0.0,False
HDFCBANK,2023-09-28,TRAIN,BEAR,DEMAND,TRIPLE (3-TF),3,False,False,True,True,True,11.5,92,-1.0,STOP,1,2,1.6330372856382798,0.43111092920776106,False
HDFCBANK,2023-10-06,TRAIN,BEAR,DEMAND,DUAL (2-TF),2,False,False,False,True,True,10.0,85,-1.0,STOP,2,11,2.32806259232917,1.8821469606609385,False
HDFCBANK,2023-10-13,TRAIN,BEAR,DEMAND,DUAL (2-TF),2,False,False,False,True,True,10.0,85,-1.0,STOP,2,3,1.4204506540647908,2.0258886377645475,False
HDFCBANK,2023-10-20,TRAIN,BEAR,SUPPLY,SINGLE (1-TF),1,False,False,False,False,True,8.5,78,-1.0,STOP,26,1,2.0274299344066837,0.5326069279557584,False
HDFCBANK,2023-10-30,TRAIN,BEAR,SUPPLY,DUAL (2-TF),2,False,False,False,True,True,10.0,85,-1.0,STOP,2,18,2.7216391246092004,2.2889682894149144,False
HDFCBANK,2023-11-06,TRAIN,BEAR,DEMAND,SINGLE (1-TF),1,False,False,False,False,True,8.5,78,2.0,T1,1,18,1.7831599705584222,7.179857513852809,True
HDFCBANK,2023-11-13,TRAIN,BEAR,DEMAND,SINGLE (1-TF),1,False,False,False,False,True,8.5,78,2.0,T1,1,10,0.5424449166759864,4.61777206129068,True
HDFCBANK,2023-11-21,TRAIN,BEAR,DEMAND,SINGLE (1-TF),1,False,False,False,False,True,8.5,78,2.0,T1,2,4,0.40675714937947965,3.53076273883147,True
HDFCBANK,2023-11-29,TRAIN,SIDEWAYS,DEMAND,DUAL (2-TF),2,False,False,False,True,True,10.0,85,-1.0,STOP,36,1,3.4777236218850884,0.0,False
HDFCBANK,2023-12-06,TRAIN,SIDEWAYS,SUPPLY,TRIPLE (3-TF),3,False,False,True,True,True,11.5,92,-1.0,STOP,1,11,3.725927635459131,0.8564761391902022,False
HDFCBANK,2023-12-13,TRAIN,SIDEWAYS,DEMAND,SINGLE (1-TF),1,False,False,False,False,True,8.5,78,2.0,T1,1,6,0.9415713352378298,3.636899347945836,True
HDFCBANK,2023-12-20,TRAIN,BULL,SUPPLY,TRIPLE (3-TF),3,False,False,True,True,True,11.5,92,-1.0,STOP,1,1,2.406359574171824,0.3392448005671038,False
HDFCBANK,2023-12-28,TRAIN,BULL,DEMAND,SINGLE (1-TF),1,False,False,False,False,True,8.5,78,-1.0,STOP,5,5,2.5060480119099227,1.2654301842317532,False
HDFCBANK,2024-01-04,TRAIN,BULL,DEMAND,DUAL (2-TF),2,False,False,False,True,True,10.0,85,-1.0,STOP,1,1,2.410919399775162,0.0,False
HDFCBANK,2024-01-11,TRAIN,SIDEWAYS,SUPPLY,TRIPLE (3-TF),3,False,False,True,True,True,11.5,92,2.0,T1,3,2,1.2141987167413861,8.118933715046268,True
HDFCBANK,2024-01-29,TRAIN,BEAR,DEMAND,DUAL (2-TF),2,False,False,True,False,True,10.0,85,-1.0,STOP,1,8,4.402686094754701,1.0821368995851142,False
HDFCBANK,2024-02-05,TRAIN,BEAR,DEMAND,DUAL (2-TF),2,False,False,True,False,True,10.0,85,-1.0,STOP,1,1,1.509211792242851,0.0,False
HDFCBANK,2024-02-12,TRAIN,BEAR,SUPPLY,DUAL (2-TF),2,False,False,False,True,True,10.0,85,-1.0,STOP,7,1,2.3823782883685523,1.2693358262368435,False
HDFCBANK,2024-02-26,TRAIN,BEAR,SUPPLY,DUAL (2-TF),2,False,False,False,True,True,10.0,85,-1.0,STOP,1,11,3.9987600743955243,1.2517344197443416,False
HDFCBANK,2024-03-04,TRAIN,BEAR,SUPPLY,TRIPLE (3-TF),3,False,False,True,True,True,11.5,92,-1.0,STOP,1,1,2.0834564690584583,0.0,False
HDFCBANK,2024-03-12,TRAIN,BEAR,DEMAND,SINGLE (1-TF),1,False,False,False,False,True,8.5,78,2.0,T1,1,15,0.7989153412155621,6.790780400332403,True
HDFCBANK,2024-03-19,TRAIN,BEAR,DEMAND,SINGLE (1-TF),1,False,False,False,False,True,8.5,78,2.0,T1,2,5,0.6120004673989164,2.1325075952325343,True
HDFCBANK,2024-03-27,TRAIN,BEAR,SUPPLY,TRIPLE (3-TF),3,False,False,True,True,True,11.5,92,-1.0,STOP,1,2,2.668529107919745,0.9923319801533511,False
HDFCBANK,2024-04-04,TRAIN,SIDEWAYS,DEMAND,TRIPLE (3-TF),3,False,False,True,True,True,11.5,92,2.0,T1,23,9,0.18032053778797189,4.70852988271952,True
HDFCBANK,2024-04-12,TRAIN,SIDEWAYS,SUPPLY,DUAL (2-TF),2,False,False,True,False,True,10.0,85,2.0,T1,6,11,1.1956787275046747,3.810971472001308,True
HDFCBANK,2024-04-22,TRAIN,SIDEWAYS,SUPPLY,TRIPLE (3-TF),3,False,False,True,True,True,11.5,92,-1.0,STOP,1,1,4.733611450563966,0.0,False
HDFCBANK,2024-04-29,TRAIN,SIDEWAYS,SUPPLY,SINGLE (1-TF),1,False,False,False,False,True,8.5,78,-1.0,STOP,1,18,3.564966366938762,4.424094255445513,False
HDFCBANK,2024-05-07,TRAIN,SIDEWAYS,DEMAND,SINGLE (1-TF),1,False,False,False,False,True,8.5,78,-1.0,STOP,1,1,3.1947878109078967,0.0,False
HDFCBANK,2024-05-14,TRAIN,BEAR,SUPPLY,DUAL (2-TF),2,False,False,False,True,True,10.0,85,-1.0,STOP,1,7,3.9135579848980013,1.8567564521582418,False
HDFCBANK,2024-05-22,TRAIN,BEAR,DEMAND,TRIPLE (3-TF),3,False,False,True,True,True,11.5,92,2.0,T1,1,3,0.8297232844624431,5.803829709173522,True
HDFCBANK,2024-06-14,TRAIN,BULL,SUPPLY,DUAL (2-TF),2,False,False,True,False,True,10.0,85,-1.0,STOP,1,1,3.166620467535211,0.0,False
HDFCBANK,2024-06-24,TRAIN,BULL,DEMAND,SINGLE (1-TF),1,False,False,False,False,True,8.5,78,-1.0,STOP,11,3,1.7637687756030866,1.5475648611743298,False
HDFCBANK,2024-07-01,TRAIN,BULL,DEMAND,SINGLE (1-TF),1,False,False,False,False,True,8.5,78,-1.0,STOP,5,1,2.70569971168774,0.7540474606342875,False
HDFCBANK,2024-07-08,TRAIN,BULL,DEMAND,DUAL (2-TF),2,False,False,False,True,True,10.0,85,-1.0,STOP,1,1,3.112293930657203,0.0,False
HDFCBANK,2024-07-15,TRAIN,BULL,DEMAND,DUAL (2-TF),2,False,False,False,True,True,10.0,85,-1.0,STOP,1,1,3.4203198541189215,0.0,False
HDFCBANK,2024-07-23,TRAIN,BULL,DEMAND,SINGLE (1-TF),1,False,False,False,False,True,8.5,78,-1.0,STOP,1,1,5.04300041891525,0.0,False
HDFCBANK,2024-07-30,TRAIN,BULL,DEMAND,SINGLE (1-TF),1,False,False,False,False,True,8.5,78,2.0,T1,1,35,1.4403344635072723,5.090881280750511,True
HDFCBANK,2024-08-06,TRAIN,BULL,DEMAND,DUAL (2-TF),2,False,False,False,True,True,10.0,85,2.0,T1,1,31,2.7762410099079666,4.893627722174717,True
HDFCBANK,2024-08-13,TRAIN,BULL,DEMAND,DUAL (2-TF),2,False,False,False,True,True,10.0,85,2.0,T1,1,26,1.3758265747756708,5.8828008986026,True
HDFCBANK,2024-08-21,TRAIN,BULL,SUPPLY,DUAL (2-TF),2,False,False,True,False,True,10.0,85,-1.0,STOP,8,13,2.838896372798482,1.8672354437958423,False
HDFCBANK,2024-08-28,TRAIN,BULL,SUPPLY,DUAL (2-TF),2,False,False,True,False,True,10.0,85,-1.0,STOP,1,2,1.8820735650768103,0.6227263540824512,False
HDFCBANK,2024-09-04,TRAIN,BULL,SUPPLY,DUAL (2-TF),2,False,False,True,False,True,10.0,85,-1.0,STOP,1,7,2.2658610271903323,0.4154078549848885,False
HDFCBANK,2024-09-11,TRAIN,BULL,SUPPLY,DUAL (2-TF),2,False,False,True,False,True,10.0,85,-1.0,STOP,1,2,2.2658610271903323,0.0,False
HDFCBANK,2024-09-18,TRAIN,BULL,DEMAND,DUAL (2-TF),2,False,False,False,True,True,10.0,85,-1.0,STOP,13,1,2.26605905487235,0.5206317497971108,False
HDFCBANK,2024-09-25,TRAIN,BULL,DEMAND,SINGLE (1-TF),1,False,False,False,False,True,8.5,78,-1.0,STOP,6,1,3.2479436524591683,1.0336010806377753,False
HDFCBANK,2024-10-03,TRAIN,BULL,SUPPLY,TRIPLE (3-TF),3,False,False,True,True,True,11.5,92,-1.0,STOP,16,20,2.9039350082885513,4.595741679109307,False
HDFCBANK,2024-10-10,TRAIN,BULL,DEMAND,TRIPLE (3-TF),3,False,False,True,True,True,11.5,92,2.0,T1,1,7,1.1922875458332367,5.808036716470022,True
HDFCBANK,2024-10-17,TRAIN,BULL,DEMAND,SINGLE (1-TF),1,False,False,False,False,True,8.5,78,2.0,T1,2,1,0.6227020067593464,5.0286591480248095,True
HDFCBANK,2024-10-24,TRAIN,BULL,SUPPLY,TRIPLE (3-TF),3,False,False,True,True,True,11.5,92,-1.0,STOP,1,1,3.1274780728102956,0.0,False
HDFCBANK,2024-10-31,TRAIN,BULL,DEMAND,SINGLE (1-TF),1,False,False,False,False,True,8.5,78,-1.0,STOP,1,2,1.7849538679914874,0.17269931393423663,False
HDFCBANK,2024-11-07,TRAIN,BULL,DEMAND,SINGLE (1-TF),1,False,False,False,False,True,8.5,78,-1.0,STOP,1,4,4.12582953498808,2.1656472144156096,False
HDFCBANK,2024-11-14,TRAIN,BULL,SUPPLY,SINGLE (1-TF),1,False,False,False,False,True,8.5,78,-1.0,STOP,1,5,5.904630537103579,1.8137379457209588,False
HDFCBANK,2024-11-25,TRAIN,BULL,DEMAND,SINGLE (1-TF),1,False,False,False,False,True,8.5,78,-1.0,STOP,31,2,2.756528779803993,0.9329417878161703,False
HDFCBANK,2024-12-02,TRAIN,BULL,SUPPLY,SINGLE (1-TF),1,False,False,False,False,True,8.5,78,-1.0,STOP,1,1,2.653542853853689,0.8323260231393563,False
HDFCBANK,2024-12-09,TRAIN,BULL,DEMAND,SINGLE (1-TF),1,False,False,False,False,True,8.5,78,-1.0,STOP,8,8,3.323893445859792,0.5314167729124163,False
HDFCBANK,2024-12-16,TRAIN,BULL,SUPPLY,SINGLE (1-TF),1,False,False,False,False,True,8.5,78,2.0,T1,1,3,0.879289454084635,4.027390255560868,True
HDFCBANK,2024-12-31,TRAIN,BULL,DEMAND,DUAL (2-TF),2,False,False,False,True,True,10.0,85,-1.0,STOP,1,3,2.0140823900752634,1.1920315408539686,False
HDFCBANK,2025-01-07,TRAIN,BULL,DEMAND,DUAL (2-TF),2,False,False,False,True,True,10.0,85,-1.0,STOP,1,2,2.756528779803993,0.9329417878161703,False
HDFCBANK,2025-01-14,TRAIN,SIDEWAYS,SUPPLY,SINGLE (1-TF),1,False,False,False,False,True,8.5,78,-1.0,STOP,7,10,3.477927822187076,2.538949085113475,False
HDFCBANK,2025-01-21,TRAIN,SIDEWAYS,SUPPLY,SINGLE (1-TF),1,False,False,False,False,True,8.5,78,-1.0,STOP,1,1,1.9513727461204964,0.8808192498586406,False
HDFCBANK,2025-01-28,TRAIN,SIDEWAYS,SUPPLY,SINGLE (1-TF),1,False,False,False,False,True,8.5,78,-1.0,STOP,1,1,2.551878152209374,0.0,False
HDFCBANK,2025-02-03,TRAIN,SIDEWAYS,DEMAND,TRIPLE (3-TF),3,False,False,True,True,True,11.5,92,2.0,T1,1,4,1.6579566080717287,4.463448208651584,True
HDFCBANK,2025-02-10,TRAIN,SIDEWAYS,DEMAND,SINGLE (1-TF),1,False,False,False,False,True,8.5,78,2.0,T1,10,4,1.006950413832066,3.531694378269518,True
HDFCBANK,2025-02-17,TRAIN,SIDEWAYS,DEMAND,DUAL (2-TF),2,False,False,False,True,True,10.0,85,2.0,T1,5,4,1.006950413832066,3.531694378269518,True
HDFCBANK,2025-02-24,TRAIN,SIDEWAYS,SUPPLY,DUAL (2-TF),2,False,False,False,True,True,10.0,85,-1.0,STOP,4,12,1.9801504914373491,2.735007860597401,False
HDFCBANK,2025-03-04,TRAIN,SIDEWAYS,DEMAND,DUAL (2-TF),2,False,False,False,True,True,10.0,85,2.0,T1,1,13,1.802849665600465,6.096733546573609,True
HDFCBANK,2025-03-11,TRAIN,SIDEWAYS,SUPPLY,DUAL (2-TF),2,False,False,False,True,True,10.0,85,-1.0,STOP,2,5,4.475456586372186,0.3798313209149925,False
HDFCBANK,2025-03-26,TRAIN,BULL,DEMAND,SINGLE (1-TF),1,False,False,False,False,True,8.5,78,2.0,T1,4,3,0.28283439638716307,4.04464826109223,True
HDFCBANK,2025-04-03,TRAIN,BULL,SUPPLY,SINGLE (1-TF),1,False,False,False,False,True,8.5,78,3.5,T2,2,1,0.7529051091599641,4.922060795960469,True
HDFCBANK,2025-04-11,TRAIN,BULL,DEMAND,TRIPLE (3-TF),3,False,False,True,True,True,11.5,92,2.0,T1,1,2,1.231594880968764,4.836934085592412,True
HDFCBANK,2025-04-29,TRAIN,BULL,SUPPLY,SINGLE (1-TF),1,False,False,False,False,True,8.5,78,-1.0,STOP,2,26,3.1669630591968536,2.4918270203499304,False
HDFCBANK,2025-05-07,TRAIN,BULL,SUPPLY,SINGLE (1-TF),1,False,False,False,False,True,8.5,78,-1.0,STOP,1,22,3.1669630591968536,2.4918270203499304,False
HDFCBANK,2025-05-14,TRAIN,BULL,DEMAND,SINGLE (1-TF),1,False,False,False,False,True,8.5,78,2.0,T1,1,17,0.6860989449610577,4.5125029666227885,True
HDFCBANK,2025-05-21,TRAIN,BULL,SUPPLY,DUAL (2-TF),2,False,False,False,True,True,10.0,85,-1.0,STOP,1,12,4.103715802368307,0.6468805742408267,False
HDFCBANK,2025-05-28,TRAIN,BULL,DEMAND,SINGLE (1-TF),1,False,False,False,False,True,8.5,78,2.0,T1,1,7,0.6568355979135816,3.9785777148131385,True
HDFCBANK,2025-06-04,TRAIN,BULL,DEMAND,SINGLE (1-TF),1,False,False,False,False,True,8.5,78,2.0,T1,1,2,0.3687197409342965,3.5418470187138618,True
HDFCBANK,2025-06-11,TRAIN,BULL,SUPPLY,SINGLE (1-TF),1,False,False,False,False,True,8.5,78,-1.0,STOP,1,11,4.274826961194793,1.5941829282511648,False
HDFCBANK,2025-06-18,TRAIN,BULL,DEMAND,SINGLE (1-TF),1,False,False,False,False,True,8.5,78,2.0,T1,1,2,0.1566876656757341,2.598224921924472,True
HDFCBANK,2025-07-02,TRAIN,BULL,SUPPLY,SINGLE (1-TF),1,False,False,False,False,True,8.5,78,2.0,T1,1,4,0.34221956726436925,1.7890590986868045,True
HDFCBANK,2025-07-09,TRAIN,BULL,SUPPLY,DUAL (2-TF),2,False,False,False,True,True,10.0,85,2.0,T1,1,7,0.8833634903531361,2.593164860633906,True
HDFCBANK,2025-07-16,TRAIN,BULL,SUPPLY,DUAL (2-TF),2,False,False,False,True,True,10.0,85,2.0,T1,1,2,0.8228947609033463,2.651549785133037,True
HDFCBANK,2025-07-23,TRAIN,BULL,DEMAND,SINGLE (1-TF),1,False,False,False,False,True,8.5,78,-1.0,STOP,10,14,2.31930738772747,2.251605358718168,False
HDFCBANK,2025-07-30,TRAIN,BULL,SUPPLY,SINGLE (1-TF),1,False,False,False,False,True,8.5,78,2.0,T1,1,18,1.1646850493296221,3.642802934480142,True
HDFCBANK,2025-08-06,TRAIN,BULL,SUPPLY,SINGLE (1-TF),1,False,False,False,False,True,8.5,78,2.0,T1,8,6,0.7153466096814209,3.7868913744152466,True
HDFCBANK,2025-08-13,TRAIN,BULL,DEMAND,DUAL (2-TF),2,False,False,True,False,True,10.0,85,-1.0,STOP,1,6,1.5091366715095458,1.9879678323681629,False
HDFCBANK,2025-08-21,TRAIN,BULL,DEMAND,DUAL (2-TF),2,False,False,False,True,True,10.0,85,-1.0,STOP,1,1,1.8505679153326922,0.17537062338139311,False
HDFCBANK,2025-08-29,TRAIN,BULL,SUPPLY,DUAL (2-TF),2,False,False,False,True,True,10.0,85,-1.0,STOP,27,8,2.4418940676216905,1.8216158196755126,False
HDFCBANK,2025-09-05,VALIDATION,BULL,DEMAND,DUAL (2-TF),2,False,False,True,False,True,10.0,85,-1.0,STOP,14,3,1.2516968990839337,0.7354120124421447,False
HDFCBANK,2025-09-12,VALIDATION,BULL,SUPPLY,DUAL (2-TF),2,False,False,True,False,True,10.0,85,-1.0,STOP,1,4,1.501922165464215,0.4097108852493654,False
HDFCBANK,2025-09-19,VALIDATION,BULL,DEMAND,DUAL (2-TF),2,False,False,False,True,True,10.0,85,-1.0,STOP,1,2,1.4541527751567385,0.7328426747184894,False
HDFCBANK,2025-09-26,VALIDATION,SIDEWAYS,SUPPLY,SINGLE (1-TF),1,False,False,False,False,True,8.5,78,-1.0,STOP,4,3,2.680529778977556,1.8675130757550233,False
HDFCBANK,2025-10-20,VALIDATION,BULL,DEMAND,DUAL (2-TF),2,False,False,False,True,True,10.0,85,2.0,T1,12,10,0.43436243284528836,3.409433354462601,True
HDFCBANK,2025-10-28,VALIDATION,BULL,SUPPLY,TRIPLE (3-TF),3,False,True,True,False,True,11.5,92,2.0,T1,2,5,0.3667912816533809,3.450256451596651,True
HDFCBANK,2025-11-04,VALIDATION,BULL,DEMAND,DUAL (2-TF),2,False,False,False,True,True,10.0,85,-1.0,STOP,1,1,3.659946709567139,0.0,False
HDFCBANK,2025-11-12,VALIDATION,BULL,DEMAND,DUAL (2-TF),2,False,False,False,True,True,10.0,85,-1.0,STOP,1,2,1.8060399046869169,0.5031549451336079,False
HDFCBANK,2025-11-19,VALIDATION,BULL,DEMAND,DUAL (2-TF),2,False,False,False,True,True,10.0,85,2.0,T1,1,1,0.2689058314444688,2.528332989903149,True
HDFCBANK,2025-11-26,VALIDATION,BULL,DEMAND,DUAL (2-TF),2,False,False,False,True,True,10.0,85,-1.0,STOP,1,16,2.1422293084769244,2.30167003945137,False
HDFCBANK,2025-12-03,VALIDATION,BULL,SUPPLY,DUAL (2-TF),2,False,True,False,False,True,10.0,85,2.0,T1,3,9,0.0989279441158081,3.3473985988572785,True
HDFCBANK,2025-12-10,VALIDATION,BULL,DEMAND,TRIPLE (3-TF),3,False,False,True,True,True,11.5,92,-1.0,STOP,1,5,1.9202423429192956,0.46964106004696454,False
HDFCBANK,2025-12-17,VALIDATION,SIDEWAYS,DEMAND,TRIPLE (3-TF),3,False,False,True,True,True,11.5,92,-1.0,STOP,1,1,2.426447359034715,0.0,False
HDFCBANK,2025-12-24,VALIDATION,BULL,SUPPLY,DUAL (2-TF),2,False,True,False,False,True,10.0,85,2.0,T1,1,7,1.3234222117270185,3.4435671824146,True
HDFCBANK,2026-01-01,VALIDATION,SIDEWAYS,DEMAND,TRIPLE (3-TF),3,False,False,True,True,True,11.5,92,-1.0,STOP,1,2,4.072910504090245,0.6630082213019441,False
HDFCBANK,2026-01-16,VALIDATION,BEAR,SUPPLY,SINGLE (1-TF),1,False,False,False,False,True,8.5,78,-1.0,STOP,8,4,2.1612003775590973,2.951036660120867,False
HDFCBANK,2026-01-23,VALIDATION,BEAR,DEMAND,TRIPLE (3-TF),3,False,True,True,False,True,11.5,92,-1.0,STOP,1,1,2.2089434198530316,0.6217115741605211,False
HDFCBANK,2026-02-02,VALIDATION,BEAR,DEMAND,TRIPLE (3-TF),3,False,True,True,False,True,11.5,92,2.0,T1,1,1,1.1623924068815379,4.044064837629695,True
HDFCBANK,2026-02-17,VALIDATION,BEAR,SUPPLY,DUAL (2-TF),2,False,False,False,True,True,10.0,85,2.0,T1,1,8,0.22587223964387393,4.541567070897563,True
HDFCBANK,2026-02-24,VALIDATION,BEAR,SUPPLY,DUAL (2-TF),2,False,False,False,True,True,10.0,85,2.0,T1,1,1,0.5142152436741696,2.1768812349974653,True
HDFCBANK,2026-03-11,TEST_OOS,BEAR,DEMAND,ATZ (4-TF),4,True,True,True,True,True,13.0,100,-1.0,STOP,1,1,5.523871980138883,0.0,False
HDFCBANK,2026-03-18,TEST_OOS,BEAR,DEMAND,ATZ (4-TF),4,True,True,True,True,True,13.0,100,-1.0,STOP,2,1,6.097984280861818,0.0,False
HDFCBANK,2026-03-25,TEST_OOS,BEAR,SUPPLY,DUAL (2-TF),2,False,False,True,False,True,10.0,85,-1.0,STOP,1,12,5.074568544448067,6.89286877238684,False
HDFCBANK,2026-04-06,TEST_OOS,BEAR,SUPPLY,DUAL (2-TF),2,False,False,True,False,True,10.0,85,-1.0,STOP,1,2,8.144911950530991,1.4813819061701818,False
HDFCBANK,2026-04-13,TEST_OOS,BEAR,SUPPLY,DUAL (2-TF),2,False,False,False,True,True,10.0,85,2.0,T1,2,19,2.5070522757884595,6.524943454725662,True
HDFCBANK,2026-04-21,TEST_OOS,BEAR,DEMAND,ATZ (4-TF),4,True,True,True,True,True,13.0,100,-1.0,STOP,1,2,4.339559333407905,0.0,False
HDFCBANK,2026-04-28,TEST_OOS,BEAR,DEMAND,ATZ (4-TF),4,True,True,True,True,True,13.0,100,-1.0,STOP,1,1,1.8495462771623992,0.3157448883983053,False
HDFCBANK,2026-05-05,TEST_OOS,BEAR,SUPPLY,SINGLE (1-TF),1,False,False,False,False,True,8.5,78,-1.0,STOP,2,1,2.4278402743498404,1.15741342131928,False
HDFCBANK,2026-05-12,TEST_OOS,BEAR,DEMAND,TRIPLE (3-TF),3,False,True,False,True,True,11.5,92,-1.0,STOP,1,1,3.4930427933840775,0.0,False
HDFCBANK,2026-05-19,TEST_OOS,BEAR,DEMAND,TRIPLE (3-TF),3,False,True,False,True,True,11.5,92,-1.0,STOP,9,1,1.8938574672866864,1.1314480372012552,False
HDFCBANK,2026-05-26,TEST_OOS,BEAR,SUPPLY,SINGLE (1-TF),1,False,False,False,False,True,8.5,78,-1.0,STOP,1,14,3.908257124981698,4.1052673615271,False
HDFCBANK,2026-06-02,TEST_OOS,BEAR,SUPPLY,TRIPLE (3-TF),3,False,False,True,True,True,11.5,92,-1.0,STOP,9,1,4.477072570067196,0.8418770243863217,False
HDFCBANK,2026-06-09,TEST_OOS,BEAR,DEMAND,DUAL (2-TF),2,False,True,False,False,True,10.0,85,2.0,T1,1,4,2.131561786762316,6.046897076404737,True
HDFCBANK,2026-06-16,TEST_OOS,BEAR,SUPPLY,DUAL (2-TF),2,False,False,False,True,True,10.0,85,-1.0,STOP,1,2,3.0878456860211645,0.0,False
HDFCBANK,2026-06-23,TEST_OOS,BEAR,SUPPLY,SINGLE (1-TF),1,False,False,False,False,True,8.5,78,-1.0,STOP,1,1,2.7400801344190167,0.14863642238594946,False
HDFCBANK,2026-06-30,TEST_OOS,BEAR,DEMAND,ATZ (4-TF),4,True,True,True,True,True,13.0,100,-1.0,STOP,15,1,2.93084732775684,0.8875550731115569,False
HDFCBANK,2026-07-07,TEST_OOS,BEAR,DEMAND,ATZ (4-TF),4,True,True,True,True,True,13.0,100,-1.0,STOP,10,1,5.541264337819537,0.0,False
HDFCBANK,2026-08-04,TEST_OOS,BEAR,SUPPLY,SINGLE (1-TF),1,False,False,False,False,True,8.5,78,2.0,T1,1,1,0.05313496280553812,2.6833156216790557,True
HDFCBANK,2026-08-25,TEST_OOS,BEAR,SUPPLY,DUAL (2-TF),2,False,False,False,True,True,10.0,85,2.0,T1,1,3,0.5432913829860457,2.7577195516126753,True
INFY,2022-06-16,TRAIN,BEAR,DEMAND,SINGLE (1-TF),1,False,False,False,False,True,8.5,78,-1.0,STOP,1,1,5.295223533633415,0.010921203516617599,False
INFY,2022-06-23,TRAIN,BEAR,DEMAND,SINGLE (1-TF),1,False,False,False,False,True,8.5,78,2.0,T1,16,4,0.24765878830348953,7.895616996878392,True
INFY,2022-06-30,TRAIN,BEAR,DEMAND,SINGLE (1-TF),1,False,False,False,False,True,8.5,78,-1.0,STOP,9,2,1.617212658763418,2.1813566094948498,False
INFY,2022-07-07,TRAIN,SIDEWAYS,SUPPLY,SINGLE (1-TF),1,False,False,False,False,True,8.5,78,-1.0,STOP,1,1,2.4793451303196687,0.0,False
INFY,2022-07-14,TRAIN,BEAR,SUPPLY,SINGLE (1-TF),1,False,False,False,False,True,8.5,78,-1.0,STOP,3,2,3.5745136261132124,1.7039330352023996,False
INFY,2022-07-21,TRAIN,SIDEWAYS,DEMAND,SINGLE (1-TF),1,False,False,False,False,True,8.5,78,-1.0,STOP,3,36,8.158545157706179,9.493359938928077,False
INFY,2022-07-28,TRAIN,SIDEWAYS,SUPPLY,SINGLE (1-TF),1,False,False,False,False,True,8.5,78,-1.0,STOP,1,1,5.108344999695668,0.0,False
INFY,2022-08-04,TRAIN,BULL,DEMAND,SINGLE (1-TF),1,False,False,False,False,True,8.5,78,-1.0,STOP,14,14,5.822850569594422,2.345912649820023,False
INFY,2022-08-22,TRAIN,BULL,SUPPLY,DUAL (2-TF),2,False,False,False,True,True,10.0,85,2.0,T1,1,5,0.30729887818249574,9.039532057984122,True
INFY,2022-08-29,TRAIN,BEAR,SUPPLY,DUAL (2-TF),2,False,False,False,True,True,10.0,85,2.0,T1,10,2,1.1723449834199033,4.104674707280558,True
INFY,2022-09-06,TRAIN,BEAR,SUPPLY,SINGLE (1-TF),1,False,False,False,False,True,8.5,78,-1.0,STOP,1,3,4.106377070928332,1.5071113442137387,False
INFY,2022-09-13,TRAIN,SIDEWAYS,SUPPLY,DUAL (2-TF),2,False,False,False,True,True,10.0,85,2.0,T1,1,1,1.1723449834199033,4.104674707280558,True
INFY,2022-09-20,TRAIN,BEAR,SUPPLY,SINGLE (1-TF),1,False,False,False,False,True,8.5,78,-1.0,STOP,12,8,5.4546026156941725,1.343215543259551,False
INFY,2022-09-27,TRAIN,BEAR,SUPPLY,SINGLE (1-TF),1,False,False,False,False,True,8.5,78,-1.0,STOP,1,5,3.017220431239774,1.0286899188387808,False
INFY,2022-10-12,TRAIN,BEAR,DEMAND,DUAL (2-TF),2,False,False,False,True,True,10.0,85,-1.0,STOP,1,1,2.5941675849331913,0.0,False
INFY,2022-10-19,TRAIN,SIDEWAYS,DEMAND,SINGLE (1-TF),1,False,False,False,False,True,8.5,78,2.0,T1,1,24,0.7272423939090716,11.371978038644707,True
INFY,2022-10-27,TRAIN,SIDEWAYS,DEMAND,SINGLE (1-TF),1,False,False,False,False,True,8.5,78,2.0,T1,10,1,0.18419377784433652,5.763917487177569,True
INFY,2022-11-03,TRAIN,SIDEWAYS,DEMAND,SINGLE (1-TF),1,False,False,False,False,True,8.5,78,-1.0,STOP,1,2,3.027493027130798,0.40641866193357684,False
INFY,2022-11-11,TRAIN,BULL,SUPPLY,SINGLE (1-TF),1,False,False,False,False,True,8.5,78,-1.0,STOP,1,1,5.568856965505002,0.0,False
INFY,2022-11-18,TRAIN,BULL,DEMAND,SINGLE (1-TF),1,False,False,False,False,True,8.5,78,-1.0,STOP,1,16,3.4852754140521336,5.506875689501302,False
INFY,2022-11-25,TRAIN,BULL,DEMAND,SINGLE (1-TF),1,False,False,False,False,True,8.5,78,-1.0,STOP,11,1,3.2895616968843537,2.901601830663618,False
INFY,2022-12-16,TRAIN,SIDEWAYS,DEMAND,DUAL (2-TF),2,False,False,False,True,True,10.0,85,-1.0,STOP,1,1,3.545248088311401,0.0,False
INFY,2022-12-23,TRAIN,SIDEWAYS,DEMAND,DUAL (2-TF),2,False,False,False,True,True,10.0,85,-1.0,STOP,1,1,3.6774851951934737,0.0,False
INFY,2022-12-30,TRAIN,SIDEWAYS,SUPPLY,SINGLE (1-TF),1,False,False,False,False,True,8.5,78,2.0,T1,1,4,0.7328769630632933,3.4337591975692696,True
INFY,2023-01-06,TRAIN,BEAR,SUPPLY,SINGLE (1-TF),1,False,False,False,False,True,8.5,78,-1.0,STOP,7,1,1.4710085973746245,1.1543789441280592,False
INFY,2023-01-13,TRAIN,SIDEWAYS,DEMAND,SINGLE (1-TF),1,False,False,False,False,True,8.5,78,2.0,T1,1,2,0.13564510995589366,4.912020127006272,True
INFY,2023-01-20,TRAIN,SIDEWAYS,DEMAND,DUAL (2-TF),2,False,False,False,True,True,10.0,85,-1.0,STOP,1,33,4.44780348171516,6.178437901624014,False
INFY,2023-01-30,TRAIN,SIDEWAYS,DEMAND,DUAL (2-TF),2,False,False,False,True,True,10.0,85,-1.0,STOP,1,1,1.6260221486669546,0.7083517422700553,False
INFY,2023-02-06,TRAIN,BULL,DEMAND,SINGLE (1-TF),1,False,False,False,False,True,8.5,78,-1.0,STOP,14,2,3.165688759937674,1.208678353669479,False
INFY,2023-02-13,TRAIN,BULL,DEMAND,SINGLE (1-TF),1,False,False,False,False,True,8.5,78,-1.0,STOP,1,9,2.8603646194468317,1.5058236855559992,False
INFY,2023-02-20,TRAIN,BULL,DEMAND,DUAL (2-TF),2,False,False,False,True,True,10.0,85,-1.0,STOP,1,2,2.3813852026904163,0.6124760533049929,False
INFY,2023-03-06,TRAIN,SIDEWAYS,SUPPLY,SINGLE (1-TF),1,False,False,False,False,True,8.5,78,2.0,T1,1,5,1.8764975032282531,5.45408403185716,True
INFY,2023-03-14,TRAIN,BEAR,DEMAND,DUAL (2-TF),2,False,False,False,True,True,10.0,85,-1.0,STOP,1,1,6.161516635428154,0.0,False
INFY,2023-03-21,TRAIN,BEAR,SUPPLY,SINGLE (1-TF),1,False,False,False,False,True,8.5,78,5.0,T3,8,8,1.0812761883837332,16.50711696301063,True
INFY,2023-03-28,TRAIN,BEAR,SUPPLY,DUAL (2-TF),2,False,False,False,True,True,10.0,85,-1.0,STOP,1,2,2.9299271126506428,1.7776815568545439,False
INFY,2023-04-06,TRAIN,BEAR,SUPPLY,SINGLE (1-TF),1,False,False,False,False,True,8.5,78,5.0,T3,1,5,2.1366741512413077,15.576378365083265,True
INFY,2023-04-24,TRAIN,BEAR,SUPPLY,SINGLE (1-TF),1,False,False,False,False,True,8.5,78,-1.0,STOP,6,3,1.6196086756536765,0.4051233060892268,False
INFY,2023-05-09,TRAIN,BEAR,SUPPLY,SINGLE (1-TF),1,False,False,False,False,True,8.5,78,2.0,T1,1,3,0.5872851449338823,2.356163421528534,True
INFY,2023-05-16,TRAIN,BEAR,SUPPLY,SINGLE (1-TF),1,False,False,False,False,True,8.5,78,-1.0,STOP,1,4,2.5608013968007586,1.6463554434666121,False
INFY,2023-05-30,TRAIN,BEAR,DEMAND,SINGLE (1-TF),1,False,False,False,False,True,8.5,78,-1.0,STOP,6,3,1.7908994636695954,0.5397465241007017,False
INFY,2023-06-06,TRAIN,BEAR,SUPPLY,DUAL (2-TF),2,False,False,False,True,True,10.0,85,2.0,T1,6,8,0.3604835714044492,2.9691351771181638,True
INFY,2023-06-13,TRAIN,BEAR,SUPPLY,DUAL (2-TF),2,False,False,False,True,True,10.0,85,-1.0,STOP,1,1,1.862816503148966,0.0,False
INFY,2023-06-20,TRAIN,BEAR,SUPPLY,SINGLE (1-TF),1,False,False,False,False,True,8.5,78,2.0,T1,1,2,0.3541663144726434,2.068365087146893,True
INFY,2023-06-27,TRAIN,BEAR,SUPPLY,DUAL (2-TF),2,False,False,False,True,True,10.0,85,-1.0,STOP,1,2,4.475474093197574,0.5729430230463812,False
INFY,2023-07-05,TRAIN,BEAR,DEMAND,TRIPLE (3-TF),3,False,False,True,True,True,11.5,92,2.0,T1,13,10,0.7623059755761087,5.389636985213606,True
INFY,2023-07-12,TRAIN,BEAR,SUPPLY,SINGLE (1-TF),1,False,False,False,False,True,8.5,78,-1.0,STOP,1,1,2.417825020441532,1.2869991823385127,False
INFY,2023-07-19,TRAIN,BULL,SUPPLY,TRIPLE (3-TF),3,False,False,True,True,True,11.5,92,-1.0,STOP,1,1,6.9676953731741325,0.0,False
INFY,2023-07-26,TRAIN,BEAR,DEMAND,TRIPLE (3-TF),3,False,False,True,True,True,11.5,92,2.0,T1,1,27,2.3326784333934576,7.68487503220818,True
INFY,2023-08-09,TRAIN,SIDEWAYS,DEMAND,DUAL (2-TF),2,False,False,True,False,True,10.0,85,2.0,T1,3,8,0.26971920304396585,4.0714755888066545,True
INFY,2023-08-17,TRAIN,SIDEWAYS,DEMAND,DUAL (2-TF),2,False,False,True,False,True,10.0,85,2.0,T1,2,11,0.42087807959571655,5.603284902084634,True
INFY,2023-08-24,TRAIN,SIDEWAYS,DEMAND,DUAL (2-TF),2,False,False,True,False,True,10.0,85,2.0,T1,35,2,0.2638914990916409,3.537085760821906,True
INFY,2023-08-31,TRAIN,SIDEWAYS,SUPPLY,SINGLE (1-TF),1,False,False,False,False,True,8.5,78,-1.0,STOP,1,1,2.1437833388978964,0.0,False
INFY,2023-09-07,TRAIN,BULL,DEMAND,SINGLE (1-TF),1,False,False,False,False,True,8.5,78,-1.0,STOP,1,15,3.3513391852352066,3.6379323280066025,False
INFY,2023-09-14,TRAIN,BULL,DEMAND,SINGLE (1-TF),1,False,False,False,False,True,8.5,78,-1.0,STOP,4,5,1.7882268859391155,2.0651712662760664,False
INFY,2023-09-22,TRAIN,BULL,DEMAND,DUAL (2-TF),2,False,False,False,True,True,10.0,85,-1.0,STOP,1,1,2.2160381561744433,0.13585467931723,False
INFY,2023-09-29,TRAIN,SIDEWAYS,DEMAND,TRIPLE (3-TF),3,False,False,True,True,True,11.5,92,-1.0,STOP,1,1,4.2692170501159294,0.0,False
INFY,2023-10-09,TRAIN,BULL,DEMAND,SINGLE (1-TF),1,False,False,False,False,True,8.5,78,-1.0,STOP,5,6,2.5105819498342825,1.2499330256339547,False
INFY,2023-10-16,TRAIN,SIDEWAYS,DEMAND,TRIPLE (3-TF),3,False,False,True,True,True,11.5,92,-1.0,STOP,1,5,2.1447105559255077,1.2499330256339547,False
INFY,2023-10-23,TRAIN,SIDEWAYS,DEMAND,TRIPLE (3-TF),3,False,False,True,True,True,11.5,92,-1.0,STOP,1,1,4.373875659359096,0.0,False
INFY,2023-10-31,TRAIN,SIDEWAYS,DEMAND,TRIPLE (3-TF),3,False,False,True,True,True,11.5,92,2.0,T1,2,2,0.5739190127635162,2.3946551297503973,True
INFY,2023-11-07,TRAIN,SIDEWAYS,DEMAND,TRIPLE (3-TF),3,False,False,True,True,True,11.5,92,2.0,T1,3,4,0.6676434483031769,6.076109769136324,True
INFY,2023-11-15,TRAIN,SIDEWAYS,SUPPLY,DUAL (2-TF),2,False,False,False,True,True,10.0,85,-1.0,STOP,1,1,4.485634268685593,0.0,False
INFY,2023-11-30,TRAIN,BULL,SUPPLY,DUAL (2-TF),2,False,False,True,False,True,10.0,85,-1.0,STOP,1,2,2.4857954545454612,0.0,False
INFY,2023-12-07,TRAIN,BULL,SUPPLY,DUAL (2-TF),2,False,False,True,False,True,10.0,85,-1.0,STOP,1,1,2.8523853258962273,0.0,False
INFY,2023-12-14,TRAIN,BULL,DEMAND,TRIPLE (3-TF),3,False,False,True,True,True,11.5,92,3.5,T2,1,1,0.7802311959861135,8.15816811440444,True
INFY,2023-12-22,TRAIN,BULL,SUPPLY,TRIPLE (3-TF),3,False,False,True,True,True,11.5,92,-1.0,STOP,1,14,3.8313695997325965,4.6008467730703835,False
INFY,2024-01-01,TRAIN,BULL,DEMAND,SINGLE (1-TF),1,False,False,False,False,True,8.5,78,-1.0,STOP,1,2,3.6237893760278848,0.8448011695084399,False
INFY,2024-01-08,TRAIN,BULL,SUPPLY,TRIPLE (3-TF),3,False,False,True,True,True,11.5,92,-1.0,STOP,1,4,5.448296346586326,3.115231750611728,False
INFY,2024-01-23,TRAIN,BULL,DEMAND,SINGLE (1-TF),1,False,False,False,False,True,8.5,78,2.0,T1,1,7,0.4314695695200372,4.480950024740232,True
INFY,2024-01-31,TRAIN,BULL,DEMAND,SINGLE (1-TF),1,False,False,False,False,True,8.5,78,2.0,T1,1,2,0.4070592116114183,4.480950024740232,True
INFY,2024-02-07,TRAIN,BULL,SUPPLY,SINGLE (1-TF),1,False,False,False,False,True,8.5,78,2.0,T1,1,31,2.647769367047828,11.05427605089386,True
INFY,2024-02-14,TRAIN,BULL,SUPPLY,SINGLE (1-TF),1,False,False,False,False,True,8.5,78,2.0,T1,2,14,1.4674378059842605,6.565835268687166,True
INFY,2024-02-21,TRAIN,BULL,DEMAND,SINGLE (1-TF),1,False,False,False,False,True,8.5,78,-1.0,STOP,1,9,4.4725416227198975,1.2786085426062643,False
INFY,2024-02-28,TRAIN,BULL,SUPPLY,SINGLE (1-TF),1,False,False,False,False,True,8.5,78,2.0,T1,1,4,1.3692916310929057,3.7839634507973923,True
INFY,2024-03-06,TRAIN,BULL,SUPPLY,TRIPLE (3-TF),3,False,False,True,True,True,11.5,92,2.0,T1,6,3,0.18427679555112175,5.844394312995129,True
INFY,2024-03-14,TRAIN,BULL,SUPPLY,TRIPLE (3-TF),3,False,False,True,True,True,11.5,92,2.0,T1,1,5,1.2553438276719173,5.729246064623036,True
INFY,2024-04-01,TRAIN,SIDEWAYS,SUPPLY,SINGLE (1-TF),1,False,False,False,False,True,8.5,78,2.0,T1,1,12,2.5433837112892217,7.590149388336955,True
INFY,2024-04-08,TRAIN,SIDEWAYS,SUPPLY,SINGLE (1-TF),1,False,False,False,False,True,8.5,78,2.0,T1,1,5,1.7920859267258635,4.982232372835595,True
INFY,2024-04-16,TRAIN,BEAR,SUPPLY,DUAL (2-TF),2,False,False,False,True,True,10.0,85,-1.0,STOP,35,1,4.675837528206898,2.2724642712492096,False
INFY,2024-04-24,TRAIN,BEAR,DEMAND,DUAL (2-TF),2,False,False,True,False,True,10.0,85,2.0,T1,7,23,1.8231028888222522,6.557326628374584,True
INFY,2024-05-02,TRAIN,BEAR,SUPPLY,SINGLE (1-TF),1,False,False,False,False,True,8.5,78,-1.0,STOP,1,10,2.5179773649500645,1.1829526436851894,False
INFY,2024-05-09,TRAIN,BEAR,DEMAND,TRIPLE (3-TF),3,False,False,True,True,True,11.5,92,-1.0,STOP,1,17,2.831746611568993,3.7662762646210517,False
INFY,2024-05-16,TRAIN,SIDEWAYS,SUPPLY,SINGLE (1-TF),1,False,False,False,False,True,8.5,78,-1.0,STOP,1,1,2.249552602520654,0.0,False
INFY,2024-05-24,TRAIN,SIDEWAYS,DEMAND,SINGLE (1-TF),1,False,False,False,False,True,8.5,78,2.0,T1,5,1,0.8784606886950301,2.185937062566669,True
INFY,2024-05-31,TRAIN,BEAR,SUPPLY,SINGLE (1-TF),1,False,False,False,False,True,8.5,78,3.5,T2,2,1,0.1198269166759045,5.557158178926743,True
INFY,2024-06-07,TRAIN,BULL,SUPPLY,TRIPLE (3-TF),3,False,False,True,True,True,11.5,92,-1.0,STOP,1,1,7.0520359480749955,0.0,False
INFY,2024-06-14,TRAIN,SIDEWAYS,SUPPLY,TRIPLE (3-TF),3,False,False,True,True,True,11.5,92,-1.0,STOP,1,4,4.145151424629082,0.6486578756454656,False
INFY,2024-06-24,TRAIN,BULL,SUPPLY,TRIPLE (3-TF),3,False,False,True,True,True,11.5,92,-1.0,STOP,1,1,3.2191069574247138,0.0,False
INFY,2024-07-15,TRAIN,BULL,SUPPLY,DUAL (2-TF),2,False,False,True,False,True,10.0,85,-1.0,STOP,1,1,5.093894146332039,0.0,False
INFY,2024-07-30,TRAIN,BULL,DEMAND,SINGLE (1-TF),1,False,False,False,False,True,8.5,78,-1.0,STOP,4,1,5.825152158197879,1.8993540563859896,False
INFY,2024-08-06,TRAIN,BULL,SUPPLY,DUAL (2-TF),2,False,False,False,True,True,10.0,85,-1.0,STOP,1,1,4.589591726852459,0.0,False
INFY,2024-08-13,TRAIN,BULL,SUPPLY,DUAL (2-TF),2,False,False,False,True,True,10.0,85,-1.0,STOP,1,1,1.8615063059639538,0.1454765693655926,False
INFY,2024-08-28,TRAIN,BULL,SUPPLY,DUAL (2-TF),2,False,False,False,True,True,10.0,85,-1.0,STOP,1,1,3.762589113952699,0.0,False
INFY,2024-09-04,TRAIN,BULL,DEMAND,SINGLE (1-TF),1,False,False,False,False,True,8.5,78,-1.0,STOP,1,1,2.2457089062089484,0.0,False
INFY,2024-09-11,TRAIN,BULL,SUPPLY,DUAL (2-TF),2,False,False,False,True,True,10.0,85,-1.0,STOP,2,1,1.6795166350019801,0.8019263906685044,False
INFY,2024-09-18,TRAIN,BULL,DEMAND,DUAL (2-TF),2,False,False,False,True,True,10.0,85,-1.0,STOP,1,1,1.87467357121426,1.256264654568899,False
INFY,2024-09-25,TRAIN,BULL,SUPPLY,SINGLE (1-TF),1,False,False,False,False,True,8.5,78,3.5,T2,3,1,1.3785946418330288,3.9659174700275774,True
INFY,2024-10-03,TRAIN,BULL,SUPPLY,DUAL (2-TF),2,False,False,True,False,True,10.0,85,2.0,T1,2,2,0.5238004205696888,3.1706584373378464,True
INFY,2024-10-10,TRAIN,BULL,SUPPLY,DUAL (2-TF),2,False,False,True,False,True,10.0,85,-1.0,STOP,1,2,1.1164213343528993,1.9329819482753843,False
INFY,2024-10-17,TRAIN,BULL,DEMAND,DUAL (2-TF),2,False,False,False,True,True,10.0,85,-1.0,STOP,1,1,3.403043497383125,2.216651273255043,False
INFY,2024-10-24,TRAIN,BULL,SUPPLY,DUAL (2-TF),2,False,False,True,False,True,10.0,85,-1.0,STOP,1,31,5.765823895312976,7.556642272143266,False
INFY,2024-10-31,TRAIN,BULL,DEMAND,SINGLE (1-TF),1,False,False,False,False,True,8.5,78,-1.0,STOP,1,1,4.9408302655911065,0.0,False
INFY,2024-11-14,TRAIN,BULL,DEMAND,DUAL (2-TF),2,False,False,False,True,True,10.0,85,2.0,T1,2,5,1.9095246306834526,5.937805368741735,True
INFY,2024-11-25,TRAIN,BULL,SUPPLY,DUAL (2-TF),2,False,False,True,False,True,10.0,85,-1.0,STOP,1,1,3.9715671894392472,0.0,False
INFY,2024-12-02,TRAIN,BULL,SUPPLY,DUAL (2-TF),2,False,False,True,False,True,10.0,85,-1.0,STOP,4,3,2.1354511119977793,1.8474084357697602,False
INFY,2024-12-09,TRAIN,BULL,DEMAND,SINGLE (1-TF),1,False,False,False,False,True,8.5,78,-1.0,STOP,14,1,2.3395394414502686,1.415861208854843,False
INFY,2024-12-16,TRAIN,BULL,DEMAND,SINGLE (1-TF),1,False,False,False,False,True,8.5,78,-1.0,STOP,4,5,3.1844142383641216,1.6113708258207955,False
INFY,2024-12-23,TRAIN,BULL,SUPPLY,DUAL (2-TF),2,False,False,True,False,True,10.0,85,2.0,T1,9,9,0.6627114028014419,8.008608306054105,True
INFY,2025-01-01,TRAIN,BULL,SUPPLY,TRIPLE (3-TF),3,False,False,True,True,True,11.5,92,2.0,T1,2,11,2.523631854325532,6.307991863462803,True
INFY,2025-01-08,TRAIN,BULL,DEMAND,SINGLE (1-TF),1,False,False,False,False,True,8.5,78,-1.0,STOP,8,1,4.746152900550945,0.0,False
INFY,2025-01-15,TRAIN,BULL,DEMAND,SINGLE (1-TF),1,False,False,False,False,True,8.5,78,-1.0,STOP,2,1,6.310539683575627,1.7012296932021502,False
INFY,2025-01-22,TRAIN,BULL,SUPPLY,DUAL (2-TF),2,False,False,True,False,True,10.0,85,-1.0,STOP,1,12,3.770437860960129,2.6397603621798855,False
INFY,2025-01-29,TRAIN,BULL,SUPPLY,DUAL (2-TF),2,False,False,True,False,True,10.0,85,-1.0,STOP,1,5,2.449957710741474,1.7744572878488878,False
INFY,2025-02-04,TRAIN,BULL,SUPPLY,DUAL (2-TF),2,False,False,True,False,True,10.0,85,-1.0,STOP,1,1,2.602980778420556,0.0,False
INFY,2025-02-11,TRAIN,BULL,DEMAND,DUAL (2-TF),2,False,False,False,True,True,10.0,85,-1.0,STOP,1,2,2.374732178320292,1.2072254513110063,False
INFY,2025-02-25,TRAIN,SIDEWAYS,DEMAND,DUAL (2-TF),2,False,False,False,True,True,10.0,85,-1.0,STOP,1,1,4.6335575099155095,0.0,False
INFY,2025-03-05,TRAIN,BEAR,DEMAND,DUAL (2-TF),2,False,False,False,True,True,10.0,85,-1.0,STOP,1,1,3.4379617283505715,0.0,False
INFY,2025-03-20,TRAIN,BEAR,DEMAND,TRIPLE (3-TF),3,False,False,True,True,True,11.5,92,-1.0,STOP,1,7,5.089517094410614,2.407292913613696,False
INFY,2025-03-27,TRAIN,BEAR,DEMAND,TRIPLE (3-TF),3,False,False,True,True,True,11.5,92,-1.0,STOP,1,2,5.012671559753815,1.3764276075436825,False
INFY,2025-04-04,TRAIN,BEAR,DEMAND,TRIPLE (3-TF),3,False,False,True,True,True,11.5,92,-1.0,STOP,1,1,15.088769527245887,0.0,False
INFY,2025-04-15,TRAIN,BEAR,DEMAND,TRIPLE (3-TF),3,False,False,True,True,True,11.5,92,2.0,T1,1,17,5.315451372580203,10.752299676997445,True
INFY,2025-04-30,TRAIN,BEAR,SUPPLY,SINGLE (1-TF),1,False,False,False,False,True,8.5,78,-1.0,STOP,8,1,5.015450602607763,0.0,False
INFY,2025-05-08,TRAIN,BEAR,SUPPLY,SINGLE (1-TF),1,False,False,False,False,True,8.5,78,-1.0,STOP,3,1,5.015450602607763,0.0,False
INFY,2025-05-23,TRAIN,BEAR,SUPPLY,DUAL (2-TF),2,False,False,False,True,True,10.0,85,-1.0,STOP,5,8,2.529953886562267,2.0562491316515445,False
INFY,2025-05-30,TRAIN,BEAR,SUPPLY,DUAL (2-TF),2,False,False,False,True,True,10.0,85,-1.0,STOP,1,6,2.563192132219445,0.8213469822532771,False
INFY,2025-06-06,TRAIN,BEAR,DEMAND,DUAL (2-TF),2,False,False,True,False,True,10.0,85,2.0,T1,1,3,1.0199804387313072,4.849065516943112,True
INFY,2025-06-13,TRAIN,BEAR,DEMAND,SINGLE (1-TF),1,False,False,False,False,True,8.5,78,-1.0,STOP,1,20,2.0674101804190825,3.321114750688914,False
INFY,2025-06-20,TRAIN,BEAR,DEMAND,SINGLE (1-TF),1,False,False,False,False,True,8.5,78,-1.0,STOP,1,1,3.9330533346827283,0.0,False
INFY,2025-06-27,TRAIN,BEAR,DEMAND,SINGLE (1-TF),1,False,False,False,False,True,8.5,78,-1.0,STOP,2,9,2.37323934536691,2.9984580099257494,False
INFY,2025-07-04,TRAIN,BEAR,SUPPLY,TRIPLE (3-TF),3,False,False,True,True,True,11.5,92,-1.0,STOP,1,1,2.2390514833474198,0.0,False
INFY,2025-07-18,TRAIN,BEAR,DEMAND,SINGLE (1-TF),1,False,False,False,False,True,8.5,78,-1.0,STOP,1,3,2.2451769908609744,0.8641838009695106,False
INFY,2025-07-25,TRAIN,BEAR,DEMAND,DUAL (2-TF),2,False,False,True,False,True,10.0,85,-1.0,STOP,1,1,6.501985463918192,0.0,False
INFY,2025-08-01,TRAIN,BEAR,SUPPLY,DUAL (2-TF),2,False,False,False,True,True,10.0,85,2.0,T1,33,6,0.16102091267454097,7.169105365136631,True
INFY,2025-08-08,TRAIN,BEAR,SUPPLY,SINGLE (1-TF),1,False,False,False,False,True,8.5,78,-1.0,STOP,5,3,2.6501967581082932,2.335525848474939,False
INFY,2025-08-18,TRAIN,BEAR,SUPPLY,DUAL (2-TF),2,False,False,False,True,True,10.0,85,-1.0,STOP,1,2,2.6501967581082932,2.1025415180917952,False
INFY,2025-08-25,TRAIN,BEAR,DEMAND,DUAL (2-TF),2,False,False,True,False,True,10.0,85,3.5,T2,9,2,0.8125337655321428,4.666306500990454,True
INFY,2025-09-02,VALIDATION,BEAR,SUPPLY,DUAL (2-TF),2,False,False,False,True,True,10.0,85,-1.0,STOP,1,12,3.659270220372139,4.7863697024595675,False
INFY,2025-09-09,VALIDATION,BEAR,SUPPLY,DUAL (2-TF),2,False,False,False,True,True,10.0,85,-1.0,STOP,1,1,4.9148480594432815,0.0,False
INFY,2025-09-16,VALIDATION,BEAR,SUPPLY,DUAL (2-TF),2,False,False,True,False,True,10.0,85,-1.0,STOP,1,2,3.000467212664201,0.41087231352718206,False
INFY,2025-09-23,VALIDATION,BEAR,SUPPLY,SINGLE (1-TF),1,False,False,False,False,True,8.5,78,2.0,T1,13,3,0.3166071746057715,3.2563355625760826,True
INFY,2025-09-30,VALIDATION,BEAR,SUPPLY,SINGLE (1-TF),1,False,False,False,False,True,8.5,78,-1.0,STOP,6,1,1.966551165260148,2.007069803833903,False
INFY,2025-10-08,VALIDATION,BEAR,DEMAND,ATZ (4-TF),4,True,True,True,True,True,13.0,100,3.5,T2,8,3,0.8712113063867221,6.871455102143263,True
INFY,2025-10-15,VALIDATION,BEAR,DEMAND,TRIPLE (3-TF),3,False,False,True,True,True,11.5,92,-1.0,STOP,1,2,2.9573421124674386,0.7377561263240646,False
INFY,2025-10-23,VALIDATION,BEAR,SUPPLY,TRIPLE (3-TF),3,False,True,False,True,True,11.5,92,-1.0,STOP,1,1,5.063407137973098,0.0,False
INFY,2025-10-30,VALIDATION,BEAR,SUPPLY,TRIPLE (3-TF),3,False,True,True,False,True,11.5,92,-1.0,STOP,1,7,3.104284448352377,2.5636622175815527,False
INFY,2025-11-07,VALIDATION,BEAR,SUPPLY,TRIPLE (3-TF),3,False,True,False,True,True,11.5,92,-1.0,STOP,2,1,3.447515335309117,0.0,False
INFY,2025-11-14,VALIDATION,SIDEWAYS,DEMAND,SINGLE (1-TF),1,False,False,False,False,True,8.5,78,2.0,T1,1,15,3.0783301844594813,6.632663279680077,True
INFY,2025-12-12,VALIDATION,BULL,SUPPLY,TRIPLE (3-TF),3,False,True,True,False,True,11.5,92,-1.0,STOP,1,5,3.4961952042322233,1.0254739222940064,False
INFY,2025-12-19,VALIDATION,BULL,DEMAND,SINGLE (1-TF),1,False,False,False,False,True,8.5,78,3.5,T2,11,9,1.0561199404894908,5.875066246943063,True
INFY,2025-12-29,VALIDATION,BULL,DEMAND,DUAL (2-TF),2,False,False,False,True,True,10.0,85,-1.0,STOP,1,5,4.054363641992509,1.3999566576886244,False
INFY,2026-01-05,VALIDATION,BULL,DEMAND,DUAL (2-TF),2,False,False,False,True,True,10.0,85,-1.0,STOP,1,1,2.338230381868954,0.9869727164438638,False
INFY,2026-01-12,VALIDATION,BULL,SUPPLY,DUAL (2-TF),2,False,False,True,False,True,10.0,85,-1.0,STOP,2,3,4.891857868534083,1.9749618861455365,False
INFY,2026-01-19,VALIDATION,BULL,DEMAND,DUAL (2-TF),2,False,False,False,True,True,10.0,85,-1.0,STOP,3,9,7.752460479426837,5.5587800265862946,False
INFY,2026-01-27,VALIDATION,BULL,SUPPLY,TRIPLE (3-TF),3,False,True,True,False,True,11.5,92,2.0,T1,1,3,0.48797087974525694,3.753061212088065,True
INFY,2026-02-03,VALIDATION,BULL,SUPPLY,TRIPLE (3-TF),3,False,False,True,True,True,11.5,92,5.0,T3,1,1,2.7838039851968097,10.17750472474918,True
INFY,2026-02-17,VALIDATION,BEAR,DEMAND,ATZ (4-TF),4,True,True,True,True,True,13.0,100,-1.0,STOP,1,1,5.850010367288,0.14728698798109188,False
INFY,2026-02-24,VALIDATION,BEAR,SUPPLY,SINGLE (1-TF),1,False,False,False,False,True,8.5,78,2.0,T1,28,10,0.5430971457559325,10.47625442012444,True
INFY,2026-03-04,TEST_OOS,BEAR,SUPPLY,SINGLE (1-TF),1,False,False,False,False,True,8.5,78,-1.0,STOP,1,21,4.343794579172607,5.741004913615474,False
INFY,2026-03-11,TEST_OOS,BEAR,DEMAND,ATZ (4-TF),4,True,True,True,True,True,13.0,100,-1.0,STOP,1,1,3.8526107020434406,0.0,False
INFY,2026-03-18,TEST_OOS,BEAR,SUPPLY,DUAL (2-TF),2,False,False,False,True,True,10.0,85,3.5,T2,1,1,1.965943023161983,4.014203857638609,True
INFY,2026-03-25,TEST_OOS,BEAR,DEMAND,TRIPLE (3-TF),3,False,True,True,False,True,11.5,92,2.0,T1,3,5,1.0274139754331637,9.634751484584728,True
INFY,2026-04-06,TEST_OOS,BEAR,SUPPLY,DUAL (2-TF),2,False,False,False,True,True,10.0,85,-1.0,STOP,1,1,8.650910231230085,0.0,False
INFY,2026-04-13,TEST_OOS,BEAR,DEMAND,ATZ (4-TF),4,True,True,True,True,True,13.0,100,-1.0,STOP,1,7,6.139863749775133,1.8990559470642043,False
INFY,2026-04-28,TEST_OOS,BEAR,DEMAND,ATZ (4-TF),4,True,True,True,True,True,13.0,100,-1.0,STOP,1,1,4.3513364211957715,0.0,False
INFY,2026-05-05,TEST_OOS,BEAR,SUPPLY,SINGLE (1-TF),1,False,False,False,False,True,8.5,78,-1.0,STOP,1,20,10.765922806024019,5.68159697028687,False
INFY,2026-05-12,TEST_OOS,BEAR,DEMAND,ATZ (4-TF),4,True,True,True,True,True,13.0,100,-1.0,STOP,1,1,4.432347689761799,0.0,False
INFY,2026-05-19,TEST_OOS,BEAR,DEMAND,TRIPLE (3-TF),3,False,True,True,False,True,11.5,92,-1.0,STOP,24,1,6.028757025034663,0.0,False
INFY,2026-05-26,TEST_OOS,BEAR,SUPPLY,SINGLE (1-TF),1,False,False,False,False,True,8.5,78,-1.0,STOP,4,1,2.526982596870546,2.8135919990360136,False
INFY,2026-06-02,TEST_OOS,BEAR,SUPPLY,SINGLE (1-TF),1,False,False,False,False,True,8.5,78,-1.0,STOP,1,1,8.889024199300643,0.0,False
INFY,2026-06-16,TEST_OOS,BEAR,SUPPLY,DUAL (2-TF),2,False,False,False,True,True,10.0,85,3.5,T2,1,3,1.5017899240373742,10.067231293110972,True
INFY,2026-06-23,TEST_OOS,BEAR,DEMAND,ATZ (4-TF),4,True,True,True,True,True,13.0,100,-1.0,STOP,1,1,8.253599213091295,0.0,False
INFY,2026-06-30,TEST_OOS,BEAR,SUPPLY,SINGLE (1-TF),1,False,False,False,False,True,8.5,78,-1.0,STOP,3,3,4.476894994716102,3.352867710635036,False
INFY,2026-07-07,TEST_OOS,BEAR,SUPPLY,SINGLE (1-TF),1,False,False,False,False,True,8.5,78,-1.0,STOP,1,1,8.058426073131958,0.0,False
INFY,2026-07-14,TEST_OOS,BEAR,SUPPLY,TRIPLE (3-TF),3,False,False,True,True,True,11.5,92,-1.0,STOP,1,2,4.1335453100159025,0.0,False
INFY,2026-07-21,TEST_OOS,BEAR,SUPPLY,SINGLE (1-TF),1,False,False,False,False,True,8.5,78,-1.0,STOP,1,6,10.159871346135665,4.086652161574112,False
INFY,2026-07-28,TEST_OOS,BEAR,SUPPLY,DUAL (2-TF),2,False,False,False,True,True,10.0,85,-1.0,STOP,1,1,8.476944573823939,0.0,False
INFY,2026-08-04,TEST_OOS,BEAR,DEMAND,TRIPLE (3-TF),3,False,True,True,False,True,11.5,92,-1.0,STOP,10,1,2.7194823364812795,2.0024484085344607,False
INFY,2026-08-11,TEST_OOS,BEAR,DEMAND,DUAL (2-TF),2,False,False,True,False,True,10.0,85,-1.0,STOP,2,3,3.781619964227908,1.388297419299905,False
INFY,2026-08-25,TEST_OOS,BEAR,SUPPLY,DUAL (2-TF),2,False,False,False,True,True,10.0,85,-1.0,STOP,1,5,2.3008849557522124,2.017699115044244,False
ICICIBANK,2022-06-16,TRAIN,BEAR,DEMAND,SINGLE (1-TF),1,False,False,False,False,True,8.5,78,-1.0,STOP,1,1,3.3403329833508466,1.0034498275086157,False
ICICIBANK,2022-06-23,TRAIN,BEAR,DEMAND,SINGLE (1-TF),1,False,False,False,False,True,8.5,78,2.0,T1,1,11,1.857902397005969,8.21427510618706,True
ICICIBANK,2022-06-30,TRAIN,SIDEWAYS,SUPPLY,SINGLE (1-TF),1,False,False,False,False,True,8.5,78,2.0,T1,1,1,0.140387821356486,2.3631949928343836,True
ICICIBANK,2022-07-14,TRAIN,BULL,SUPPLY,SINGLE (1-TF),1,False,False,False,False,True,8.5,78,-1.0,STOP,1,3,3.5759528530513367,1.4306565322758298,False
ICICIBANK,2022-08-22,TRAIN,BULL,DEMAND,SINGLE (1-TF),1,False,False,False,False,True,8.5,78,2.0,T1,1,13,2.0065844808112905,6.03417201355346,True
ICICIBANK,2022-08-29,TRAIN,BULL,DEMAND,SINGLE (1-TF),1,False,False,False,False,True,8.5,78,2.0,T1,1,11,1.9557884159908157,6.754946290581118,True
ICICIBANK,2022-09-06,TRAIN,BULL,DEMAND,DUAL (2-TF),2,False,False,False,True,True,10.0,85,-1.0,STOP,16,2,1.7230345693621145,2.2205049565920847,False
ICICIBANK,2022-09-13,TRAIN,BULL,SUPPLY,SINGLE (1-TF),1,False,False,False,False,True,8.5,78,-1.0,STOP,1,1,4.151106339277384,0.0,False
ICICIBANK,2022-09-20,TRAIN,BULL,DEMAND,DUAL (2-TF),2,False,False,False,True,True,10.0,85,-1.0,STOP,1,2,2.0397779310500743,0.936217365249159,False
ICICIBANK,2022-09-27,TRAIN,BULL,SUPPLY,SINGLE (1-TF),1,False,False,False,False,True,8.5,78,-1.0,STOP,7,11,2.767015218000191,3.952712165063953,False
ICICIBANK,2022-10-04,TRAIN,BULL,DEMAND,DUAL (2-TF),2,False,False,False,True,True,10.0,85,2.0,T1,7,3,0.8744143471400858,4.976694328351025,True
ICICIBANK,2022-10-12,TRAIN,BULL,DEMAND,DUAL (2-TF),2,False,False,False,True,True,10.0,85,-1.0,STOP,1,1,3.632190906642622,0.0,False
ICICIBANK,2022-10-27,TRAIN,BULL,SUPPLY,DUAL (2-TF),2,False,False,False,True,True,10.0,85,-1.0,STOP,1,1,3.355067490276816,0.26538549531000344,False
ICICIBANK,2022-11-03,TRAIN,BULL,SUPPLY,DUAL (2-TF),2,False,False,False,True,True,10.0,85,-1.0,STOP,1,14,3.5163135569126447,1.9196433648345894,False
ICICIBANK,2022-11-11,TRAIN,BULL,SUPPLY,DUAL (2-TF),2,False,False,False,True,True,10.0,85,-1.0,STOP,1,6,1.9504331142218077,2.0866682560766545,False
ICICIBANK,2022-11-18,TRAIN,BULL,DEMAND,SINGLE (1-TF),1,False,False,False,False,True,8.5,78,-1.0,STOP,20,5,2.059948615472448,1.6465886383100155,False
ICICIBANK,2022-11-25,TRAIN,BULL,DEMAND,SINGLE (1-TF),1,False,False,False,False,True,8.5,78,-1.0,STOP,8,7,1.6685193294483571,1.7055725850821282,False
ICICIBANK,2022-12-02,TRAIN,BULL,DEMAND,DUAL (2-TF),2,False,False,False,True,True,10.0,85,-1.0,STOP,1,9,3.45713309300967,0.0,False
ICICIBANK,2022-12-23,TRAIN,BULL,SUPPLY,SINGLE (1-TF),1,False,False,False,False,True,8.5,78,2.0,T1,5,5,1.9150926179395888,3.75262341454512,True
ICICIBANK,2022-12-30,TRAIN,BULL,DEMAND,SINGLE (1-TF),1,False,False,False,False,True,8.5,78,-1.0,STOP,5,1,2.5535101988273907,2.2597746076698995,False
ICICIBANK,2023-01-06,TRAIN,BULL,DEMAND,SINGLE (1-TF),1,False,False,False,False,True,8.5,78,-1.0,STOP,1,1,5.283572582296327,0.0,False
ICICIBANK,2023-01-13,TRAIN,BULL,SUPPLY,DUAL (2-TF),2,False,False,False,True,True,10.0,85,2.0,T1,1,8,1.138286417474235,2.903695289482087,True
ICICIBANK,2023-01-20,TRAIN,BULL,SUPPLY,DUAL (2-TF),2,False,False,False,True,True,10.0,85,-1.0,STOP,1,1,2.1499593670825576,0.01195085807161226,False
ICICIBANK,2023-01-30,TRAIN,SIDEWAYS,SUPPLY,SINGLE (1-TF),1,False,False,False,False,True,8.5,78,-1.0,STOP,3,1,3.4066835653845744,2.109890648151552,False
ICICIBANK,2023-02-14,TRAIN,BULL,DEMAND,DUAL (2-TF),2,False,False,False,True,True,10.0,85,-1.0,STOP,1,6,2.36895222210136,2.666279898956929,False
ICICIBANK,2023-02-21,TRAIN,SIDEWAYS,SUPPLY,SINGLE (1-TF),1,False,False,False,False,True,8.5,78,2.0,T1,9,4,1.2058683206106888,3.4804389312977038,True
ICICIBANK,2023-02-28,TRAIN,SIDEWAYS,SUPPLY,DUAL (2-TF),2,False,False,False,True,True,10.0,85,-1.0,STOP,1,3,2.201817104005605,0.5081116393859162,False
ICICIBANK,2023-03-08,TRAIN,BULL,DEMAND,DUAL (2-TF),2,False,False,False,True,True,10.0,85,-1.0,STOP,3,1,3.5188770571151897,0.15246853823814024,False
ICICIBANK,2023-03-15,TRAIN,SIDEWAYS,SUPPLY,DUAL (2-TF),2,False,False,False,True,True,10.0,85,-1.0,STOP,6,1,1.47481927419549,0.44969899180387646,False
ICICIBANK,2023-03-22,TRAIN,SIDEWAYS,SUPPLY,DUAL (2-TF),2,False,False,False,True,True,10.0,85,-1.0,STOP,2,6,2.359772965754074,2.607793570542784,False
ICICIBANK,2023-03-29,TRAIN,SIDEWAYS,SUPPLY,DUAL (2-TF),2,False,False,False,True,True,10.0,85,-1.0,STOP,1,1,3.355761653633988,0.5164575377341324,False
ICICIBANK,2023-04-18,TRAIN,BULL,DEMAND,DUAL (2-TF),2,False,False,False,True,True,10.0,85,2.0,T1,2,18,0.8706958601314171,6.971371520118874,True
ICICIBANK,2023-04-25,TRAIN,BULL,SUPPLY,DUAL (2-TF),2,False,False,False,True,True,10.0,85,-1.0,STOP,1,4,2.718506713140791,0.0,False
ICICIBANK,2023-05-03,TRAIN,BULL,DEMAND,SINGLE (1-TF),1,False,False,False,False,True,8.5,78,2.0,T1,1,7,0.371591858862857,3.612008403171522,True
ICICIBANK,2023-05-17,TRAIN,BULL,SUPPLY,SINGLE (1-TF),1,False,False,False,False,True,8.5,78,-1.0,STOP,1,1,2.724516186569167,0.0,False
ICICIBANK,2023-05-24,TRAIN,BULL,SUPPLY,SINGLE (1-TF),1,False,False,False,False,True,8.5,78,-1.0,STOP,1,3,1.1880712405953455,1.4162944844229477,False
ICICIBANK,2023-05-31,TRAIN,BULL,SUPPLY,SINGLE (1-TF),1,False,False,False,False,True,8.5,78,-1.0,STOP,1,24,2.654409905105407,2.6599078543703136,False
ICICIBANK,2023-06-07,TRAIN,BULL,SUPPLY,DUAL (2-TF),2,False,False,False,True,True,10.0,85,-1.0,STOP,1,19,3.0601092896174893,2.2752111276701457,False
ICICIBANK,2023-06-14,TRAIN,BULL,SUPPLY,DUAL (2-TF),2,False,False,False,True,True,10.0,85,-1.0,STOP,1,14,3.0601092896174893,2.2752111276701457,False
ICICIBANK,2023-06-21,TRAIN,BULL,SUPPLY,DUAL (2-TF),2,False,False,False,True,True,10.0,85,-1.0,STOP,2,7,2.3674758415158923,1.1086770380419704,False
ICICIBANK,2023-06-28,TRAIN,BULL,SUPPLY,DUAL (2-TF),2,False,False,False,True,True,10.0,85,-1.0,STOP,1,3,2.3674758415158923,0.0,False
ICICIBANK,2023-07-13,TRAIN,BULL,SUPPLY,DUAL (2-TF),2,False,False,False,True,True,10.0,85,-1.0,STOP,1,2,2.000324728040268,1.3097364290739864,False
ICICIBANK,2023-07-20,TRAIN,BULL,SUPPLY,SINGLE (1-TF),1,False,False,False,False,True,8.5,78,-1.0,STOP,1,1,4.896898847215458,0.0,False
ICICIBANK,2023-07-27,TRAIN,BULL,SUPPLY,SINGLE (1-TF),1,False,False,False,False,True,8.5,78,2.0,T1,1,5,1.1254970772377593,3.5415779801272946,True
ICICIBANK,2023-08-03,TRAIN,BULL,SUPPLY,SINGLE (1-TF),1,False,False,False,False,True,8.5,78,-1.0,STOP,28,3,0.9752959608221633,0.7408099106670388,False
ICICIBANK,2023-08-10,TRAIN,BULL,SUPPLY,DUAL (2-TF),2,False,False,False,True,True,10.0,85,2.0,T1,10,27,2.0767560650716974,5.342926967411706,True
ICICIBANK,2023-08-18,TRAIN,BULL,DEMAND,TRIPLE (3-TF),3,False,False,True,True,True,11.5,92,-1.0,STOP,1,25,2.273549375492053,3.539587633253184,False
ICICIBANK,2023-08-25,TRAIN,BULL,DEMAND,DUAL (2-TF),2,False,False,True,False,True,10.0,85,2.0,T1,4,8,0.5851400156466051,2.677069155833719,True
ICICIBANK,2023-09-01,TRAIN,BULL,SUPPLY,SINGLE (1-TF),1,False,False,False,False,True,8.5,78,-1.0,STOP,1,7,2.8320871020356297,1.7507254972568762,False
ICICIBANK,2023-09-08,TRAIN,BULL,DEMAND,DUAL (2-TF),2,False,False,False,True,True,10.0,85,-1.0,STOP,1,9,2.1986858672535443,2.9731988869020562,False
ICICIBANK,2023-09-15,TRAIN,BULL,DEMAND,SINGLE (1-TF),1,False,False,False,False,True,8.5,78,-1.0,STOP,4,2,2.187177220985823,2.0721747186165667,False
ICICIBANK,2023-10-03,TRAIN,BULL,SUPPLY,TRIPLE (3-TF),3,False,False,True,True,True,11.5,92,2.0,T1,1,15,1.2360326157297592,4.093144656801408,True
ICICIBANK,2023-10-10,TRAIN,BULL,DEMAND,DUAL (2-TF),2,False,False,False,True,True,10.0,85,-1.0,STOP,8,3,2.523486401455771,1.0699056159082678,False
ICICIBANK,2023-10-17,TRAIN,BULL,DEMAND,SINGLE (1-TF),1,False,False,False,False,True,8.5,78,-1.0,STOP,2,2,1.0900964735379082,1.1064479206409743,False
ICICIBANK,2023-10-25,TRAIN,SIDEWAYS,DEMAND,SINGLE (1-TF),1,False,False,False,False,True,8.5,78,-1.0,STOP,1,1,4.386548209516543,0.0,False
ICICIBANK,2023-11-01,TRAIN,SIDEWAYS,DEMAND,SINGLE (1-TF),1,False,False,False,False,True,8.5,78,3.5,T2,1,21,0.7306784231668796,10.889682104532884,True
ICICIBANK,2023-11-08,TRAIN,SIDEWAYS,DEMAND,DUAL (2-TF),2,False,False,False,True,True,10.0,85,2.0,T1,8,8,0.5759547257252304,3.473552871975409,True
ICICIBANK,2023-11-16,TRAIN,SIDEWAYS,SUPPLY,DUAL (2-TF),2,False,False,True,False,True,10.0,85,-1.0,STOP,1,10,1.8297830353129547,2.1553945161325654,False
ICICIBANK,2023-11-23,TRAIN,SIDEWAYS,SUPPLY,TRIPLE (3-TF),3,False,False,True,True,True,11.5,92,-1.0,STOP,4,2,1.8789281444350596,0.9038159900843498,False
ICICIBANK,2023-12-11,TRAIN,BULL,SUPPLY,TRIPLE (3-TF),3,False,False,True,True,True,11.5,92,-1.0,STOP,1,1,1.8454334468198177,0.0,False
ICICIBANK,2023-12-18,TRAIN,BULL,DEMAND,SINGLE (1-TF),1,False,False,False,False,True,8.5,78,-1.0,STOP,2,1,1.2615014796634658,1.0544495954913131,False
ICICIBANK,2023-12-26,TRAIN,BULL,SUPPLY,DUAL (2-TF),2,False,False,True,False,True,10.0,85,2.0,T1,16,2,0.03431847545218812,4.461401808785534,True
ICICIBANK,2024-01-02,TRAIN,BULL,SUPPLY,TRIPLE (3-TF),3,False,False,True,True,True,11.5,92,2.0,T1,9,3,0.9843081312410809,2.89790095781536,True
ICICIBANK,2024-01-09,TRAIN,BULL,SUPPLY,DUAL (2-TF),2,False,False,False,True,True,10.0,85,-1.0,STOP,1,5,2.4457308248914584,1.7397146991937076,False
ICICIBANK,2024-01-16,TRAIN,BULL,DEMAND,SINGLE (1-TF),1,False,False,False,False,True,8.5,78,2.0,T1,2,3,2.527135295450329,6.440384734207975,True
ICICIBANK,2024-01-24,TRAIN,BULL,DEMAND,SINGLE (1-TF),1,False,False,False,False,True,8.5,78,2.0,T1,1,6,1.5290176291544864,4.634036729107524,True
ICICIBANK,2024-02-01,TRAIN,BULL,SUPPLY,DUAL (2-TF),2,False,False,False,True,True,10.0,85,-1.0,STOP,1,15,3.590673213876628,4.256018486239905,False
ICICIBANK,2024-02-08,TRAIN,BULL,SUPPLY,DUAL (2-TF),2,False,False,False,True,True,10.0,85,-1.0,STOP,1,7,2.8718600056449346,3.102697471876131,False
ICICIBANK,2024-02-15,TRAIN,BULL,DEMAND,SINGLE (1-TF),1,False,False,False,False,True,8.5,78,2.0,T1,1,11,0.3753334888769344,7.87388794773736,True
ICICIBANK,2024-02-29,TRAIN,BULL,SUPPLY,SINGLE (1-TF),1,False,False,False,False,True,8.5,78,-1.0,STOP,1,1,3.215630702333357,1.6568311526963482,False
ICICIBANK,2024-03-15,TRAIN,BULL,SUPPLY,SINGLE (1-TF),1,False,False,False,False,True,8.5,78,-1.0,STOP,3,23,3.465038720253234,3.6628794302187546,False
ICICIBANK,2024-03-22,TRAIN,BULL,DEMAND,DUAL (2-TF),2,False,False,False,True,True,10.0,85,-1.0,STOP,1,7,1.8596116192620276,1.9797391246772225,False
ICICIBANK,2024-04-02,TRAIN,BULL,DEMAND,SINGLE (1-TF),1,False,False,False,False,True,8.5,78,-1.0,STOP,1,10,3.8051078927361472,2.2479608789104493,False
ICICIBANK,2024-04-09,TRAIN,BULL,DEMAND,TRIPLE (3-TF),3,False,False,True,True,True,11.5,92,-1.0,STOP,4,2,3.1615847608968886,1.9729195997467814,False
ICICIBANK,2024-04-18,TRAIN,BULL,SUPPLY,SINGLE (1-TF),1,False,False,False,False,True,8.5,78,-1.0,STOP,6,2,5.985343154101207,1.2279055943081678,False
ICICIBANK,2024-04-25,TRAIN,BULL,SUPPLY,DUAL (2-TF),2,False,False,False,True,True,10.0,85,-1.0,STOP,1,1,4.342869086866886,0.0,False
ICICIBANK,2024-05-13,TRAIN,BULL,SUPPLY,SINGLE (1-TF),1,False,False,False,False,True,8.5,78,-1.0,STOP,5,10,2.7546576879910267,3.911111111111106,False
ICICIBANK,2024-05-21,TRAIN,BULL,SUPPLY,DUAL (2-TF),2,False,False,False,True,True,10.0,85,-1.0,STOP,1,2,2.2113497526052464,1.2853470437018037,False
ICICIBANK,2024-05-28,TRAIN,BULL,DEMAND,SINGLE (1-TF),1,False,False,False,False,True,8.5,78,2.0,T1,1,17,2.523688046647214,7.200255102040836,True
ICICIBANK,2024-06-06,TRAIN,BULL,SUPPLY,DUAL (2-TF),2,False,False,False,True,True,10.0,85,-1.0,STOP,2,7,3.4251621176706064,2.4401778974270294,False
ICICIBANK,2024-06-13,TRAIN,BULL,DEMAND,SINGLE (1-TF),1,False,False,False,False,True,8.5,78,2.0,T1,1,3,1.3990256457395005,4.528908907068662,True
ICICIBANK,2024-06-21,TRAIN,BULL,SUPPLY,DUAL (2-TF),2,False,False,False,True,True,10.0,85,-1.0,STOP,1,1,4.321015725186673,0.0,False
ICICIBANK,2024-07-05,TRAIN,BULL,SUPPLY,SINGLE (1-TF),1,False,False,False,False,True,8.5,78,-1.0,STOP,1,1,3.584275327027727,0.0,False
ICICIBANK,2024-07-12,TRAIN,BULL,SUPPLY,SINGLE (1-TF),1,False,False,False,False,True,8.5,78,-1.0,STOP,1,3,1.7404222827169344,0.8830754929951612,False
ICICIBANK,2024-07-22,TRAIN,BULL,DEMAND,SINGLE (1-TF),1,False,False,False,False,True,8.5,78,-1.0,STOP,1,1,2.2104471319572467,0.705127675227945,False
ICICIBANK,2024-07-29,TRAIN,BULL,DEMAND,DUAL (2-TF),2,False,False,False,True,True,10.0,85,-1.0,STOP,1,1,2.8833356754924826,0.2298071438609231,False
ICICIBANK,2024-08-05,TRAIN,BULL,DEMAND,SINGLE (1-TF),1,False,False,False,False,True,8.5,78,-1.0,STOP,1,1,3.649225432346495,0.0,False
ICICIBANK,2024-08-12,TRAIN,BULL,SUPPLY,SINGLE (1-TF),1,False,False,False,False,True,8.5,78,-1.0,STOP,4,7,3.626996129495281,2.0403455258503667,False
ICICIBANK,2024-08-20,TRAIN,BULL,DEMAND,DUAL (2-TF),2,False,False,False,True,True,10.0,85,2.0,T1,2,3,0.16283808495446786,4.10926696738012,True
ICICIBANK,2024-09-03,TRAIN,BULL,DEMAND,DUAL (2-TF),2,False,False,False,True,True,10.0,85,2.0,T1,4,8,1.058679665644848,6.763321439938355,True
ICICIBANK,2024-09-10,TRAIN,BULL,SUPPLY,DUAL (2-TF),2,False,False,False,True,True,10.0,85,-1.0,STOP,1,2,1.7036251366928976,0.7761689811959954,False
ICICIBANK,2024-09-17,TRAIN,BULL,DEMAND,DUAL (2-TF),2,False,False,False,True,True,10.0,85,2.0,T1,13,11,0.6971211631396216,4.808561078921409,True
ICICIBANK,2024-10-03,TRAIN,BULL,SUPPLY,DUAL (2-TF),2,False,False,False,True,True,10.0,85,2.0,T1,18,16,2.2002551020408134,5.6674651567944165,True
ICICIBANK,2024-10-10,TRAIN,BULL,DEMAND,SINGLE (1-TF),1,False,False,False,False,True,8.5,78,-1.0,STOP,1,1,3.6349940298268173,0.0,False
ICICIBANK,2024-10-17,TRAIN,BULL,DEMAND,SINGLE (1-TF),1,False,False,False,False,True,8.5,78,2.0,T1,1,3,0.5964854384951752,4.314825509446431,True
ICICIBANK,2024-10-24,TRAIN,BULL,DEMAND,DUAL (2-TF),2,False,False,False,True,True,10.0,85,2.0,T1,1,3,1.2208016136378417,6.875040666276268,True
ICICIBANK,2024-11-07,TRAIN,BULL,DEMAND,SINGLE (1-TF),1,False,False,False,False,True,8.5,78,-1.0,STOP,1,1,2.898733379545021,0.9846241098998046,False
ICICIBANK,2024-11-14,TRAIN,BULL,SUPPLY,DUAL (2-TF),2,False,False,False,True,True,10.0,85,-1.0,STOP,5,9,5.021060160534059,1.7754112691726869,False
ICICIBANK,2024-11-25,TRAIN,BULL,SUPPLY,DUAL (2-TF),2,False,False,False,True,True,10.0,85,-1.0,STOP,1,1,3.4350931354122554,0.0,False
ICICIBANK,2024-12-02,TRAIN,BULL,SUPPLY,DUAL (2-TF),2,False,False,False,True,True,10.0,85,-1.0,STOP,1,3,3.419994052184261,0.7199987478282682,False
ICICIBANK,2024-12-09,TRAIN,BULL,DEMAND,SINGLE (1-TF),1,False,False,False,False,True,8.5,78,-1.0,STOP,2,7,2.4014331382329708,2.613778512192496,False
ICICIBANK,2024-12-16,TRAIN,BULL,DEMAND,SINGLE (1-TF),1,False,False,False,False,True,8.5,78,-1.0,STOP,3,1,2.862720083614482,0.9560332306084378,False
ICICIBANK,2024-12-23,TRAIN,BULL,SUPPLY,SINGLE (1-TF),1,False,False,False,False,True,8.5,78,2.0,T1,5,8,0.7790001930129256,5.1773788843852495,True
ICICIBANK,2024-12-31,TRAIN,BULL,DEMAND,SINGLE (1-TF),1,False,False,False,False,True,8.5,78,-1.0,STOP,1,1,3.0525210900750293,0.0,False
ICICIBANK,2025-01-07,TRAIN,BULL,SUPPLY,DUAL (2-TF),2,False,False,False,True,True,10.0,85,2.0,T1,1,1,0.29969950972641085,2.548631978491224,True
ICICIBANK,2025-01-14,TRAIN,SIDEWAYS,SUPPLY,SINGLE (1-TF),1,False,False,False,False,True,8.5,78,2.0,T1,17,17,1.1048704164326393,5.243520821632024,True
ICICIBANK,2025-01-21,TRAIN,SIDEWAYS,SUPPLY,SINGLE (1-TF),1,False,False,False,False,True,8.5,78,-1.0,STOP,6,6,2.84270836734027,0.907577290979736,False
ICICIBANK,2025-01-28,TRAIN,SIDEWAYS,SUPPLY,SINGLE (1-TF),1,False,False,False,False,True,8.5,78,-1.0,STOP,1,1,3.2763745661668087,0.0,False
ICICIBANK,2025-02-03,TRAIN,SIDEWAYS,SUPPLY,SINGLE (1-TF),1,False,False,False,False,True,8.5,78,-1.0,STOP,1,1,4.623955894319054,0.0,False
ICICIBANK,2025-02-10,TRAIN,BULL,SUPPLY,SINGLE (1-TF),1,False,False,False,False,True,8.5,78,-1.0,STOP,1,1,3.3577442335475367,0.0,False
ICICIBANK,2025-02-17,TRAIN,SIDEWAYS,SUPPLY,SINGLE (1-TF),1,False,False,False,False,True,8.5,78,-1.0,STOP,19,2,3.6075393339190223,1.3872693874291104,False
ICICIBANK,2025-02-24,TRAIN,SIDEWAYS,DEMAND,DUAL (2-TF),2,False,False,False,True,True,10.0,85,-1.0,STOP,1,1,3.404141421514954,0.0,False
ICICIBANK,2025-03-04,TRAIN,SIDEWAYS,DEMAND,SINGLE (1-TF),1,False,False,False,False,True,8.5,78,2.0,T1,1,8,0.24371591128741593,5.355026850770228,True
ICICIBANK,2025-03-11,TRAIN,SIDEWAYS,SUPPLY,TRIPLE (3-TF),3,False,False,True,True,True,11.5,92,-1.0,STOP,1,1,2.9816686310404554,0.0,False
ICICIBANK,2025-03-26,TRAIN,BULL,DEMAND,SINGLE (1-TF),1,False,False,False,False,True,8.5,78,-1.0,STOP,4,4,2.5987805721930446,2.3196807651794216,False
ICICIBANK,2025-04-03,TRAIN,BULL,SUPPLY,TRIPLE (3-TF),3,False,False,True,True,True,11.5,92,-1.0,STOP,2,6,5.456039066243754,3.8549011554054617,False
ICICIBANK,2025-04-23,TRAIN,BULL,SUPPLY,SINGLE (1-TF),1,False,False,False,False,True,8.5,78,-1.0,STOP,1,1,4.985562610518771,0.0,False
ICICIBANK,2025-04-30,TRAIN,BULL,DEMAND,SINGLE (1-TF),1,False,False,False,False,True,8.5,78,2.0,T1,1,17,1.6316999517120667,4.36825680535635,True
ICICIBANK,2025-05-08,TRAIN,BULL,SUPPLY,SINGLE (1-TF),1,False,False,False,False,True,8.5,78,-1.0,STOP,1,5,2.073867278191625,2.7967296708305587,False
ICICIBANK,2025-05-22,TRAIN,BULL,SUPPLY,SINGLE (1-TF),1,False,False,False,False,True,8.5,78,-1.0,STOP,2,1,1.7352573379606735,0.8360146688960455,False
ICICIBANK,2025-05-29,TRAIN,BULL,SUPPLY,SINGLE (1-TF),1,False,False,False,False,True,8.5,78,2.0,T1,1,11,1.403661603743099,2.9653932079077174,True
ICICIBANK,2025-06-05,TRAIN,BULL,SUPPLY,SINGLE (1-TF),1,False,False,False,False,True,8.5,78,-1.0,STOP,1,33,2.7737843551796972,2.663143058491893,False
ICICIBANK,2025-06-12,TRAIN,BULL,SUPPLY,SINGLE (1-TF),1,False,False,False,False,True,8.5,78,-1.0,STOP,1,28,3.28986975090479,2.17435955549575,False
ICICIBANK,2025-06-19,TRAIN,BULL,DEMAND,SINGLE (1-TF),1,False,False,False,False,True,8.5,78,2.0,T1,1,6,0.8051610680942388,3.5234766883624737,True
ICICIBANK,2025-06-26,TRAIN,BULL,DEMAND,SINGLE (1-TF),1,False,False,False,False,True,8.5,78,3.5,T2,16,2,0.1987341498714702,3.996284535458925,True
ICICIBANK,2025-07-03,TRAIN,BULL,SUPPLY,SINGLE (1-TF),1,False,False,False,False,True,8.5,78,-1.0,STOP,1,13,2.5036197759253196,2.580232509102158,False
ICICIBANK,2025-07-10,TRAIN,BULL,DEMAND,DUAL (2-TF),2,False,False,False,True,True,10.0,85,-1.0,STOP,1,5,1.9143188504186424,0.13860601946141918,False
ICICIBANK,2025-07-17,TRAIN,BULL,DEMAND,DUAL (2-TF),2,False,False,False,True,True,10.0,85,2.0,T1,1,2,1.1510729797385553,3.003915359763787,True
ICICIBANK,2025-07-24,TRAIN,BULL,DEMAND,SINGLE (1-TF),1,False,False,False,False,True,8.5,78,-1.0,STOP,11,13,2.225062493821232,1.7032214329091677,False
ICICIBANK,2025-07-31,TRAIN,BULL,DEMAND,SINGLE (1-TF),1,False,False,False,False,True,8.5,78,-1.0,STOP,1,2,2.5798234501073747,0.0,False
ICICIBANK,2025-08-14,TRAIN,BULL,SUPPLY,DUAL (2-TF),2,False,False,False,True,True,10.0,85,-1.0,STOP,1,1,2.500854019585523,0.35014803006147843,False
ICICIBANK,2025-08-22,TRAIN,BULL,SUPPLY,DUAL (2-TF),2,False,False,False,True,True,10.0,85,2.0,T1,1,24,2.4075132123982312,3.8951578345950555,True
ICICIBANK,2025-09-01,VALIDATION,BULL,SUPPLY,SINGLE (1-TF),1,False,False,False,False,True,8.5,78,2.0,T1,10,10,1.1432557874654705,4.207124348643179,True
ICICIBANK,2025-09-08,VALIDATION,BULL,DEMAND,SINGLE (1-TF),1,False,False,False,False,True,8.5,78,-1.0,STOP,1,12,2.6453554718703582,1.3365856441857817,False
ICICIBANK,2025-09-15,VALIDATION,BULL,SUPPLY,TRIPLE (3-TF),3,False,False,True,True,True,11.5,92,-1.0,STOP,1,1,1.9873134866286988,0.0,False
ICICIBANK,2025-09-22,VALIDATION,BULL,SUPPLY,DUAL (2-TF),2,False,False,True,False,True,10.0,85,2.0,T1,19,1,1.4367530234342822,3.051146133841135,True
ICICIBANK,2025-09-29,VALIDATION,SIDEWAYS,SUPPLY,DUAL (2-TF),2,False,False,False,True,True,10.0,85,-1.0,STOP,12,1,1.4229078065306717,0.9644633460678932,False
ICICIBANK,2025-10-07,VALIDATION,SIDEWAYS,SUPPLY,ATZ (4-TF),4,True,True,True,True,True,13.0,100,-1.0,STOP,1,4,2.8487428276465647,0.0,False
ICICIBANK,2025-10-14,VALIDATION,SIDEWAYS,DEMAND,SINGLE (1-TF),1,False,False,False,False,True,8.5,78,2.0,T1,1,2,0.07987161919557888,3.1032688742498227,True
ICICIBANK,2025-10-23,VALIDATION,SIDEWAYS,DEMAND,DUAL (2-TF),2,False,False,False,True,True,10.0,85,-1.0,STOP,1,1,4.0357180974065265,0.0,False
ICICIBANK,2025-10-30,VALIDATION,SIDEWAYS,SUPPLY,TRIPLE (3-TF),3,False,True,True,False,True,11.5,92,-1.0,STOP,10,10,1.1909990630124137,1.69096978215038,False
ICICIBANK,2025-11-07,VALIDATION,SIDEWAYS,SUPPLY,DUAL (2-TF),2,False,True,False,False,True,10.0,85,-1.0,STOP,4,1,2.055499219102744,0.5136897580328832,False
ICICIBANK,2025-11-14,VALIDATION,SIDEWAYS,DEMAND,SINGLE (1-TF),1,False,False,False,False,True,8.5,78,2.0,T1,24,13,0.89023213363956,6.0760213356474395,True
ICICIBANK,2025-11-21,VALIDATION,SIDEWAYS,DEMAND,DUAL (2-TF),2,False,False,False,True,True,10.0,85,-1.0,STOP,1,1,1.3546096181666878,0.0,False
ICICIBANK,2025-11-28,VALIDATION,SIDEWAYS,DEMAND,SINGLE (1-TF),1,False,False,False,False,True,8.5,78,-1.0,STOP,9,5,1.6046217835533676,1.0549723328334262,False
ICICIBANK,2025-12-05,VALIDATION,SIDEWAYS,DEMAND,TRIPLE (3-TF),3,False,False,True,True,True,11.5,92,-1.0,STOP,1,3,1.729611384783802,0.9771939427111914,False
ICICIBANK,2025-12-12,VALIDATION,SIDEWAYS,SUPPLY,DUAL (2-TF),2,False,True,False,False,True,10.0,85,-1.0,STOP,16,1,3.9781476864412997,1.6433233115787989,False
ICICIBANK,2025-12-19,VALIDATION,SIDEWAYS,SUPPLY,DUAL (2-TF),2,False,True,False,False,True,10.0,85,2.0,T1,2,5,0.5352654147567655,1.8993050421410491,True
ICICIBANK,2025-12-29,VALIDATION,BEAR,DEMAND,TRIPLE (3-TF),3,False,False,True,True,True,11.5,92,-1.0,STOP,1,1,1.1818764056658493,0.11841105765649758,False
ICICIBANK,2026-01-05,VALIDATION,SIDEWAYS,SUPPLY,TRIPLE (3-TF),3,False,True,True,False,True,11.5,92,-1.0,STOP,1,1,5.887492439008009,0.0,False
ICICIBANK,2026-01-13,VALIDATION,SIDEWAYS,SUPPLY,ATZ (4-TF),4,True,True,True,True,True,13.0,100,2.0,T1,1,4,1.0430118909001074,4.828340566670184,True
ICICIBANK,2026-01-20,VALIDATION,SIDEWAYS,DEMAND,DUAL (2-TF),2,False,False,False,True,True,10.0,85,-1.0,STOP,1,1,5.2087719173047695,0.0,False
ICICIBANK,2026-01-28,VALIDATION,SIDEWAYS,SUPPLY,ATZ (4-TF),4,True,True,True,True,True,13.0,100,-1.0,STOP,1,4,3.0765619383660665,3.3171705019769537,False
ICICIBANK,2026-02-04,VALIDATION,SIDEWAYS,DEMAND,SINGLE (1-TF),1,False,False,False,False,True,8.5,78,-1.0,STOP,19,1,3.0845543795512773,0.8041215837731125,False
ICICIBANK,2026-02-11,VALIDATION,SIDEWAYS,SUPPLY,ATZ (4-TF),4,True,True,True,True,True,13.0,100,-1.0,STOP,1,1,2.5992404441813113,0.0,False
ICICIBANK,2026-02-18,VALIDATION,SIDEWAYS,DEMAND,SINGLE (1-TF),1,False,False,False,False,True,8.5,78,-1.0,STOP,1,1,2.8414156136354047,0.0,False
ICICIBANK,2026-02-25,VALIDATION,SIDEWAYS,SUPPLY,TRIPLE (3-TF),3,False,True,True,False,True,11.5,92,2.0,T1,2,1,0.12746790028859112,2.2371332612447463,True
ICICIBANK,2026-03-05,TEST_OOS,BEAR,DEMAND,SINGLE (1-TF),1,False,False,False,False,True,8.5,78,-1.0,STOP,1,1,6.399913563350855,0.0,False
ICICIBANK,2026-03-12,TEST_OOS,BEAR,DEMAND,SINGLE (1-TF),1,False,False,False,False,True,8.5,78,-1.0,STOP,1,2,2.99595333317557,0.1640753800159285,False
ICICIBANK,2026-03-19,TEST_OOS,BEAR,DEMAND,TRIPLE (3-TF),3,False,False,True,True,True,11.5,92,-1.0,STOP,1,1,2.8705303263364725,0.5868850131339229,False
ICICIBANK,2026-03-27,TEST_OOS,BEAR,DEMAND,ATZ (4-TF),4,True,True,True,True,True,13.0,100,-1.0,STOP,1,1,6.101553194342565,0.0,False
ICICIBANK,2026-04-07,TEST_OOS,BEAR,DEMAND,ATZ (4-TF),4,True,True,True,True,True,13.0,100,2.0,T1,1,1,0.9360912442623243,8.582478671078885,True
ICICIBANK,2026-04-15,TEST_OOS,SIDEWAYS,SUPPLY,ATZ (4-TF),4,True,True,True,True,True,13.0,100,-1.0,STOP,1,1,4.406667385577622,0.0,False
ICICIBANK,2026-04-22,TEST_OOS,SIDEWAYS,SUPPLY,ATZ (4-TF),4,True,True,True,True,True,13.0,100,2.0,T1,1,4,1.6571959145775261,5.222655524605381,True
ICICIBANK,2026-04-29,TEST_OOS,BEAR,SUPPLY,ATZ (4-TF),4,True,True,True,True,True,13.0,100,-1.0,STOP,32,2,2.7526214537187044,2.993665929085772,False
ICICIBANK,2026-05-06,TEST_OOS,BEAR,SUPPLY,SINGLE (1-TF),1,False,False,False,False,True,8.5,78,-1.0,STOP,2,26,4.047767717764588,6.0607243209491175,False
ICICIBANK,2026-05-13,TEST_OOS,BEAR,SUPPLY,SINGLE (1-TF),1,False,False,False,False,True,8.5,78,-1.0,STOP,9,1,1.7826871979248076,0.6331259707800122,False
ICICIBANK,2026-05-20,TEST_OOS,BEAR,DEMAND,ATZ (4-TF),4,True,True,True,True,True,13.0,100,2.0,T1,1,3,1.8694688475788417,3.7623970619165483,True
ICICIBANK,2026-05-27,TEST_OOS,BEAR,DEMAND,ATZ (4-TF),4,True,True,True,True,True,13.0,100,-1.0,STOP,3,2,3.448908457163824,1.8584543721534903,False
ICICIBANK,2026-06-03,TEST_OOS,BEAR,SUPPLY,SINGLE (1-TF),1,False,False,False,False,True,8.5,78,-1.0,STOP,2,4,3.9473472991411698,1.9263183241030581,False
ICICIBANK,2026-06-17,TEST_OOS,SIDEWAYS,SUPPLY,ATZ (4-TF),4,True,True,True,True,True,13.0,100,-1.0,STOP,1,2,1.676422419022193,0.0,False
ICICIBANK,2026-06-24,TEST_OOS,SIDEWAYS,DEMAND,SINGLE (1-TF),1,False,False,False,False,True,8.5,78,2.0,T1,1,1,0.10445002179172161,4.619847007018442,True
ICICIBANK,2026-07-22,TEST_OOS,BULL,DEMAND,SINGLE (1-TF),1,False,False,False,False,True,8.5,78,2.0,T1,3,6,0.33091185388751,3.6762460677588162,True
ICICIBANK,2026-07-29,TEST_OOS,BULL,SUPPLY,TRIPLE (3-TF),3,False,True,True,False,True,11.5,92,2.0,T1,4,9,0.6292776058502905,3.437247996029961,True
ICICIBANK,2026-08-05,TEST_OOS,BULL,DEMAND,SINGLE (1-TF),1,False,False,False,False,True,8.5,78,-1.0,STOP,3,5,1.573696782352121,2.2200365322467266,False
SBIN,2022-06-16,TRAIN,BEAR,DEMAND,SINGLE (1-TF),1,False,False,False,False,True,8.5,78,-1.0,STOP,1,1,3.6891270330503927,0.8250746834842853,False
SBIN,2022-06-30,TRAIN,SIDEWAYS,DEMAND,SINGLE (1-TF),1,False,False,False,False,True,8.5,78,2.0,T1,1,5,0.5648003360795425,5.8650547296193425,True
SBIN,2022-07-14,TRAIN,SIDEWAYS,DEMAND,SINGLE (1-TF),1,False,False,False,False,True,8.5,78,-1.0,STOP,1,1,2.923242862488725,0.0,False
SBIN,2022-07-21,TRAIN,BULL,SUPPLY,SINGLE (1-TF),1,False,False,False,False,True,8.5,78,-1.0,STOP,1,1,7.601193391815467,0.0,False
SBIN,2022-08-04,TRAIN,BULL,DEMAND,SINGLE (1-TF),1,False,False,False,False,True,8.5,78,-1.0,STOP,1,2,3.7287998870671766,1.9198580273055401,False
SBIN,2022-08-12,TRAIN,BULL,SUPPLY,SINGLE (1-TF),1,False,False,False,False,True,8.5,78,-1.0,STOP,1,17,4.978695238489222,2.333181648947167,False
SBIN,2022-08-22,TRAIN,BULL,DEMAND,DUAL (2-TF),2,False,False,False,True,True,10.0,85,-1.0,STOP,1,1,3.8936720197024273,0.0,False
SBIN,2022-08-29,TRAIN,BULL,DEMAND,SINGLE (1-TF),1,False,False,False,False,True,8.5,78,2.0,T1,1,5,1.9744483159117385,4.566948730711793,True
SBIN,2022-09-06,TRAIN,BULL,DEMAND,DUAL (2-TF),2,False,False,False,True,True,10.0,85,2.0,T1,17,18,2.840701868136329,10.343639826559146,True
SBIN,2022-09-13,TRAIN,BULL,DEMAND,SINGLE (1-TF),1,False,False,False,True,False,8.5,78,2.0,T1,10,28,3.828643629289431,16.022542668618758,True
SBIN,2022-09-20,TRAIN,BULL,SUPPLY,SINGLE (1-TF),1,False,False,False,False,True,8.5,78,2.0,T1,1,3,1.014034691650673,3.9583098167588453,True
SBIN,2022-09-27,TRAIN,BULL,SUPPLY,SINGLE (1-TF),1,False,False,False,False,True,8.5,78,-1.0,STOP,15,5,4.547897869072769,2.7452486081781444,False
SBIN,2022-10-04,TRAIN,BULL,DEMAND,DUAL (2-TF),2,False,False,False,True,True,10.0,85,2.0,T1,1,14,2.0788588564250206,10.343639826559146,True
SBIN,2022-10-12,TRAIN,BULL,SUPPLY,SINGLE (1-TF),1,False,False,False,False,True,8.5,78,-1.0,STOP,1,3,1.8886159545765706,2.6939958925623264,False
SBIN,2022-10-19,TRAIN,BULL,SUPPLY,SINGLE (1-TF),1,False,False,False,False,True,8.5,78,-1.0,STOP,4,1,3.43196839626226,0.1500417837878834,False
SBIN,2022-11-03,TRAIN,BULL,SUPPLY,SINGLE (1-TF),1,False,False,False,False,True,8.5,78,-1.0,STOP,1,1,2.984159997028848,2.0111047148613843,False
SBIN,2022-11-11,TRAIN,BULL,SUPPLY,SINGLE (1-TF),1,False,False,False,False,True,8.5,78,-1.0,STOP,1,23,2.2441131538745145,3.482062898382771,False
SBIN,2022-11-18,TRAIN,BULL,DEMAND,SINGLE (1-TF),1,False,False,False,False,True,8.5,78,-1.0,STOP,1,24,2.714407927568264,4.240037071362366,False
SBIN,2022-11-25,TRAIN,BULL,DEMAND,SINGLE (1-TF),1,False,False,False,False,True,8.5,78,2.0,T1,4,3,0.11678464910706295,3.1549822127995877,True
SBIN,2022-12-02,TRAIN,BULL,DEMAND,SINGLE (1-TF),1,False,False,False,False,True,8.5,78,-1.0,STOP,14,1,1.927845053720942,1.6763088864134406,False
SBIN,2022-12-09,TRAIN,BULL,DEMAND,SINGLE (1-TF),1,False,False,False,False,True,8.5,78,-1.0,STOP,6,3,2.9551937352727444,1.3252307637793914,False
SBIN,2022-12-16,TRAIN,BULL,DEMAND,DUAL (2-TF),2,False,False,False,True,True,10.0,85,-1.0,STOP,1,1,2.375342513569648,0.0,False
SBIN,2022-12-23,TRAIN,BULL,SUPPLY,SINGLE (1-TF),1,False,False,False,False,True,8.5,78,-1.0,STOP,2,2,2.4883970010710357,1.608354159228845,False
SBIN,2023-01-02,TRAIN,BULL,DEMAND,SINGLE (1-TF),1,False,False,False,False,True,8.5,78,-1.0,STOP,5,4,1.8213076881749242,1.3216569064632238,False
SBIN,2023-01-16,TRAIN,BULL,SUPPLY,DUAL (2-TF),2,False,False,False,True,True,10.0,85,2.0,T1,1,1,0.18147528733588864,3.1331174607692955,True
SBIN,2023-01-23,TRAIN,BULL,SUPPLY,DUAL (2-TF),2,False,False,False,True,True,10.0,85,5.0,T3,2,1,0.265976436986792,10.805069617993578,True
SBIN,2023-02-07,TRAIN,SIDEWAYS,DEMAND,DUAL (2-TF),2,False,False,False,True,True,10.0,85,-1.0,STOP,1,4,4.9113311837862685,0.0,False
SBIN,2023-02-14,TRAIN,SIDEWAYS,DEMAND,DUAL (2-TF),2,False,False,False,True,True,10.0,85,-1.0,STOP,1,1,3.849303849303862,0.0,False
SBIN,2023-02-21,TRAIN,SIDEWAYS,SUPPLY,SINGLE (1-TF),1,False,False,False,False,True,8.5,78,-1.0,STOP,9,1,5.145783924905843,0.0,False
SBIN,2023-02-28,TRAIN,SIDEWAYS,SUPPLY,SINGLE (1-TF),1,False,False,False,False,True,8.5,78,-1.0,STOP,1,3,7.454701975895713,0.7809297368205301,False
SBIN,2023-03-08,TRAIN,BULL,SUPPLY,DUAL (2-TF),2,False,False,False,True,True,10.0,85,-1.0,STOP,1,1,3.5216954560674507,0.0,False
SBIN,2023-03-15,TRAIN,BEAR,DEMAND,SINGLE (1-TF),1,False,False,False,False,True,8.5,78,-1.0,STOP,1,1,4.038882528971102,0.0,False
SBIN,2023-03-22,TRAIN,BEAR,SUPPLY,DUAL (2-TF),2,False,False,False,True,True,10.0,85,-1.0,STOP,10,2,1.333659112658565,1.3255146295278217,False
SBIN,2023-03-29,TRAIN,BEAR,SUPPLY,DUAL (2-TF),2,False,False,False,True,True,10.0,85,-1.0,STOP,1,4,4.08514568813502,1.2595515996305313,False
SBIN,2023-04-25,TRAIN,SIDEWAYS,SUPPLY,DUAL (2-TF),2,False,False,False,True,True,10.0,85,-1.0,STOP,1,1,8.088340742865341,0.0,False
SBIN,2023-05-03,TRAIN,BULL,DEMAND,SINGLE (1-TF),1,False,False,False,False,True,8.5,78,2.0,T1,6,4,0.3105353400647734,4.496094494189374,True
SBIN,2023-05-10,TRAIN,SIDEWAYS,DEMAND,SINGLE (1-TF),1,False,False,False,False,True,8.5,78,-1.0,STOP,1,32,2.9219695002040744,4.3597640161775075,False
SBIN,2023-05-17,TRAIN,BULL,SUPPLY,DUAL (2-TF),2,False,False,False,True,True,10.0,85,-1.0,STOP,1,1,2.8137519798751556,1.0826423180844025,False
SBIN,2023-05-24,TRAIN,BULL,SUPPLY,DUAL (2-TF),2,False,False,False,True,True,10.0,85,-1.0,STOP,3,1,1.7743979721166185,0.9312834077257833,False
SBIN,2023-05-31,TRAIN,BULL,DEMAND,DUAL (2-TF),2,False,False,False,True,True,10.0,85,-1.0,STOP,10,5,2.1362575999706097,1.1425212615492053,False
SBIN,2023-06-07,TRAIN,BULL,SUPPLY,DUAL (2-TF),2,False,False,True,False,True,10.0,85,-1.0,STOP,1,1,2.1426496223126006,0.0,False
SBIN,2023-06-14,TRAIN,BULL,SUPPLY,TRIPLE (3-TF),3,False,False,True,True,True,11.5,92,-1.0,STOP,14,4,1.9215932537902436,1.0603749887862148,False
SBIN,2023-06-21,TRAIN,SIDEWAYS,SUPPLY,DUAL (2-TF),2,False,False,False,True,True,10.0,85,-1.0,STOP,8,1,3.364222401289284,0.45967328400849594,False
SBIN,2023-06-28,TRAIN,SIDEWAYS,SUPPLY,DUAL (2-TF),2,False,False,False,True,True,10.0,85,-1.0,STOP,1,1,1.9618876134743863,0.0,False
SBIN,2023-07-06,TRAIN,BULL,DEMAND,DUAL (2-TF),2,False,False,False,True,True,10.0,85,-1.0,STOP,22,6,2.6820205290460324,4.302637872042968,False
SBIN,2023-07-13,TRAIN,BULL,SUPPLY,DUAL (2-TF),2,False,False,True,False,True,10.0,85,-1.0,STOP,1,2,1.7283158719977276,2.008053595609718,False
SBIN,2023-07-20,TRAIN,BULL,SUPPLY,TRIPLE (3-TF),3,False,False,True,True,True,11.5,92,-1.0,STOP,1,1,5.536668285575538,0.0,False
SBIN,2023-07-27,TRAIN,BULL,SUPPLY,DUAL (2-TF),2,False,False,True,False,True,10.0,85,2.0,T1,1,4,1.0077253218884128,3.406008583690993,True
SBIN,2023-08-10,TRAIN,SIDEWAYS,SUPPLY,SINGLE (1-TF),1,False,False,False,False,True,8.5,78,-1.0,STOP,1,26,6.121997937232947,3.3667305142183745,False
SBIN,2023-08-18,TRAIN,SIDEWAYS,DEMAND,TRIPLE (3-TF),3,False,False,True,True,True,11.5,92,2.0,T1,1,21,2.366253248069593,6.186535945303439,True
SBIN,2023-08-25,TRAIN,SIDEWAYS,SUPPLY,SINGLE (1-TF),1,False,False,False,False,True,8.5,78,-1.0,STOP,1,9,1.6271424349881694,2.1516696217494258,False
SBIN,2023-09-01,TRAIN,SIDEWAYS,SUPPLY,DUAL (2-TF),2,False,False,False,True,True,10.0,85,-1.0,STOP,2,3,1.28108376741704,0.9847411143219844,False
SBIN,2023-09-08,TRAIN,SIDEWAYS,SUPPLY,DUAL (2-TF),2,False,False,True,False,True,10.0,85,-1.0,STOP,1,1,3.3685296773361504,0.0,False
SBIN,2023-09-15,TRAIN,BULL,DEMAND,SINGLE (1-TF),1,False,False,False,False,True,8.5,78,-1.0,STOP,4,11,2.0383117229603607,2.182380876153884,False
SBIN,2023-09-25,TRAIN,BULL,SUPPLY,DUAL (2-TF),2,False,False,True,False,True,10.0,85,2.0,T1,1,13,0.6748088920130099,4.335295668218954,True
SBIN,2023-10-03,TRAIN,BULL,SUPPLY,DUAL (2-TF),2,False,False,True,False,True,10.0,85,2.0,T1,1,9,1.8362485779294728,3.7880403868031767,True
SBIN,2023-10-10,TRAIN,BULL,SUPPLY,SINGLE (1-TF),1,False,False,False,False,True,8.5,78,2.0,T1,2,3,0.0654832486770622,4.208626090650049,True
SBIN,2023-10-17,TRAIN,SIDEWAYS,SUPPLY,DUAL (2-TF),2,False,False,False,True,True,10.0,85,-1.0,STOP,32,1,3.901581091509486,0.6460759857145462,False
SBIN,2023-10-25,TRAIN,SIDEWAYS,SUPPLY,SINGLE (1-TF),1,False,False,False,False,True,8.5,78,-1.0,STOP,7,2,2.2292639537469374,0.3854421466162703,False
SBIN,2023-11-08,TRAIN,SIDEWAYS,SUPPLY,DUAL (2-TF),2,False,False,True,False,True,10.0,85,-1.0,STOP,1,3,1.1456958498313536,0.13931661533949094,False
SBIN,2023-11-16,TRAIN,BULL,DEMAND,SINGLE (1-TF),1,False,False,False,False,True,8.5,78,-1.0,STOP,2,1,3.677431059506548,0.0,False
SBIN,2023-11-23,TRAIN,SIDEWAYS,SUPPLY,DUAL (2-TF),2,False,False,True,False,True,10.0,85,-1.0,STOP,3,4,5.7219381543706,0.4701166863329009,False
SBIN,2023-12-01,TRAIN,SIDEWAYS,SUPPLY,TRIPLE (3-TF),3,False,False,True,True,True,11.5,92,-1.0,STOP,1,1,6.437622567506408,0.0,False
SBIN,2023-12-08,TRAIN,BULL,SUPPLY,TRIPLE (3-TF),3,False,False,True,True,True,11.5,92,-1.0,STOP,1,1,4.175243097451928,0.0,False
SBIN,2023-12-18,TRAIN,BULL,DEMAND,SINGLE (1-TF),1,False,False,False,False,True,8.5,78,-1.0,STOP,24,1,2.253786258235659,1.1020792333361753,False
SBIN,2023-12-27,TRAIN,BULL,SUPPLY,SINGLE (1-TF),1,False,False,False,False,True,8.5,78,-1.0,STOP,1,27,7.245820040421585,4.59503248759794,False
SBIN,2024-01-03,TRAIN,BULL,DEMAND,DUAL (2-TF),2,False,False,True,False,True,10.0,85,-1.0,STOP,1,3,2.160187756181399,2.0197011767817052,False
SBIN,2024-01-10,TRAIN,BULL,SUPPLY,DUAL (2-TF),2,False,False,True,False,True,10.0,85,2.0,T1,4,5,0.552649758215733,6.05283068521992,True
SBIN,2024-01-17,TRAIN,BULL,DEMAND,DUAL (2-TF),2,False,False,True,False,True,10.0,85,-1.0,STOP,1,3,3.658474876448472,1.7255047480898036,False
SBIN,2024-01-29,TRAIN,BULL,DEMAND,DUAL (2-TF),2,False,False,False,True,True,10.0,85,2.0,T1,1,3,1.661409752559587,4.304484962976703,True
SBIN,2024-02-05,TRAIN,BULL,SUPPLY,SINGLE (1-TF),1,False,False,False,False,True,8.5,78,-1.0,STOP,1,2,8.12535785254791,0.0,False
SBIN,2024-02-26,TRAIN,BULL,DEMAND,SINGLE (1-TF),1,False,False,False,False,True,8.5,78,-1.0,STOP,1,1,2.3545918012974627,0.8223707058218788,False
SBIN,2024-03-04,TRAIN,BULL,DEMAND,SINGLE (1-TF),1,False,False,False,False,True,8.5,78,-1.0,STOP,6,1,2.249017183658168,2.3226415880645153,False
SBIN,2024-03-12,TRAIN,BULL,DEMAND,DUAL (2-TF),2,False,False,False,True,True,10.0,85,-1.0,STOP,1,1,4.054975321098417,0.43222164653269246,False
SBIN,2024-03-19,TRAIN,BULL,SUPPLY,SINGLE (1-TF),1,False,False,False,False,True,8.5,78,-1.0,STOP,3,21,9.321746502755392,2.2820404126042235,False
SBIN,2024-04-04,TRAIN,BULL,DEMAND,DUAL (2-TF),2,False,False,False,True,True,10.0,85,-1.0,STOP,1,9,3.556921878477639,2.8516581348764745,False
SBIN,2024-04-12,TRAIN,BULL,SUPPLY,SINGLE (1-TF),1,False,False,False,False,True,8.5,78,2.0,T1,1,4,1.9091134976947133,4.2944700588056675,True
SBIN,2024-04-22,TRAIN,BULL,SUPPLY,SINGLE (1-TF),1,False,False,False,False,True,8.5,78,-1.0,STOP,1,3,6.576391663108015,2.0938657997327472,False
SBIN,2024-05-15,TRAIN,BULL,SUPPLY,SINGLE (1-TF),1,False,False,False,False,True,8.5,78,-1.0,STOP,1,5,3.9349429652882635,2.446743918665795,False
SBIN,2024-05-23,TRAIN,BULL,DEMAND,SINGLE (1-TF),1,False,False,False,False,True,8.5,78,2.0,T1,8,8,1.0405773525956412,6.990975638095972,True
SBIN,2024-05-30,TRAIN,BULL,DEMAND,DUAL (2-TF),2,False,False,False,True,True,10.0,85,-1.0,STOP,1,2,3.6963049514404482,1.1433166233211494,False
SBIN,2024-06-11,TRAIN,BULL,DEMAND,DUAL (2-TF),2,False,False,False,True,True,10.0,85,2.0,T1,9,15,0.6646313117987718,7.35617453796189,True
SBIN,2024-06-19,TRAIN,BULL,DEMAND,DUAL (2-TF),2,False,False,False,True,True,10.0,85,2.0,T1,4,15,0.6646313117987718,7.35617453796189,True
SBIN,2024-06-26,TRAIN,BULL,SUPPLY,SINGLE (1-TF),1,False,False,False,False,True,8.5,78,-1.0,STOP,1,8,2.1497860024772315,2.7923917442331017,False
SBIN,2024-07-03,TRAIN,BULL,SUPPLY,SINGLE (1-TF),1,False,False,False,False,True,8.5,78,-1.0,STOP,3,2,2.7221561438573745,1.16856522752075,False
SBIN,2024-07-10,TRAIN,BULL,DEMAND,DUAL (2-TF),2,False,False,False,True,True,10.0,85,2.0,T1,11,2,0.21311455215147374,5.4695295465464335,True
SBIN,2024-07-18,TRAIN,BULL,DEMAND,SINGLE (1-TF),1,False,False,False,False,True,8.5,78,-1.0,STOP,4,2,2.15253786872177,2.8845456961321956,False
SBIN,2024-07-25,TRAIN,BULL,SUPPLY,SINGLE (1-TF),1,False,False,False,False,True,8.5,78,2.0,T1,3,5,1.4034963047185793,8.75852757248437,True
SBIN,2024-08-01,TRAIN,BULL,DEMAND,DUAL (2-TF),2,False,False,False,True,True,10.0,85,-1.0,STOP,2,1,5.715544567784895,1.155347767021178,False
SBIN,2024-08-16,TRAIN,BULL,SUPPLY,SINGLE (1-TF),1,False,False,False,False,True,8.5,78,2.0,T1,1,17,1.6434504792332285,5.808306709265181,True
SBIN,2024-08-23,TRAIN,BULL,DEMAND,TRIPLE (3-TF),3,False,False,True,True,True,11.5,92,-1.0,STOP,11,1,3.9857227840571006,0.0,False
SBIN,2024-08-30,TRAIN,BULL,SUPPLY,SINGLE (1-TF),1,False,False,False,False,True,8.5,78,3.5,T2,1,5,1.2320537623460015,5.503512880562048,True
SBIN,2024-09-09,TRAIN,BULL,DEMAND,TRIPLE (3-TF),3,False,False,True,True,True,11.5,92,-1.0,STOP,1,1,5.369820411180646,0.0,False
SBIN,2024-09-16,TRAIN,BULL,DEMAND,TRIPLE (3-TF),3,False,False,True,True,True,11.5,92,2.0,T1,5,18,1.878428031311573,5.056179775280902,True
SBIN,2024-09-23,TRAIN,BULL,DEMAND,TRIPLE (3-TF),3,False,False,True,True,True,11.5,92,2.0,T1,1,1,0.14011896893588177,2.469266358228678,True
SBIN,2024-09-30,TRAIN,BULL,DEMAND,TRIPLE (3-TF),3,False,False,True,True,True,11.5,92,-1.0,STOP,1,2,1.7036728531639678,0.7652862014212451,False
SBIN,2024-10-08,TRAIN,SIDEWAYS,SUPPLY,SINGLE (1-TF),1,False,False,False,False,True,8.5,78,-1.0,STOP,2,3,1.3776864234792154,2.029453088411291,False
SBIN,2024-10-15,TRAIN,BULL,DEMAND,TRIPLE (3-TF),3,False,False,True,True,True,11.5,92,-1.0,STOP,6,20,4.806781157106322,7.936446123291403,False
SBIN,2024-10-22,TRAIN,SIDEWAYS,DEMAND,TRIPLE (3-TF),3,False,False,True,True,True,11.5,92,-1.0,STOP,1,20,4.806781157106322,7.936446123291403,False
SBIN,2024-10-29,TRAIN,BULL,SUPPLY,DUAL (2-TF),2,False,False,False,True,True,10.0,85,-1.0,STOP,1,1,6.20929280118373,0.0,False
SBIN,2024-11-05,TRAIN,BULL,SUPPLY,DUAL (2-TF),2,False,False,True,False,True,10.0,85,-1.0,STOP,1,1,5.829293187037517,0.0,False
SBIN,2024-11-12,TRAIN,BULL,SUPPLY,DUAL (2-TF),2,False,False,True,False,True,10.0,85,-1.0,STOP,15,1,1.3784188653716014,1.0824393544022466,False
SBIN,2024-11-21,TRAIN,SIDEWAYS,SUPPLY,DUAL (2-TF),2,False,False,False,True,True,10.0,85,-1.0,STOP,3,7,4.512109335745146,0.1268716711888241,False
SBIN,2024-11-28,TRAIN,BULL,DEMAND,SINGLE (1-TF),1,False,False,False,False,True,8.5,78,-1.0,STOP,17,13,11.003792217047163,2.4445801837570844,False
SBIN,2024-12-05,TRAIN,BULL,DEMAND,SINGLE (1-TF),1,False,False,False,False,True,8.5,78,2.0,T1,7,1,0.4703727084803192,3.2728037926894107,True
SBIN,2024-12-12,TRAIN,BULL,DEMAND,DUAL (2-TF),2,False,False,False,True,True,10.0,85,-1.0,STOP,1,1,2.7938296380473298,0.6165526245799007,False
SBIN,2024-12-27,TRAIN,SIDEWAYS,SUPPLY,SINGLE (1-TF),1,False,False,False,False,True,8.5,78,2.0,T1,1,8,0.12197756121114017,6.999733174084841,True
SBIN,2025-01-03,TRAIN,SIDEWAYS,DEMAND,DUAL (2-TF),2,False,False,True,False,True,10.0,85,-1.0,STOP,1,1,3.59709435574719,0.934881974387863,False
SBIN,2025-01-10,TRAIN,BEAR,DEMAND,TRIPLE (3-TF),3,False,False,True,True,True,11.5,92,-1.0,STOP,1,1,11.463184953297196,0.0,False
SBIN,2025-01-17,TRAIN,BEAR,DEMAND,DUAL (2-TF),2,False,False,True,False,True,10.0,85,-1.0,STOP,4,16,3.282775233533597,5.461955380026049,False
SBIN,2025-01-24,TRAIN,BEAR,SUPPLY,SINGLE (1-TF),1,False,False,False,False,True,8.5,78,2.0,T1,6,8,1.6907266613550096,5.519169221212408,True
SBIN,2025-01-31,TRAIN,BEAR,SUPPLY,DUAL (2-TF),2,False,False,False,True,True,10.0,85,2.0,T1,1,8,1.6907266613550096,5.519169221212408,True
SBIN,2025-02-06,TRAIN,BEAR,DEMAND,TRIPLE (3-TF),3,False,False,True,True,True,11.5,92,-1.0,STOP,1,1,4.070574781495899,1.0564434884417446,False
SBIN,2025-02-13,TRAIN,BEAR,SUPPLY,DUAL (2-TF),2,False,False,False,True,True,10.0,85,-1.0,STOP,24,3,4.486533497149326,1.07124615193473,False
SBIN,2025-02-20,TRAIN,BEAR,DEMAND,DUAL (2-TF),2,False,False,True,False,True,10.0,85,-1.0,STOP,1,2,2.7973915637830924,0.10371233324335719,False
SBIN,2025-02-28,TRAIN,BEAR,SUPPLY,SINGLE (1-TF),1,False,False,False,False,True,8.5,78,-1.0,STOP,3,2,3.694934081674426,2.589961705983793,False
SBIN,2025-03-24,TRAIN,SIDEWAYS,DEMAND,SINGLE (1-TF),1,False,False,False,False,True,8.5,78,2.0,T1,10,1,0.12928523733075256,5.8902922414650485,True
SBIN,2025-04-01,TRAIN,BEAR,DEMAND,SINGLE (1-TF),1,False,False,False,False,True,8.5,78,-1.0,STOP,1,4,5.43987086359967,1.645143933279529,False
SBIN,2025-04-08,TRAIN,BEAR,SUPPLY,SINGLE (1-TF),1,False,False,False,False,True,8.5,78,-1.0,STOP,1,5,4.025732319145496,3.766790742838656,False
SBIN,2025-04-17,TRAIN,SIDEWAYS,SUPPLY,SINGLE (1-TF),1,False,False,False,False,True,8.5,78,-1.0,STOP,1,1,8.46621575459451,0.0,False
SBIN,2025-04-25,TRAIN,SIDEWAYS,SUPPLY,TRIPLE (3-TF),3,False,False,True,True,True,11.5,92,2.0,T1,2,4,0.9560785603176741,4.767746259785268,True
SBIN,2025-05-05,TRAIN,SIDEWAYS,SUPPLY,DUAL (2-TF),2,False,False,False,True,True,10.0,85,-1.0,STOP,10,11,3.264106332673009,2.1905553070483865,False
SBIN,2025-05-26,TRAIN,SIDEWAYS,SUPPLY,TRIPLE (3-TF),3,False,False,True,True,True,11.5,92,-1.0,STOP,1,4,2.8274727534443755,0.36628624305984253,False
SBIN,2025-06-02,TRAIN,BULL,SUPPLY,TRIPLE (3-TF),3,False,False,True,True,True,11.5,92,-1.0,STOP,1,1,3.8440777297964175,0.0,False
SBIN,2025-06-09,TRAIN,BULL,SUPPLY,DUAL (2-TF),2,False,False,True,False,True,10.0,85,-1.0,STOP,1,27,3.013350765594739,3.469690493550904,False
SBIN,2025-06-16,TRAIN,SIDEWAYS,SUPPLY,SINGLE (1-TF),1,False,False,False,False,True,8.5,78,-1.0,STOP,11,12,2.3494291923759016,1.3439584322150322,False
SBIN,2025-06-23,TRAIN,SIDEWAYS,SUPPLY,DUAL (2-TF),2,False,False,False,True,True,10.0,85,-1.0,STOP,1,1,1.8627551807476745,0.42937213966164856,False
SBIN,2025-06-30,TRAIN,BULL,DEMAND,SINGLE (1-TF),1,False,False,False,False,True,8.5,78,2.0,T1,25,6,0.732346592661122,4.120413197656482,True
SBIN,2025-07-07,TRAIN,BULL,SUPPLY,DUAL (2-TF),2,False,False,True,False,True,10.0,85,-1.0,STOP,2,6,2.6198795256164553,1.0281649572328508,False
SBIN,2025-07-14,TRAIN,BULL,DEMAND,DUAL (2-TF),2,False,False,False,True,True,10.0,85,2.0,T1,1,2,0.3953114803473693,2.8349480447768585,True
SBIN,2025-07-28,TRAIN,SIDEWAYS,DEMAND,DUAL (2-TF),2,False,False,False,True,True,10.0,85,-1.0,STOP,1,1,4.156978532324547,0.0,False
SBIN,2025-08-04,TRAIN,SIDEWAYS,SUPPLY,DUAL (2-TF),2,False,False,False,True,True,10.0,85,-1.0,STOP,3,6,2.6594469057265897,2.0523306448559193,False
SBIN,2025-08-11,TRAIN,BULL,SUPPLY,TRIPLE (3-TF),3,False,False,True,True,True,11.5,92,-1.0,STOP,1,3,2.6594469057265897,0.0,False
SBIN,2025-08-19,TRAIN,BULL,DEMAND,DUAL (2-TF),2,False,False,False,True,True,10.0,85,-1.0,STOP,4,1,1.0271260271260356,0.4071379071379026,False
SBIN,2025-08-26,TRAIN,BULL,SUPPLY,TRIPLE (3-TF),3,False,False,True,True,True,11.5,92,-1.0,STOP,12,4,4.251121960842322,0.8112639936874342,False
SBIN,2025-09-10,VALIDATION,BULL,SUPPLY,TRIPLE (3-TF),3,False,False,True,True,True,11.5,92,-1.0,STOP,1,1,2.013659174663865,0.0,False
SBIN,2025-09-25,VALIDATION,BULL,DEMAND,SINGLE (1-TF),1,False,False,False,False,True,8.5,78,2.0,T1,1,16,1.0440040626402474,5.991213359472804,True
SBIN,2025-10-03,VALIDATION,BULL,DEMAND,SINGLE (1-TF),1,False,False,False,False,True,8.5,78,2.0,T1,4,6,0.5515270330916171,3.462692207761525,True
SBIN,2025-10-10,VALIDATION,BULL,SUPPLY,TRIPLE (3-TF),3,False,False,True,True,True,11.5,92,-1.0,STOP,1,1,2.706648300545098,0.3932233720670165,False
SBIN,2025-10-17,VALIDATION,BULL,DEMAND,SINGLE (1-TF),1,False,False,False,False,True,8.5,78,2.0,T1,1,1,0.0,3.470260673069166,True
SBIN,2025-11-11,VALIDATION,BULL,SUPPLY,SINGLE (1-TF),1,False,False,False,False,True,8.5,78,-1.0,STOP,1,3,1.897961805258202,0.6251605720647339,False
SBIN,2025-11-18,VALIDATION,BULL,DEMAND,SINGLE (1-TF),1,False,False,False,False,True,8.5,78,-1.0,STOP,12,1,1.0262975409398842,1.9181735744385788,False
SBIN,2025-11-25,VALIDATION,BULL,SUPPLY,SINGLE (1-TF),1,False,False,False,False,True,8.5,78,-1.0,STOP,1,1,1.777694804858063,1.0392358194094384,False
SBIN,2025-12-02,VALIDATION,BULL,SUPPLY,SINGLE (1-TF),1,False,False,False,False,True,8.5,78,-1.0,STOP,21,2,2.6022266368678064,1.0574455756973788,False
SBIN,2025-12-09,VALIDATION,BULL,DEMAND,TRIPLE (3-TF),3,False,False,True,True,True,11.5,92,2.0,T1,1,6,0.06315496515773025,2.8858607807666288,True
SBIN,2025-12-16,VALIDATION,BULL,SUPPLY,SINGLE (1-TF),1,False,False,False,False,True,8.5,78,-1.0,STOP,1,1,3.1242959068719496,0.0,False
SBIN,2025-12-23,VALIDATION,BULL,DEMAND,DUAL (2-TF),2,False,False,False,True,True,10.0,85,2.0,T1,3,5,0.6786448179566947,4.497602613414822,True
SBIN,2025-12-31,VALIDATION,BULL,SUPPLY,DUAL (2-TF),2,False,False,False,True,True,10.0,85,-1.0,STOP,1,2,3.6131863539000095,0.08254532156104318,False
SBIN,2026-01-14,VALIDATION,BULL,SUPPLY,SINGLE (1-TF),1,False,False,False,False,True,8.5,78,-1.0,STOP,1,2,4.000727772611494,0.0,False
SBIN,2026-01-21,VALIDATION,BULL,DEMAND,SINGLE (1-TF),1,False,False,False,False,True,8.5,78,2.0,T1,1,1,0.6177361553844031,2.64022808719583,True
SBIN,2026-01-29,VALIDATION,BULL,DEMAND,SINGLE (1-TF),1,False,False,False,False,True,8.5,78,2.0,T1,3,5,5.885142458965619,9.325642613812338,True
SBIN,2026-02-05,VALIDATION,BULL,DEMAND,DUAL (2-TF),2,False,False,False,True,True,10.0,85,2.0,T1,2,1,1.4255432914486343,7.860061872207173,True
SBIN,2026-02-19,VALIDATION,BULL,DEMAND,SINGLE (1-TF),1,False,False,False,False,True,8.5,78,-1.0,STOP,5,4,3.42115544683961,2.461397339856273,False
SBIN,2026-03-06,TEST_OOS,BULL,DEMAND,DUAL (2-TF),2,False,False,False,True,True,10.0,85,-1.0,STOP,1,1,11.204538891436924,0.0,False
SBIN,2026-03-13,TEST_OOS,BULL,SUPPLY,SINGLE (1-TF),1,False,False,False,False,True,8.5,78,2.0,T1,23,3,0.8859936047203985,3.17290160614974,True
SBIN,2026-03-20,TEST_OOS,BULL,SUPPLY,SINGLE (1-TF),1,False,False,False,False,True,8.5,78,2.0,T1,1,5,0.9213491657670982,9.236217639149288,True
SBIN,2026-03-30,TEST_OOS,BULL,DEMAND,TRIPLE (3-TF),3,False,False,True,True,True,11.5,92,-1.0,STOP,1,1,7.525180411376529,0.0,False
SBIN,2026-04-08,TEST_OOS,BULL,SUPPLY,DUAL (2-TF),2,False,False,True,False,True,10.0,85,-1.0,STOP,1,4,6.719257077238002,0.0,False
SBIN,2026-04-16,TEST_OOS,BULL,DEMAND,DUAL (2-TF),2,False,False,False,True,True,10.0,85,-1.0,STOP,1,16,8.961548372319408,5.085845716303525,False
SBIN,2026-04-23,TEST_OOS,BULL,DEMAND,DUAL (2-TF),2,False,False,False,True,True,10.0,85,-1.0,STOP,6,3,2.8554734620024087,0.8198884197828753,False
SBIN,2026-05-15,TEST_OOS,SIDEWAYS,SUPPLY,SINGLE (1-TF),1,False,False,False,False,True,8.5,78,-1.0,STOP,16,3,2.3329155379452478,2.4430922249626077,False
SBIN,2026-05-22,TEST_OOS,SIDEWAYS,SUPPLY,SINGLE (1-TF),1,False,False,False,False,True,8.5,78,-1.0,STOP,2,1,1.619601328903645,0.5917774086378784,False
SBIN,2026-05-29,TEST_OOS,SIDEWAYS,DEMAND,DUAL (2-TF),2,False,False,False,True,True,10.0,85,-1.0,STOP,2,1,1.156798822168472,2.0349142917236325,False
SBIN,2026-06-05,TEST_OOS,SIDEWAYS,SUPPLY,DUAL (2-TF),2,False,False,True,False,True,10.0,85,-1.0,STOP,1,1,2.924097884695152,0.0,False
SBIN,2026-06-19,TEST_OOS,BULL,DEMAND,SINGLE (1-TF),1,False,False,False,False,True,8.5,78,2.0,T1,3,20,1.2111740574330903,4.219574135573359,True
SBIN,2026-06-26,TEST_OOS,BULL,SUPPLY,TRIPLE (3-TF),3,False,False,True,True,True,11.5,92,-1.0,STOP,1,3,1.146435452793843,1.2475915221580005,False
SBIN,2026-07-03,TEST_OOS,BULL,DEMAND,DUAL (2-TF),2,False,False,True,False,True,10.0,85,-1.0,STOP,1,3,2.721153846153842,1.6346153846153848,False
SBIN,2026-07-10,TEST_OOS,BULL,SUPPLY,DUAL (2-TF),2,False,False,False,True,True,10.0,85,-1.0,STOP,7,1,1.5320201731848804,1.1989723094490565,False
SBIN,2026-07-17,TEST_OOS,BULL,DEMAND,DUAL (2-TF),2,False,False,True,False,True,10.0,85,-1.0,STOP,1,5,3.145262750411304,3.2613955288880327,False
SBIN,2026-07-24,TEST_OOS,SIDEWAYS,SUPPLY,SINGLE (1-TF),1,False,False,False,False,True,8.5,78,-1.0,STOP,7,3,4.184220605132116,1.2926081960934506,False
SBIN,2026-07-31,TEST_OOS,SIDEWAYS,SUPPLY,SINGLE (1-TF),1,False,False,False,False,True,8.5,78,-1.0,STOP,1,1,3.7801026450848747,0.0,False
SBIN,2026-08-07,TEST_OOS,BULL,SUPPLY,DUAL (2-TF),2,False,False,False,True,True,10.0,85,-1.0,STOP,1,1,4.831868142112665,0.379427037206239,False
SBIN,2026-08-14,TEST_OOS,BULL,DEMAND,DUAL (2-TF),2,False,False,True,False,True,10.0,85,-1.0,STOP,1,1,1.7366946778711398,1.0270774976657329,False
BHARTIARTL,2022-06-16,TRAIN,BEAR,DEMAND,SINGLE (1-TF),1,False,False,False,False,True,8.5,78,-1.0,STOP,1,1,4.96025927926539,1.876688016050616,False
BHARTIARTL,2022-06-23,TRAIN,BEAR,DEMAND,SINGLE (1-TF),1,False,False,False,False,True,8.5,78,-1.0,STOP,15,1,2.5108030393086045,3.8842749514064137,False
BHARTIARTL,2022-06-30,TRAIN,SIDEWAYS,DEMAND,SINGLE (1-TF),1,False,False,False,False,True,8.5,78,-1.0,STOP,2,8,4.499498340665274,3.78482673458362,False
BHARTIARTL,2022-07-07,TRAIN,SIDEWAYS,DEMAND,SINGLE (1-TF),1,False,False,False,False,True,8.5,78,-1.0,STOP,3,1,3.78197661225663,0.0,False
BHARTIARTL,2022-07-14,TRAIN,BEAR,DEMAND,DUAL (2-TF),2,False,False,False,True,True,10.0,85,-1.0,STOP,1,1,6.32399475187158,0.0,False
BHARTIARTL,2022-07-21,TRAIN,SIDEWAYS,SUPPLY,SINGLE (1-TF),1,False,False,False,False,True,8.5,78,-1.0,STOP,1,2,3.5518954902021913,0.0,False
BHARTIARTL,2022-07-28,TRAIN,BEAR,DEMAND,DUAL (2-TF),2,False,False,False,True,True,10.0,85,2.0,T1,1,8,2.323490873632568,6.057835877746289,True
BHARTIARTL,2022-08-04,TRAIN,SIDEWAYS,SUPPLY,SINGLE (1-TF),1,False,False,False,False,True,8.5,78,-1.0,STOP,1,1,4.728650326349908,0.0,False
BHARTIARTL,2022-08-22,TRAIN,BULL,DEMAND,SINGLE (1-TF),1,False,False,False,False,True,8.5,78,2.0,T1,2,10,1.5423027536025034,7.3377086602939166,True
BHARTIARTL,2022-08-29,TRAIN,BULL,DEMAND,SINGLE (1-TF),1,False,False,False,False,True,8.5,78,-1.0,STOP,1,1,2.7398418671514864,0.0,False
BHARTIARTL,2022-09-06,TRAIN,BULL,SUPPLY,SINGLE (1-TF),1,False,False,False,False,True,8.5,78,-1.0,STOP,1,1,4.7229955456570245,0.0807349665924175,False
BHARTIARTL,2022-09-14,TRAIN,BULL,SUPPLY,SINGLE (1-TF),1,False,False,False,False,True,8.5,78,-1.0,STOP,1,1,4.170686960657735,0.0,False
BHARTIARTL,2022-09-21,TRAIN,BULL,DEMAND,SINGLE (1-TF),1,False,False,False,False,True,8.5,78,-1.0,STOP,1,2,2.4490490464285295,1.1414060761548264,False
BHARTIARTL,2022-09-28,TRAIN,BULL,SUPPLY,SINGLE (1-TF),1,False,False,False,False,True,8.5,78,-1.0,STOP,3,1,5.885027345787142,0.0,False
BHARTIARTL,2022-10-07,TRAIN,BULL,SUPPLY,SINGLE (1-TF),1,False,False,False,False,True,8.5,78,-1.0,STOP,1,10,4.083815840498504,1.4909805704505155,False
BHARTIARTL,2022-10-14,TRAIN,BULL,SUPPLY,SINGLE (1-TF),1,False,False,False,False,True,8.5,78,-1.0,STOP,3,3,2.2811789595406124,2.0761882235450195,False
BHARTIARTL,2022-10-21,TRAIN,BULL,SUPPLY,DUAL (2-TF),2,False,False,False,True,True,10.0,85,-1.0,STOP,1,1,5.019786706016494,0.0,False
BHARTIARTL,2022-10-31,TRAIN,BULL,DEMAND,SINGLE (1-TF),1,False,False,False,False,True,8.5,78,2.0,T1,4,4,0.24182404421925208,3.046471160243623,True
BHARTIARTL,2022-11-07,TRAIN,BULL,SUPPLY,SINGLE (1-TF),1,False,False,False,False,True,8.5,78,-1.0,STOP,3,5,2.584864528184366,1.3291809405169677,False
BHARTIARTL,2022-11-15,TRAIN,BULL,SUPPLY,SINGLE (1-TF),1,False,False,False,False,True,8.5,78,-1.0,STOP,1,2,2.584864528184366,0.6465275615073254,False
BHARTIARTL,2022-11-22,TRAIN,BULL,SUPPLY,SINGLE (1-TF),1,False,False,False,False,True,8.5,78,-1.0,STOP,1,3,2.2275862913996485,0.48154093097912715,False
BHARTIARTL,2022-11-29,TRAIN,BULL,SUPPLY,SINGLE (1-TF),1,False,False,False,False,True,8.5,78,2.0,T1,2,15,0.6607849102525037,4.158198965622143,True
BHARTIARTL,2022-12-06,TRAIN,BULL,DEMAND,DUAL (2-TF),2,False,False,False,True,True,10.0,85,-1.0,STOP,1,2,1.51338193530937,0.7155063252234483,False
BHARTIARTL,2022-12-13,TRAIN,BULL,SUPPLY,DUAL (2-TF),2,False,False,False,True,True,10.0,85,2.0,T1,5,2,0.11241996187496443,3.7611808983821264,True
BHARTIARTL,2022-12-20,TRAIN,BULL,SUPPLY,DUAL (2-TF),2,False,False,False,True,True,10.0,85,2.0,T1,1,15,2.1595372240974786,8.557840713738965,True
BHARTIARTL,2023-01-04,TRAIN,BULL,DEMAND,SINGLE (1-TF),1,False,False,False,False,True,8.5,78,-1.0,STOP,1,2,3.964730160715394,0.03627040210119159,False
BHARTIARTL,2023-01-11,TRAIN,SIDEWAYS,DEMAND,DUAL (2-TF),2,False,False,False,True,True,10.0,85,-1.0,STOP,1,1,6.921524549123786,0.0,False
BHARTIARTL,2023-01-18,TRAIN,BULL,SUPPLY,SINGLE (1-TF),1,False,False,False,False,True,8.5,78,-1.0,STOP,1,1,3.0385197095011742,0.0,False
BHARTIARTL,2023-01-25,TRAIN,BULL,SUPPLY,DUAL (2-TF),2,False,False,False,True,True,10.0,85,-1.0,STOP,1,4,1.6380300884482792,1.9947625791625554,False
BHARTIARTL,2023-02-02,TRAIN,BULL,SUPPLY,DUAL (2-TF),2,False,False,False,True,True,10.0,85,-1.0,STOP,1,1,2.9727707559522214,0.9005157256232809,False
BHARTIARTL,2023-02-09,TRAIN,SIDEWAYS,SUPPLY,SINGLE (1-TF),1,False,False,False,False,True,8.5,78,2.0,T1,6,4,0.5763349800047155,2.882981782064344,True
BHARTIARTL,2023-02-16,TRAIN,BULL,DEMAND,SINGLE (1-TF),1,False,False,False,False,True,8.5,78,-1.0,STOP,2,5,2.0762819569492543,2.95656129178986,False
BHARTIARTL,2023-02-23,TRAIN,SIDEWAYS,SUPPLY,DUAL (2-TF),2,False,False,False,True,True,10.0,85,2.0,T1,10,2,1.3437997186172839,2.7152117602198436,True
BHARTIARTL,2023-03-02,TRAIN,SIDEWAYS,SUPPLY,DUAL (2-TF),2,False,False,False,True,True,10.0,85,-1.0,STOP,2,3,5.590870482505403,1.242567882291702,False
BHARTIARTL,2023-03-10,TRAIN,SIDEWAYS,DEMAND,SINGLE (1-TF),1,False,False,False,False,True,8.5,78,2.0,T1,5,25,1.6179096277983755,5.085839857162474,True
BHARTIARTL,2023-03-17,TRAIN,SIDEWAYS,SUPPLY,DUAL (2-TF),2,False,False,False,True,True,10.0,85,-1.0,STOP,14,12,3.757522383678273,2.6460109683359256,False
BHARTIARTL,2023-03-24,TRAIN,SIDEWAYS,DEMAND,SINGLE (1-TF),1,False,False,False,False,True,8.5,78,-1.0,STOP,1,2,4.456443866585299,0.0,False
BHARTIARTL,2023-04-03,TRAIN,SIDEWAYS,SUPPLY,DUAL (2-TF),2,False,False,False,True,True,10.0,85,-1.0,STOP,1,3,1.909223853111632,1.2741699615447066,False
BHARTIARTL,2023-04-21,TRAIN,SIDEWAYS,SUPPLY,SINGLE (1-TF),1,False,False,False,False,True,8.5,78,-1.0,STOP,1,3,1.1423526579095165,2.0037989245298182,False
BHARTIARTL,2023-04-28,TRAIN,BULL,SUPPLY,SINGLE (1-TF),1,False,False,False,False,True,8.5,78,-1.0,STOP,1,1,5.470456568053727,0.0,False
BHARTIARTL,2023-05-08,TRAIN,SIDEWAYS,DEMAND,DUAL (2-TF),2,False,False,False,True,True,10.0,85,2.0,T1,1,17,1.3592636348293492,5.468212444986824,True
BHARTIARTL,2023-05-15,TRAIN,SIDEWAYS,SUPPLY,SINGLE (1-TF),1,False,False,False,False,True,8.5,78,-1.0,STOP,1,3,0.873317179988858,1.526361480752034,False
BHARTIARTL,2023-05-22,TRAIN,SIDEWAYS,SUPPLY,DUAL (2-TF),2,False,False,False,True,True,10.0,85,-1.0,STOP,1,1,2.0108738066127207,0.0,False
BHARTIARTL,2023-06-06,TRAIN,BULL,SUPPLY,TRIPLE (3-TF),3,False,False,True,True,True,11.5,92,-1.0,STOP,1,1,3.548879002885981,0.0,False
BHARTIARTL,2023-06-13,TRAIN,BULL,SUPPLY,TRIPLE (3-TF),3,False,False,True,True,True,11.5,92,-1.0,STOP,1,8,4.084019810358136,1.1945944600681944,False
BHARTIARTL,2023-06-20,TRAIN,BULL,DEMAND,SINGLE (1-TF),1,False,False,False,False,True,8.5,78,2.0,T1,1,3,0.3443560417702613,3.9830929885629143,True
BHARTIARTL,2023-07-12,TRAIN,BULL,DEMAND,SINGLE (1-TF),1,False,False,False,False,True,8.5,78,2.0,T1,5,6,0.8377769877947548,2.993245645218627,True
BHARTIARTL,2023-07-19,TRAIN,BULL,SUPPLY,SINGLE (1-TF),1,False,False,False,False,True,8.5,78,-1.0,STOP,3,4,1.286494129646159,1.702576465270447,False
BHARTIARTL,2023-07-26,TRAIN,BULL,DEMAND,DUAL (2-TF),2,False,False,False,True,True,10.0,85,-1.0,STOP,6,9,2.0936671575846812,2.867746686303391,False
BHARTIARTL,2023-08-02,TRAIN,BULL,SUPPLY,SINGLE (1-TF),1,False,False,False,False,True,8.5,78,2.0,T1,1,10,1.2595247207821594,3.9861753824385606,True
BHARTIARTL,2023-08-09,TRAIN,BULL,DEMAND,DUAL (2-TF),2,False,False,False,True,True,10.0,85,-1.0,STOP,2,3,2.042885265999449,1.0173167827798928,False
BHARTIARTL,2023-08-17,TRAIN,BULL,DEMAND,DUAL (2-TF),2,False,False,False,True,True,10.0,85,-1.0,STOP,1,1,2.410675342740264,0.0,False
BHARTIARTL,2023-08-24,TRAIN,BULL,DEMAND,SINGLE (1-TF),1,False,False,False,False,True,8.5,78,2.0,T1,4,6,1.1265715073287046,2.999796258344416,True
BHARTIARTL,2023-08-31,TRAIN,BULL,SUPPLY,DUAL (2-TF),2,False,False,True,False,True,10.0,85,-1.0,STOP,5,1,1.53359758399396,0.5226028690071666,False
BHARTIARTL,2023-09-25,TRAIN,BULL,SUPPLY,SINGLE (1-TF),1,False,False,False,False,True,8.5,78,-1.0,STOP,2,2,1.8639464942993103,0.8191938235030024,False
BHARTIARTL,2023-10-03,TRAIN,BULL,SUPPLY,DUAL (2-TF),2,False,False,False,True,True,10.0,85,-1.0,STOP,1,1,1.453227399227943,0.0,False
BHARTIARTL,2023-10-10,TRAIN,BULL,SUPPLY,SINGLE (1-TF),1,False,False,False,False,True,8.5,78,-1.0,STOP,1,1,3.4318948676966743,0.43287160362281246,False
BHARTIARTL,2023-10-17,TRAIN,BULL,DEMAND,DUAL (2-TF),2,False,False,False,True,True,10.0,85,-1.0,STOP,1,2,1.4913345725306482,0.48672518829710354,False
BHARTIARTL,2023-10-25,TRAIN,BULL,DEMAND,SINGLE (1-TF),1,False,False,False,False,True,8.5,78,-1.0,STOP,1,1,4.837326443544617,0.0,False
BHARTIARTL,2023-11-01,TRAIN,BULL,DEMAND,DUAL (2-TF),2,False,False,True,False,True,10.0,85,2.0,T1,1,9,2.0936707155526593,4.166011809874494,True
BHARTIARTL,2023-12-08,TRAIN,BULL,DEMAND,DUAL (2-TF),2,False,False,False,True,True,10.0,85,-1.0,STOP,1,9,3.604272341127473,1.5361458204462017,False
BHARTIARTL,2023-12-15,TRAIN,BULL,DEMAND,SINGLE (1-TF),1,False,False,False,False,True,8.5,78,-1.0,STOP,1,3,3.028061198277902,1.1600546633375424,False
BHARTIARTL,2023-12-22,TRAIN,BULL,SUPPLY,DUAL (2-TF),2,False,False,False,True,True,10.0,85,-1.0,STOP,1,2,3.6012921856010593,1.3056891483416657,False
BHARTIARTL,2024-01-01,TRAIN,BULL,DEMAND,SINGLE (1-TF),1,False,False,False,False,True,8.5,78,2.0,T1,1,10,1.3905087472350735,8.177156645887798,True
BHARTIARTL,2024-01-08,TRAIN,BULL,SUPPLY,SINGLE (1-TF),1,False,False,False,False,True,8.5,78,-1.0,STOP,1,1,3.4586002466876082,0.0,False
BHARTIARTL,2024-01-31,TRAIN,BULL,SUPPLY,SINGLE (1-TF),1,False,False,False,False,True,8.5,78,-1.0,STOP,1,26,6.446267594852345,3.723849749191752,False
BHARTIARTL,2024-02-07,TRAIN,BULL,SUPPLY,SINGLE (1-TF),1,False,False,False,False,True,8.5,78,-1.0,STOP,10,11,3.980086186129933,4.618898494865411,False
BHARTIARTL,2024-02-14,TRAIN,BULL,SUPPLY,DUAL (2-TF),2,False,False,False,True,True,10.0,85,-1.0,STOP,4,2,1.488673139158571,2.0837828119381574,False
BHARTIARTL,2024-02-21,TRAIN,BULL,DEMAND,SINGLE (1-TF),1,False,False,False,False,True,8.5,78,-1.0,STOP,2,3,2.3448704246709298,1.3117389675993076,False
BHARTIARTL,2024-02-28,TRAIN,BULL,SUPPLY,DUAL (2-TF),2,False,False,False,True,True,10.0,85,2.0,T1,1,1,0.7602139728584787,3.9294176778918617,True
BHARTIARTL,2024-03-06,TRAIN,BULL,SUPPLY,TRIPLE (3-TF),3,False,False,True,True,True,11.5,92,-1.0,STOP,1,1,5.456670503109311,0.0,False
BHARTIARTL,2024-03-14,TRAIN,BULL,DEMAND,SINGLE (1-TF),1,False,False,False,False,True,8.5,78,2.0,T1,1,21,0.4576357535618323,9.66305359872108,True
BHARTIARTL,2024-03-21,TRAIN,BULL,DEMAND,SINGLE (1-TF),1,False,False,False,False,True,8.5,78,2.0,T1,8,10,0.9626210796826828,8.529510352474023,True
BHARTIARTL,2024-04-01,TRAIN,BULL,DEMAND,SINGLE (1-TF),1,False,False,False,False,True,8.5,78,-1.0,STOP,1,1,1.7802363590646224,0.5632386220769448,False
BHARTIARTL,2024-04-08,TRAIN,BULL,SUPPLY,DUAL (2-TF),2,False,False,False,True,True,10.0,85,-1.0,STOP,1,6,7.267931401862728,0.9958071278826119,False
BHARTIARTL,2024-04-16,TRAIN,BULL,DEMAND,DUAL (2-TF),2,False,False,False,True,True,10.0,85,2.0,T1,1,2,0.2391596454014525,6.711681638792884,True
BHARTIARTL,2024-05-02,TRAIN,BULL,SUPPLY,SINGLE (1-TF),1,False,False,False,False,True,8.5,78,-1.0,STOP,11,2,2.3851767283274508,0.7289754231142924,False
BHARTIARTL,2024-05-09,TRAIN,BULL,SUPPLY,DUAL (2-TF),2,False,False,False,True,True,10.0,85,-1.0,STOP,2,4,4.048531993795721,2.4769898196190674,False
BHARTIARTL,2024-05-16,TRAIN,BULL,SUPPLY,SINGLE (1-TF),1,False,False,False,False,True,8.5,78,-1.0,STOP,1,1,6.662694066868519,0.0,False
BHARTIARTL,2024-05-24,TRAIN,BULL,SUPPLY,DUAL (2-TF),2,False,False,False,True,True,10.0,85,-1.0,STOP,1,1,5.709921779779995,0.0,False
BHARTIARTL,2024-05-31,TRAIN,BULL,DEMAND,SINGLE (1-TF),1,False,False,False,False,True,8.5,78,-1.0,STOP,1,2,7.578240270476673,2.5750150141244,False
BHARTIARTL,2024-06-10,TRAIN,BULL,DEMAND,SINGLE (1-TF),1,False,False,False,False,True,8.5,78,3.5,T2,8,4,0.8622926753316165,6.871649625944412,True
BHARTIARTL,2024-06-18,TRAIN,BULL,SUPPLY,SINGLE (1-TF),1,False,False,False,False,True,8.5,78,-1.0,STOP,1,6,3.8562133886691297,3.659511920973578,False
BHARTIARTL,2024-07-02,TRAIN,BULL,SUPPLY,SINGLE (1-TF),1,False,False,False,False,True,8.5,78,-1.0,STOP,1,17,3.825033137663335,3.794174784517516,False
BHARTIARTL,2024-07-09,TRAIN,BULL,SUPPLY,SINGLE (1-TF),1,False,False,False,False,True,8.5,78,-1.0,STOP,3,32,8.497847391378235,1.9692120319492399,False
BHARTIARTL,2024-07-16,TRAIN,BULL,SUPPLY,SINGLE (1-TF),1,False,False,False,False,True,8.5,78,-1.0,STOP,1,1,3.1194111737336723,0.0,False
BHARTIARTL,2024-07-24,TRAIN,BULL,DEMAND,SINGLE (1-TF),1,False,False,False,False,True,8.5,78,-1.0,STOP,1,1,2.9352388220194903,0.0,False
BHARTIARTL,2024-07-31,TRAIN,BULL,SUPPLY,SINGLE (1-TF),1,False,False,False,False,True,8.5,78,-1.0,STOP,1,17,5.44220095151789,1.3600192569098348,False
BHARTIARTL,2024-08-07,TRAIN,BULL,DEMAND,SINGLE (1-TF),1,False,False,False,False,True,8.5,78,-1.0,STOP,1,1,4.091002960005511,0.0,False
BHARTIARTL,2024-08-14,TRAIN,BULL,SUPPLY,DUAL (2-TF),2,False,False,False,True,True,10.0,85,-1.0,STOP,1,6,3.5964217914859873,0.7600540794238937,False
BHARTIARTL,2024-08-22,TRAIN,BULL,SUPPLY,DUAL (2-TF),2,False,False,False,True,True,10.0,85,-1.0,STOP,1,1,2.7456838156112124,0.31611491298155103,False
BHARTIARTL,2024-09-05,TRAIN,BULL,SUPPLY,SINGLE (1-TF),1,False,False,False,False,True,8.5,78,-1.0,STOP,4,2,5.184054062835048,1.667370609831384,False
BHARTIARTL,2024-09-19,TRAIN,BULL,SUPPLY,SINGLE (1-TF),1,False,False,False,False,True,8.5,78,-1.0,STOP,1,1,7.9725442030654206,0.0,False
BHARTIARTL,2024-09-26,TRAIN,BULL,DEMAND,SINGLE (1-TF),1,False,False,False,False,True,8.5,78,-1.0,STOP,3,3,4.767188003292657,1.2413060854419398,False
BHARTIARTL,2024-10-04,TRAIN,BULL,DEMAND,DUAL (2-TF),2,False,False,False,True,True,10.0,85,-1.0,STOP,1,17,5.9440726292306465,1.781730551280668,False
BHARTIARTL,2024-10-11,TRAIN,BULL,SUPPLY,DUAL (2-TF),2,False,False,False,True,True,10.0,85,-1.0,STOP,1,2,4.069492907823158,0.38143830450060573,False
BHARTIARTL,2024-10-18,TRAIN,BULL,DEMAND,DUAL (2-TF),2,False,False,False,True,True,10.0,85,-1.0,STOP,1,1,3.217290483693546,0.0,False
BHARTIARTL,2024-11-08,TRAIN,BULL,SUPPLY,DUAL (2-TF),2,False,False,True,False,True,10.0,85,-1.0,STOP,14,2,2.255040679165196,4.039491636767891,False
BHARTIARTL,2024-11-18,TRAIN,BULL,SUPPLY,DUAL (2-TF),2,False,False,True,False,True,10.0,85,-1.0,STOP,5,4,4.163549111174191,2.011790809876405,False
BHARTIARTL,2024-12-03,TRAIN,BULL,SUPPLY,TRIPLE (3-TF),3,False,False,True,True,True,11.5,92,-1.0,STOP,1,8,4.2409924705644615,2.8702814695032486,False
BHARTIARTL,2024-12-10,TRAIN,BULL,SUPPLY,TRIPLE (3-TF),3,False,False,True,True,True,11.5,92,-1.0,STOP,1,3,5.312665522236617,1.8717174746810759,False
BHARTIARTL,2024-12-17,TRAIN,BULL,DEMAND,DUAL (2-TF),2,False,False,False,True,True,10.0,85,2.0,T1,1,38,2.9308650584841676,6.022759691888294,True
BHARTIARTL,2024-12-24,TRAIN,BULL,SUPPLY,TRIPLE (3-TF),3,False,False,True,True,True,11.5,92,-1.0,STOP,1,14,2.963268090803182,1.4526707386930575,False
BHARTIARTL,2025-01-01,TRAIN,BULL,SUPPLY,TRIPLE (3-TF),3,False,False,True,True,True,11.5,92,-1.0,STOP,1,12,2.469805683936372,2.025508771033885,False
BHARTIARTL,2025-01-08,TRAIN,BULL,SUPPLY,TRIPLE (3-TF),3,False,False,True,True,True,11.5,92,-1.0,STOP,1,4,2.093916728358815,1.378500497791855,False
BHARTIARTL,2025-01-15,TRAIN,BULL,SUPPLY,TRIPLE (3-TF),3,False,False,True,True,True,11.5,92,-1.0,STOP,1,1,2.1934750976437782,0.43141960023485504,False
BHARTIARTL,2025-01-22,TRAIN,BULL,SUPPLY,DUAL (2-TF),2,False,False,True,False,True,10.0,85,-1.0,STOP,1,1,2.843795471370583,0.0,False
BHARTIARTL,2025-01-29,TRAIN,BULL,SUPPLY,DUAL (2-TF),2,False,False,True,False,True,10.0,85,-1.0,STOP,2,5,2.5181834087330466,3.6598015446524497,False
BHARTIARTL,2025-02-04,TRAIN,BULL,DEMAND,DUAL (2-TF),2,False,False,False,True,True,10.0,85,2.0,T1,3,1,0.41661414345139924,5.404638850371865,True
BHARTIARTL,2025-02-11,TRAIN,BULL,DEMAND,DUAL (2-TF),2,False,False,False,True,True,10.0,85,-1.0,STOP,6,4,4.075853784108461,1.803795140846801,False
BHARTIARTL,2025-02-18,TRAIN,BULL,DEMAND,DUAL (2-TF),2,False,False,False,True,True,10.0,85,-1.0,STOP,1,4,4.075853784108461,1.803795140846801,False
BHARTIARTL,2025-02-25,TRAIN,BULL,DEMAND,DUAL (2-TF),2,False,False,False,True,True,10.0,85,-1.0,STOP,1,2,6.387138689352525,0.0,False
BHARTIARTL,2025-03-05,TRAIN,BULL,DEMAND,DUAL (2-TF),2,False,False,False,True,True,10.0,85,2.0,T1,1,26,3.9493812573844904,11.239350786642623,True
BHARTIARTL,2025-03-12,TRAIN,BULL,SUPPLY,DUAL (2-TF),2,False,False,True,False,True,10.0,85,-1.0,STOP,1,1,8.717384978499139,0.0,False
BHARTIARTL,2025-03-20,TRAIN,BULL,DEMAND,DUAL (2-TF),2,False,False,False,True,True,10.0,85,2.0,T1,1,1,0.2851364139611633,4.881955998688747,True
BHARTIARTL,2025-03-27,TRAIN,BULL,SUPPLY,TRIPLE (3-TF),3,False,False,True,True,True,11.5,92,-1.0,STOP,1,1,2.150023889154324,2.903726708074541,False
BHARTIARTL,2025-04-04,TRAIN,BULL,DEMAND,SINGLE (1-TF),1,False,False,False,False,True,8.5,78,2.0,T1,2,6,3.17541158356034,10.066327134904657,True
BHARTIARTL,2025-04-30,TRAIN,BULL,SUPPLY,DUAL (2-TF),2,False,False,False,True,True,10.0,85,-1.0,STOP,1,3,5.216492296627593,0.0,False
BHARTIARTL,2025-05-08,TRAIN,BULL,SUPPLY,DUAL (2-TF),2,False,False,False,True,True,10.0,85,-1.0,STOP,1,20,4.875431242765796,0.9742996167979547,False
BHARTIARTL,2025-05-15,TRAIN,BULL,SUPPLY,DUAL (2-TF),2,False,False,False,True,True,10.0,85,2.0,T1,1,1,0.05354108732114371,3.146358386555719,True
BHARTIARTL,2025-05-22,TRAIN,BULL,SUPPLY,DUAL (2-TF),2,False,False,False,True,True,10.0,85,-1.0,STOP,3,7,1.8760763014968878,1.0271779926701052,False
BHARTIARTL,2025-05-29,TRAIN,BULL,DEMAND,SINGLE (1-TF),1,False,False,False,False,True,8.5,78,2.0,T1,3,2,0.0111486448822171,2.8880564567376803,True
BHARTIARTL,2025-06-05,TRAIN,BULL,SUPPLY,SINGLE (1-TF),1,False,False,False,False,True,8.5,78,-1.0,STOP,1,1,2.4407800750838837,0.0,False
BHARTIARTL,2025-06-12,TRAIN,BULL,DEMAND,DUAL (2-TF),2,False,False,False,True,True,10.0,85,-1.0,STOP,1,1,2.7853279446106427,0.8569819142361854,False
BHARTIARTL,2025-06-19,TRAIN,BULL,SUPPLY,SINGLE (1-TF),1,False,False,False,False,True,8.5,78,-1.0,STOP,1,1,5.803383366960072,0.0,False
BHARTIARTL,2025-06-26,TRAIN,BULL,SUPPLY,SINGLE (1-TF),1,False,False,False,False,True,8.5,78,-1.0,STOP,1,1,5.647520645854164,0.0,False
BHARTIARTL,2025-07-03,TRAIN,BULL,DEMAND,SINGLE (1-TF),1,False,False,False,False,True,8.5,78,-1.0,STOP,1,6,4.969155045950616,1.5191836858833025,False
BHARTIARTL,2025-07-10,TRAIN,BULL,DEMAND,SINGLE (1-TF),1,False,False,False,False,True,8.5,78,-1.0,STOP,1,1,5.564650591121343,0.07908483233511499,False
BHARTIARTL,2025-07-17,TRAIN,BULL,DEMAND,DUAL (2-TF),2,False,False,False,True,True,10.0,85,-1.0,STOP,1,1,5.296106489859437,0.0,False
BHARTIARTL,2025-07-24,TRAIN,BULL,DEMAND,SINGLE (1-TF),1,False,False,False,False,True,8.5,78,-1.0,STOP,3,1,1.8331306508750513,0.7777719029239167,False
BHARTIARTL,2025-07-31,TRAIN,BULL,DEMAND,SINGLE (1-TF),1,False,False,False,False,True,8.5,78,-1.0,STOP,1,6,3.8341876485432884,1.8032434247459415,False
BHARTIARTL,2025-08-07,TRAIN,BULL,DEMAND,SINGLE (1-TF),1,False,False,False,False,True,8.5,78,-1.0,STOP,1,1,3.030351125007273,1.008353569180141,False
BHARTIARTL,2025-08-14,TRAIN,BULL,SUPPLY,TRIPLE (3-TF),3,False,False,True,True,True,11.5,92,-1.0,STOP,3,22,2.8192974140201175,2.7355559066729898,False
BHARTIARTL,2025-08-22,TRAIN,BULL,SUPPLY,TRIPLE (3-TF),3,False,False,True,True,True,11.5,92,-1.0,STOP,1,19,2.8192974140201175,2.7355559066729898,False
BHARTIARTL,2025-09-01,VALIDATION,BULL,SUPPLY,TRIPLE (3-TF),3,False,False,True,True,True,11.5,92,-1.0,STOP,1,12,2.3832687410620736,1.821874185951313,False
BHARTIARTL,2025-09-08,VALIDATION,BULL,SUPPLY,TRIPLE (3-TF),3,False,False,True,True,True,11.5,92,-1.0,STOP,1,6,3.083596256900058,0.09567372036398866,False
BHARTIARTL,2025-09-15,VALIDATION,BULL,DEMAND,SINGLE (1-TF),1,False,False,False,False,True,8.5,78,2.0,T1,1,4,0.29409574864120175,3.823244732335647,True
BHARTIARTL,2025-09-22,VALIDATION,BULL,DEMAND,SINGLE (1-TF),1,False,False,False,False,True,8.5,78,-1.0,STOP,6,1,1.5386823902213294,1.234029657119465,False
BHARTIARTL,2025-09-29,VALIDATION,BULL,DEMAND,DUAL (2-TF),2,False,False,False,True,True,10.0,85,-1.0,STOP,1,1,3.563970775856224,0.0,False
BHARTIARTL,2025-10-21,VALIDATION,BULL,SUPPLY,ATZ (4-TF),4,True,True,True,True,True,13.0,100,-1.0,STOP,1,1,3.197577424345065,0.0,False
BHARTIARTL,2025-10-29,VALIDATION,BULL,DEMAND,SINGLE (1-TF),1,False,False,False,False,True,8.5,78,-1.0,STOP,7,1,1.8282703285297928,0.9216198954133581,False
BHARTIARTL,2025-11-06,VALIDATION,BULL,DEMAND,SINGLE (1-TF),1,False,False,False,False,True,8.5,78,-1.0,STOP,2,1,3.103252973478785,0.0,False
BHARTIARTL,2025-11-20,VALIDATION,BULL,DEMAND,SINGLE (1-TF),1,False,False,False,False,True,8.5,78,-1.0,STOP,5,10,2.3672667130084557,1.1692514202162243,False
BHARTIARTL,2025-11-27,VALIDATION,BULL,DEMAND,DUAL (2-TF),2,False,False,False,True,True,10.0,85,-1.0,STOP,1,9,2.3672667130084557,1.1692514202162243,False
BHARTIARTL,2025-12-04,VALIDATION,BULL,DEMAND,SINGLE (1-TF),1,False,False,False,False,True,8.5,78,-1.0,STOP,1,4,2.482738146541411,0.0,False
BHARTIARTL,2025-12-11,VALIDATION,BULL,SUPPLY,DUAL (2-TF),2,False,False,False,True,True,10.0,85,-1.0,STOP,4,1,1.6916756589357362,1.075201176817862,False
BHARTIARTL,2025-12-18,VALIDATION,BULL,DEMAND,SINGLE (1-TF),1,False,False,False,False,True,8.5,78,-1.0,STOP,15,1,2.2657346762083157,1.0580276564418432,False
BHARTIARTL,2025-12-26,VALIDATION,BULL,SUPPLY,DUAL (2-TF),2,False,False,False,True,True,10.0,85,2.0,T1,1,10,0.330356459879155,4.476306127132252,True
BHARTIARTL,2026-01-02,VALIDATION,BULL,DEMAND,SINGLE (1-TF),1,False,False,False,False,True,8.5,78,-1.0,STOP,1,4,2.393674581455634,0.9311139219807394,False
BHARTIARTL,2026-01-09,VALIDATION,BULL,DEMAND,SINGLE (1-TF),1,False,False,False,False,True,8.5,78,-1.0,STOP,1,1,4.944137974153891,0.0,False
BHARTIARTL,2026-01-16,VALIDATION,BULL,SUPPLY,DUAL (2-TF),2,False,False,True,False,True,10.0,85,2.0,T1,1,29,1.6553656766832716,7.580754122150775,True
BHARTIARTL,2026-01-23,VALIDATION,SIDEWAYS,SUPPLY,DUAL (2-TF),2,False,False,True,False,True,10.0,85,2.0,T1,1,2,0.08463390797070375,3.532458111253282,True
BHARTIARTL,2026-02-02,VALIDATION,SIDEWAYS,SUPPLY,TRIPLE (3-TF),3,False,False,True,True,True,11.5,92,-1.0,STOP,2,1,3.950010012374271,0.0,False
BHARTIARTL,2026-02-09,VALIDATION,BULL,SUPPLY,TRIPLE (3-TF),3,False,False,True,True,True,11.5,92,2.0,T1,1,14,2.4401928352428643,6.867234145554304,True
BHARTIARTL,2026-02-16,VALIDATION,BULL,SUPPLY,DUAL (2-TF),2,False,False,True,False,True,10.0,85,2.0,T1,2,2,0.014407289094685251,3.110484035233269,True
BHARTIARTL,2026-03-02,TEST_OOS,BEAR,DEMAND,TRIPLE (3-TF),3,False,True,True,False,True,11.5,92,-1.0,STOP,1,1,7.145594861967163,0.0,False
BHARTIARTL,2026-03-17,TEST_OOS,BEAR,DEMAND,TRIPLE (3-TF),3,False,True,False,True,True,11.5,92,3.5,T2,1,1,0.5660769797235478,3.7584813172110954,True
BHARTIARTL,2026-03-24,TEST_OOS,BEAR,DEMAND,TRIPLE (3-TF),3,False,True,False,True,True,11.5,92,-1.0,STOP,1,5,4.3839959208331205,1.636654861469053,False
BHARTIARTL,2026-04-02,TEST_OOS,BEAR,SUPPLY,DUAL (2-TF),2,False,False,True,False,True,10.0,85,-1.0,STOP,3,1,1.7176381237513985,3.690087670539284,False
BHARTIARTL,2026-04-20,TEST_OOS,BEAR,SUPPLY,DUAL (2-TF),2,False,True,False,False,True,10.0,85,-1.0,STOP,1,8,2.71029771258948,2.608259123450333,False
BHARTIARTL,2026-04-27,TEST_OOS,BEAR,DEMAND,DUAL (2-TF),2,False,False,False,True,True,10.0,85,-1.0,STOP,1,1,2.032070928196153,0.0974168126094556,False
BHARTIARTL,2026-05-04,TEST_OOS,BEAR,DEMAND,DUAL (2-TF),2,False,False,True,False,True,10.0,85,-1.0,STOP,1,1,4.612711369011558,0.38130889238078863,False
BHARTIARTL,2026-05-11,TEST_OOS,BEAR,DEMAND,TRIPLE (3-TF),3,False,False,True,True,True,11.5,92,-1.0,STOP,1,1,4.184946379508993,0.0,False
BHARTIARTL,2026-05-18,TEST_OOS,SIDEWAYS,SUPPLY,DUAL (2-TF),2,False,True,False,False,True,10.0,85,-1.0,STOP,1,1,3.551131027450564,0.0,False
BHARTIARTL,2026-05-25,TEST_OOS,BEAR,SUPPLY,DUAL (2-TF),2,False,True,False,False,True,10.0,85,-1.0,STOP,20,12,2.708880407395203,3.768830865076923,False
BHARTIARTL,2026-06-01,TEST_OOS,BEAR,SUPPLY,DUAL (2-TF),2,False,True,False,False,True,10.0,85,-1.0,STOP,13,2,2.277612746421824,1.7763975155279559,False
BHARTIARTL,2026-06-08,TEST_OOS,BEAR,DEMAND,TRIPLE (3-TF),3,False,True,False,True,True,11.5,92,-1.0,STOP,1,1,3.224217876785852,0.38234675696911796,False
BHARTIARTL,2026-06-15,TEST_OOS,BEAR,SUPPLY,TRIPLE (3-TF),3,False,True,False,True,True,11.5,92,-1.0,STOP,1,1,3.346204070605177,0.0,False
BHARTIARTL,2026-06-22,TEST_OOS,SIDEWAYS,DEMAND,DUAL (2-TF),2,False,False,True,False,True,10.0,85,2.0,T1,4,8,1.0737880948868064,5.585337464548601,True
BHARTIARTL,2026-06-29,TEST_OOS,BEAR,SUPPLY,DUAL (2-TF),2,False,True,False,False,True,10.0,85,-1.0,STOP,3,4,4.2185148627000455,1.688808341019539,False
BHARTIARTL,2026-07-13,TEST_OOS,SIDEWAYS,DEMAND,TRIPLE (3-TF),3,False,False,True,True,True,11.5,92,2.0,T1,1,17,1.3298633564076274,7.650557069106247,True
BHARTIARTL,2026-07-20,TEST_OOS,SIDEWAYS,SUPPLY,DUAL (2-TF),2,False,True,False,False,True,10.0,85,-1.0,STOP,1,1,3.5545265555418313,0.0,False
BHARTIARTL,2026-07-27,TEST_OOS,SIDEWAYS,SUPPLY,DUAL (2-TF),2,False,True,False,False,True,10.0,85,-1.0,STOP,3,1,2.3427481154796563,0.26899377560915005,False
BHARTIARTL,2026-08-03,TEST_OOS,SIDEWAYS,DEMAND,SINGLE (1-TF),1,False,False,False,False,True,8.5,78,-1.0,STOP,7,13,3.268244678096034,3.8897809084787855,False
BHARTIARTL,2026-08-10,TEST_OOS,SIDEWAYS,SUPPLY,TRIPLE (3-TF),3,False,True,True,False,True,11.5,92,2.0,T1,5,11,1.4054600606673384,6.547017189079879,True
BHARTIARTL,2026-08-17,TEST_OOS,SIDEWAYS,DEMAND,SINGLE (1-TF),1,False,False,False,False,True,8.5,78,-1.0,STOP,2,6,1.6900971676659111,1.2869547240024857,False
ITC,2022-06-16,TRAIN,SIDEWAYS,DEMAND,SINGLE (1-TF),1,False,False,False,False,True,8.5,78,-1.0,STOP,1,1,2.949463733866561,0.5635339029267448,False
ITC,2022-06-23,TRAIN,SIDEWAYS,DEMAND,SINGLE (1-TF),1,False,False,False,False,True,8.5,78,2.0,T1,1,6,0.6463738883285948,7.912349867057862,True
ITC,2022-07-07,TRAIN,BULL,SUPPLY,SINGLE (1-TF),1,False,False,False,False,True,8.5,78,-1.0,STOP,1,2,3.954395185216586,0.0,False
ITC,2022-07-14,TRAIN,BULL,DEMAND,DUAL (2-TF),2,False,False,False,True,True,10.0,85,2.0,T1,1,13,1.3139952894508402,8.069914466344379,True
ITC,2022-08-04,TRAIN,BULL,DEMAND,DUAL (2-TF),2,False,False,False,True,True,10.0,85,2.0,T1,6,3,0.1627500793902813,3.6043188313750445,True
ITC,2022-08-12,TRAIN,BULL,SUPPLY,SINGLE (1-TF),1,False,False,False,False,True,8.5,78,-1.0,STOP,2,2,1.6236420978857673,0.7709379745356811,False
ITC,2022-08-22,TRAIN,BULL,DEMAND,DUAL (2-TF),2,False,False,False,True,True,10.0,85,2.0,T1,1,8,1.1814836335463814,3.7458841758667503,True
ITC,2022-08-29,TRAIN,BULL,SUPPLY,SINGLE (1-TF),1,False,False,False,False,True,8.5,78,-1.0,STOP,1,1,2.324326407894219,1.6690436726670053,False
ITC,2022-09-13,TRAIN,BULL,SUPPLY,SINGLE (1-TF),1,False,False,False,False,True,8.5,78,-1.0,STOP,1,1,4.3063626881239765,0.0,False
ITC,2022-09-20,TRAIN,BULL,SUPPLY,SINGLE (1-TF),1,False,False,False,False,True,8.5,78,-1.0,STOP,1,1,4.29057390540986,0.0,False
ITC,2022-09-27,TRAIN,BULL,DEMAND,DUAL (2-TF),2,False,False,False,True,True,10.0,85,-1.0,STOP,1,1,4.8826391108270295,0.0,False
ITC,2022-10-04,TRAIN,BULL,DEMAND,SINGLE (1-TF),1,False,False,False,False,True,8.5,78,2.0,T1,1,11,2.1701072288277734,5.722518053833247,True
ITC,2022-10-12,TRAIN,BULL,DEMAND,SINGLE (1-TF),1,False,False,False,False,True,8.5,78,2.0,T1,1,14,2.4476287459994044,7.015565900494625,True
ITC,2022-10-19,TRAIN,BULL,SUPPLY,DUAL (2-TF),2,False,False,False,True,True,10.0,85,-1.0,STOP,1,1,7.04605044499427,0.0,False
ITC,2022-10-27,TRAIN,BULL,SUPPLY,DUAL (2-TF),2,False,False,False,True,True,10.0,85,-1.0,STOP,1,4,2.6656432085412183,0.9071560657339321,False
ITC,2022-11-03,TRAIN,BULL,SUPPLY,DUAL (2-TF),2,False,False,False,True,True,10.0,85,-1.0,STOP,1,1,3.105957728333165,0.0,False
ITC,2022-11-11,TRAIN,BULL,DEMAND,SINGLE (1-TF),1,False,False,False,False,True,8.5,78,-1.0,STOP,1,1,2.3668235454607647,1.674510606370632,False
ITC,2022-11-25,TRAIN,BULL,DEMAND,SINGLE (1-TF),1,False,False,False,False,True,8.5,78,-1.0,STOP,1,15,2.2993430448443295,2.4350185661239623,False
ITC,2022-12-02,TRAIN,BULL,DEMAND,SINGLE (1-TF),1,False,False,False,False,True,8.5,78,-1.0,STOP,1,10,2.2993430448443295,2.4350185661239623,False
ITC,2022-12-09,TRAIN,BULL,DEMAND,SINGLE (1-TF),1,False,False,False,False,True,8.5,78,-1.0,STOP,6,4,2.2983972175409546,1.3912295170138749,False
ITC,2022-12-16,TRAIN,BULL,DEMAND,SINGLE (1-TF),1,False,False,False,False,True,8.5,78,-1.0,STOP,1,1,2.9576565713880525,0.28016171359669606,False
ITC,2022-12-23,TRAIN,BULL,SUPPLY,DUAL (2-TF),2,False,False,False,True,True,10.0,85,2.0,T1,12,2,0.3667176985794043,2.5741446220671547,True
ITC,2022-12-30,TRAIN,BULL,DEMAND,SINGLE (1-TF),1,False,False,False,False,True,8.5,78,2.0,T1,1,19,1.4818338150817794,5.42607295744758,True
ITC,2023-01-06,TRAIN,BULL,SUPPLY,DUAL (2-TF),2,False,False,False,True,True,10.0,85,-1.0,STOP,1,1,3.078835746672502,0.0,False
ITC,2023-01-13,TRAIN,BULL,SUPPLY,DUAL (2-TF),2,False,False,False,True,True,10.0,85,-1.0,STOP,3,7,4.633597211126441,1.2927590965211715,False
ITC,2023-01-20,TRAIN,BULL,SUPPLY,DUAL (2-TF),2,False,False,False,True,True,10.0,85,-1.0,STOP,1,2,2.7002371829957954,0.7662835249042228,False
ITC,2023-01-30,TRAIN,BULL,SUPPLY,DUAL (2-TF),2,False,False,False,True,True,10.0,85,-1.0,STOP,1,1,6.478320865712845,0.0,False
ITC,2023-02-15,TRAIN,BULL,SUPPLY,DUAL (2-TF),2,False,False,False,True,True,10.0,85,-1.0,STOP,1,1,2.370778336973383,0.0,False
ITC,2023-02-22,TRAIN,BULL,SUPPLY,SINGLE (1-TF),1,False,False,False,False,True,8.5,78,-1.0,STOP,1,1,4.694077802044752,0.0,False
ITC,2023-03-01,TRAIN,BULL,SUPPLY,SINGLE (1-TF),1,False,False,False,False,True,8.5,78,-1.0,STOP,3,1,2.1990633044880665,2.0687943922334964,False
ITC,2023-03-09,TRAIN,BULL,DEMAND,SINGLE (1-TF),1,False,False,False,False,True,8.5,78,-1.0,STOP,4,3,2.595812800150658,1.829938165039719,False
ITC,2023-03-16,TRAIN,BULL,SUPPLY,SINGLE (1-TF),1,False,False,False,False,True,8.5,78,-1.0,STOP,2,14,3.7662619927344974,3.648275219672742,False
ITC,2023-03-23,TRAIN,BULL,DEMAND,SINGLE (1-TF),1,False,False,False,False,True,8.5,78,2.0,T1,1,22,2.753627672411119,11.231088147025158,True
ITC,2023-03-31,TRAIN,BULL,SUPPLY,DUAL (2-TF),2,False,False,False,True,True,10.0,85,-1.0,STOP,1,2,2.666750924199816,0.0,False
ITC,2023-05-04,TRAIN,BULL,DEMAND,SINGLE (1-TF),1,False,False,False,False,True,8.5,78,2.0,T1,12,3,1.1167425478910844,4.507058385591161,True
ITC,2023-05-11,TRAIN,BULL,SUPPLY,SINGLE (1-TF),1,False,False,False,False,True,8.5,78,3.5,T2,6,1,0.33718423525510677,4.55751478635786,True
ITC,2023-05-18,TRAIN,BULL,SUPPLY,DUAL (2-TF),2,False,False,False,True,True,10.0,85,-1.0,STOP,1,3,2.9637822967185814,2.0590487535097397,False
ITC,2023-05-25,TRAIN,BULL,SUPPLY,DUAL (2-TF),2,False,False,False,True,True,10.0,85,-1.0,STOP,1,1,4.858595220041007,0.0,False
ITC,2023-06-01,TRAIN,BULL,DEMAND,SINGLE (1-TF),1,False,False,False,False,True,8.5,78,2.0,T1,1,21,1.2253991830672126,6.548724205612435,True
ITC,2023-06-08,TRAIN,BULL,DEMAND,SINGLE (1-TF),1,False,False,False,False,True,8.5,78,-1.0,STOP,1,1,2.214833625677419,0.1675524255831574,False
ITC,2023-06-22,TRAIN,BULL,DEMAND,DUAL (2-TF),2,False,False,False,True,True,10.0,85,2.0,T1,1,6,1.206354158541972,4.440631256012267,True
ITC,2023-06-30,TRAIN,BULL,SUPPLY,DUAL (2-TF),2,False,False,False,True,True,10.0,85,-1.0,STOP,1,1,4.546637518217773,0.2342286071205585,False
ITC,2023-07-10,TRAIN,BULL,SUPPLY,SINGLE (1-TF),1,False,False,False,False,True,8.5,78,-1.0,STOP,1,8,5.865747333183432,0.567088860576092,False
ITC,2023-07-17,TRAIN,BULL,SUPPLY,SINGLE (1-TF),1,False,False,False,False,True,8.5,78,-1.0,STOP,1,2,3.1025775644391027,0.0,False
ITC,2023-07-25,TRAIN,BULL,DEMAND,SINGLE (1-TF),1,False,False,False,False,True,8.5,78,-1.0,STOP,1,1,4.897571894311711,0.0,False
ITC,2023-08-01,TRAIN,BULL,SUPPLY,SINGLE (1-TF),1,False,False,False,False,True,8.5,78,2.0,T1,1,11,0.8495176043102335,5.355218644280167,True
ITC,2023-08-23,TRAIN,BULL,DEMAND,SINGLE (1-TF),1,False,False,False,False,True,8.5,78,-1.0,STOP,4,3,1.25563850273022,1.1791395183201951,False
ITC,2023-08-30,TRAIN,BULL,SUPPLY,SINGLE (1-TF),1,False,False,False,False,True,8.5,78,-1.0,STOP,1,10,3.0797529890947235,1.6344764157141052,False
ITC,2023-09-06,TRAIN,BULL,SUPPLY,SINGLE (1-TF),1,False,False,False,False,True,8.5,78,-1.0,STOP,1,1,2.0440584621902063,0.0,False
ITC,2023-09-13,TRAIN,BULL,SUPPLY,DUAL (2-TF),2,False,False,True,False,True,10.0,85,-1.0,STOP,1,1,2.4899409520823466,0.0,False
ITC,2023-09-21,TRAIN,BULL,SUPPLY,TRIPLE (3-TF),3,False,False,True,True,True,11.5,92,2.0,T1,1,8,0.2988535360041286,4.181373180471457,True
ITC,2023-09-28,TRAIN,BULL,SUPPLY,DUAL (2-TF),2,False,False,True,False,True,10.0,85,-1.0,STOP,1,13,2.392543802556559,3.1735700710733896,False
ITC,2023-10-06,TRAIN,BULL,SUPPLY,SINGLE (1-TF),1,False,False,False,False,True,8.5,78,-1.0,STOP,1,4,2.272368213176063,1.3112854810679766,False
ITC,2023-10-13,TRAIN,BULL,DEMAND,DUAL (2-TF),2,False,False,False,True,True,10.0,85,-1.0,STOP,6,1,1.7807603899706752,1.8256757113794202,False
ITC,2023-10-20,TRAIN,BULL,DEMAND,DUAL (2-TF),2,False,False,False,True,True,10.0,85,-1.0,STOP,1,1,3.5317625077849315,0.010379904504869114,False
ITC,2023-10-30,TRAIN,BULL,DEMAND,DUAL (2-TF),2,False,False,False,True,True,10.0,85,2.0,T1,1,24,2.6079304551878546,6.319831471160767,True
ITC,2023-11-06,TRAIN,BULL,DEMAND,DUAL (2-TF),2,False,False,False,True,True,10.0,85,2.0,T1,1,19,1.0853043918828813,6.319831471160767,True
ITC,2023-11-13,TRAIN,BULL,SUPPLY,SINGLE (1-TF),1,False,False,False,False,True,8.5,78,-1.0,STOP,1,1,2.157073695535229,0.0,False
ITC,2023-11-21,TRAIN,BULL,DEMAND,DUAL (2-TF),2,False,False,False,True,True,10.0,85,2.0,T1,1,7,0.969970768004261,4.105766675524844,True
ITC,2023-11-29,TRAIN,SIDEWAYS,SUPPLY,SINGLE (1-TF),1,False,False,False,False,True,8.5,78,-1.0,STOP,3,1,3.9605270120112093,0.0,False
ITC,2023-12-07,TRAIN,BULL,SUPPLY,TRIPLE (3-TF),3,False,False,True,True,True,11.5,92,-1.0,STOP,1,1,3.3468034400580144,0.27717334991192444,False
ITC,2023-12-14,TRAIN,BULL,SUPPLY,TRIPLE (3-TF),3,False,False,True,True,True,11.5,92,-1.0,STOP,1,10,2.1388062358536217,2.978052440171913,False
ITC,2023-12-21,TRAIN,BULL,SUPPLY,DUAL (2-TF),2,False,False,True,False,True,10.0,85,-1.0,STOP,3,3,2.1154335113145164,0.9712687515891159,False
ITC,2023-12-29,TRAIN,BULL,SUPPLY,TRIPLE (3-TF),3,False,False,True,True,True,11.5,92,-1.0,STOP,1,1,3.662015264821525,0.0,False
ITC,2024-01-05,TRAIN,BULL,DEMAND,SINGLE (1-TF),1,False,False,False,False,True,8.5,78,-1.0,STOP,2,2,2.189582146484044,1.0947910732420079,False
ITC,2024-01-12,TRAIN,BULL,SUPPLY,DUAL (2-TF),2,False,False,True,False,True,10.0,85,2.0,T1,3,6,0.6415613784966359,4.611376038542843,True
ITC,2024-01-19,TRAIN,BULL,SUPPLY,TRIPLE (3-TF),3,False,False,True,True,True,11.5,92,-1.0,STOP,1,1,2.268440510021875,1.4787616628523994,False
ITC,2024-02-06,TRAIN,SIDEWAYS,SUPPLY,SINGLE (1-TF),1,False,False,False,False,True,8.5,78,2.0,T1,26,1,0.6088721368512618,3.985344895753711,True
ITC,2024-02-13,TRAIN,BEAR,DEMAND,TRIPLE (3-TF),3,False,False,True,True,True,11.5,92,-1.0,STOP,1,1,3.4238294130578244,0.0,False
ITC,2024-02-20,TRAIN,BEAR,SUPPLY,DUAL (2-TF),2,False,False,False,True,True,10.0,85,-1.0,STOP,1,2,2.252621463497349,1.1588140527401778,False
ITC,2024-02-27,TRAIN,BEAR,SUPPLY,DUAL (2-TF),2,False,False,False,True,True,10.0,85,-1.0,STOP,1,8,2.803237541949857,1.5228855861699364,False
ITC,2024-03-05,TRAIN,BEAR,SUPPLY,DUAL (2-TF),2,False,False,False,True,True,10.0,85,-1.0,STOP,1,3,2.0235096557514582,2.269801287433533,False
ITC,2024-03-13,TRAIN,BEAR,SUPPLY,DUAL (2-TF),2,False,False,False,True,True,10.0,85,-1.0,STOP,1,1,7.3940689888019735,0.0,False
ITC,2024-03-20,TRAIN,BEAR,SUPPLY,DUAL (2-TF),2,False,False,False,True,True,10.0,85,-1.0,STOP,1,1,4.338080916983493,0.0,False
ITC,2024-04-05,TRAIN,SIDEWAYS,SUPPLY,DUAL (2-TF),2,False,False,False,True,True,10.0,85,-1.0,STOP,1,3,2.600510958719903,1.5812827753126246,False
ITC,2024-04-15,TRAIN,SIDEWAYS,DEMAND,DUAL (2-TF),2,False,False,True,False,True,10.0,85,-1.0,STOP,1,1,1.7541053529537172,0.0,False
ITC,2024-04-23,TRAIN,SIDEWAYS,DEMAND,DUAL (2-TF),2,False,False,True,False,True,10.0,85,2.0,T1,1,30,0.8565887296627537,5.5839887943109625,True
ITC,2024-04-30,TRAIN,SIDEWAYS,DEMAND,TRIPLE (3-TF),3,False,False,True,True,True,11.5,92,-1.0,STOP,7,5,1.4783329323388599,2.855080599887723,False
ITC,2024-05-08,TRAIN,SIDEWAYS,SUPPLY,SINGLE (1-TF),1,False,False,False,False,True,8.5,78,2.0,T1,1,1,1.4847984916332826,3.3885877392830013,True
ITC,2024-05-23,TRAIN,SIDEWAYS,DEMAND,TRIPLE (3-TF),3,False,False,True,True,True,11.5,92,2.0,T1,1,37,4.0210701992281255,8.983519349118595,True
ITC,2024-05-30,TRAIN,SIDEWAYS,SUPPLY,SINGLE (1-TF),1,False,False,False,False,True,8.5,78,-1.0,STOP,3,2,3.308246682445564,1.3296811424620378,False
ITC,2024-06-07,TRAIN,SIDEWAYS,DEMAND,DUAL (2-TF),2,False,False,True,False,True,10.0,85,2.0,T1,8,13,1.349090426238211,4.780241667773204,True
ITC,2024-06-14,TRAIN,SIDEWAYS,SUPPLY,SINGLE (1-TF),1,False,False,False,False,True,8.5,78,-1.0,STOP,16,1,4.141737157004333,0.745306375077364,False
ITC,2024-06-24,TRAIN,SIDEWAYS,SUPPLY,DUAL (2-TF),2,False,False,False,True,True,10.0,85,-1.0,STOP,6,5,3.687059812887635,1.4453905182382005,False
ITC,2024-07-01,TRAIN,SIDEWAYS,DEMAND,DUAL (2-TF),2,False,False,True,False,True,10.0,85,2.0,T1,1,5,0.5753068745194772,4.602454996155787,True
ITC,2024-07-31,TRAIN,BULL,SUPPLY,SINGLE (1-TF),1,False,False,False,False,True,8.5,78,-1.0,STOP,1,12,3.085659551176786,2.9351395730706087,False
ITC,2024-08-07,TRAIN,BULL,SUPPLY,TRIPLE (3-TF),3,False,False,True,True,True,11.5,92,-1.0,STOP,2,6,2.6712095400340696,1.5718341851220934,False
ITC,2024-08-14,TRAIN,BULL,SUPPLY,SINGLE (1-TF),1,False,False,False,False,True,8.5,78,-1.0,STOP,1,2,2.6712095400340696,1.2402044293015284,False
ITC,2024-08-29,TRAIN,BULL,SUPPLY,SINGLE (1-TF),1,False,False,False,False,True,8.5,78,-1.0,STOP,1,2,1.423733345216342,1.6509959449222333,False
ITC,2024-09-05,TRAIN,BULL,DEMAND,DUAL (2-TF),2,False,False,False,True,True,10.0,85,2.0,T1,2,3,0.9562504208848663,3.4950279467552567,True
ITC,2024-09-12,TRAIN,BULL,DEMAND,DUAL (2-TF),2,False,False,False,True,True,10.0,85,-1.0,STOP,1,18,4.190048634493084,3.221760084505179,False
ITC,2024-09-19,TRAIN,BULL,SUPPLY,SINGLE (1-TF),1,False,False,False,False,True,8.5,78,-1.0,STOP,1,5,1.9274202390088726,1.2367065014800978,False
ITC,2024-09-26,TRAIN,BULL,SUPPLY,SINGLE (1-TF),1,False,False,False,False,True,8.5,78,-1.0,STOP,1,1,2.8505646310711543,0.0,False
ITC,2024-10-04,TRAIN,BULL,DEMAND,DUAL (2-TF),2,False,False,False,True,True,10.0,85,-1.0,STOP,1,1,3.091459299414362,0.0,False
ITC,2024-10-18,TRAIN,BULL,DEMAND,SINGLE (1-TF),1,False,False,False,False,True,8.5,78,-1.0,STOP,1,1,3.1744943435035964,0.0,False
ITC,2024-10-25,TRAIN,BULL,SUPPLY,DUAL (2-TF),2,False,False,True,False,True,10.0,85,-1.0,STOP,1,1,4.777283383570171,0.0,False
ITC,2024-11-01,TRAIN,BULL,DEMAND,SINGLE (1-TF),1,False,False,False,False,True,8.5,78,-1.0,STOP,2,6,3.442940931972481,1.1268646376945448,False
ITC,2024-11-08,TRAIN,BULL,SUPPLY,DUAL (2-TF),2,False,False,True,False,True,10.0,85,5.0,T3,38,1,0.14247960473400084,6.537975410777891,True
ITC,2024-11-18,TRAIN,SIDEWAYS,SUPPLY,TRIPLE (3-TF),3,False,False,True,True,True,11.5,92,2.0,T1,5,6,1.4363335695724035,2.976612331679665,True
ITC,2024-11-26,TRAIN,BULL,DEMAND,SINGLE (1-TF),1,False,False,False,False,True,8.5,78,-1.0,STOP,13,1,2.0285958694855077,2.9060246853232417,False
ITC,2024-12-03,TRAIN,BULL,DEMAND,SINGLE (1-TF),1,False,False,False,False,True,8.5,78,-1.0,STOP,1,1,2.9880713357741904,0.2503838431557818,False
ITC,2024-12-10,TRAIN,SIDEWAYS,SUPPLY,TRIPLE (3-TF),3,False,False,True,True,True,11.5,92,-1.0,STOP,1,11,3.402002031045987,3.0780018376130283,False
ITC,2024-12-17,TRAIN,SIDEWAYS,SUPPLY,TRIPLE (3-TF),3,False,False,True,True,True,11.5,92,-1.0,STOP,1,1,2.266782911944192,0.4746682166037092,False
ITC,2024-12-24,TRAIN,BULL,SUPPLY,TRIPLE (3-TF),3,False,False,True,True,True,11.5,92,-1.0,STOP,1,1,3.567276954373719,0.0,False
ITC,2025-01-01,TRAIN,BULL,SUPPLY,DUAL (2-TF),2,False,False,True,False,True,10.0,85,-1.0,STOP,1,1,2.380111589801543,0.0,False
ITC,2025-01-08,TRAIN,SIDEWAYS,SUPPLY,DUAL (2-TF),2,False,False,True,False,True,10.0,85,-1.0,STOP,1,1,2.823791533468945,2.4338854984016303,False
ITC,2025-01-15,TRAIN,SIDEWAYS,SUPPLY,DUAL (2-TF),2,False,False,True,False,True,10.0,85,2.0,T1,14,6,3.515125178049782,7.0978489172159005,True
ITC,2025-01-22,TRAIN,SIDEWAYS,DEMAND,DUAL (2-TF),2,False,False,False,True,True,10.0,85,2.0,T1,1,8,1.815479876160987,6.196904024767798,True
ITC,2025-01-29,TRAIN,BEAR,DEMAND,DUAL (2-TF),2,False,False,False,True,True,10.0,85,-1.0,STOP,1,1,2.227155012948569,0.0,False
ITC,2025-02-05,TRAIN,SIDEWAYS,DEMAND,DUAL (2-TF),2,False,False,False,True,True,10.0,85,-1.0,STOP,2,1,2.6119126896041376,2.2962140831175244,False
ITC,2025-02-12,TRAIN,BEAR,DEMAND,TRIPLE (3-TF),3,False,False,True,True,True,11.5,92,-1.0,STOP,1,6,3.6194039545820686,1.2471743705666878,False
ITC,2025-02-19,TRAIN,BEAR,SUPPLY,SINGLE (1-TF),1,False,False,False,False,True,8.5,78,-1.0,STOP,10,25,4.225132926987412,5.257424458565695,False
ITC,2025-02-27,TRAIN,BEAR,SUPPLY,DUAL (2-TF),2,False,False,False,True,True,10.0,85,-1.0,STOP,5,25,4.225132926987412,5.257424458565695,False
ITC,2025-03-06,TRAIN,BEAR,SUPPLY,DUAL (2-TF),2,False,False,False,True,True,10.0,85,-1.0,STOP,5,20,4.225132926987412,5.257424458565695,False
ITC,2025-03-13,TRAIN,BEAR,DEMAND,DUAL (2-TF),2,False,False,True,False,True,10.0,85,-1.0,STOP,4,12,3.6658051584999294,2.6161717390157753,False
ITC,2025-03-21,TRAIN,BEAR,SUPPLY,SINGLE (1-TF),1,False,False,False,False,True,8.5,78,2.0,T1,2,9,1.5873844707848261,4.631611926270171,True
ITC,2025-03-28,TRAIN,BEAR,SUPPLY,DUAL (2-TF),2,False,False,False,True,True,10.0,85,2.0,T1,1,5,1.4152787551802346,4.793181640472292,True
ITC,2025-04-07,TRAIN,BEAR,DEMAND,DUAL (2-TF),2,False,False,True,False,True,10.0,85,2.0,T1,1,3,4.619160769773104,3.277019087656984,True
ITC,2025-05-02,TRAIN,BEAR,SUPPLY,DUAL (2-TF),2,False,False,False,True,True,10.0,85,-1.0,STOP,1,1,2.776317436475161,0.5983226937038394,False
ITC,2025-05-09,TRAIN,BEAR,DEMAND,DUAL (2-TF),2,False,False,True,False,True,10.0,85,-1.0,STOP,1,31,2.3674525017407695,3.421864120163133,False
ITC,2025-05-16,TRAIN,SIDEWAYS,SUPPLY,DUAL (2-TF),2,False,False,False,True,True,10.0,85,-1.0,STOP,1,1,2.0939023177161085,0.0,False
ITC,2025-05-23,TRAIN,SIDEWAYS,SUPPLY,DUAL (2-TF),2,False,False,False,True,True,10.0,85,-1.0,STOP,1,1,1.9893410614730864,1.355699093744637,False
ITC,2025-06-13,TRAIN,BEAR,SUPPLY,DUAL (2-TF),2,False,False,False,True,True,10.0,85,2.0,T1,24,6,0.32858978159896834,3.5453108014625867,True
ITC,2025-06-20,TRAIN,BEAR,DEMAND,DUAL (2-TF),2,False,False,True,False,True,10.0,85,-1.0,STOP,2,8,0.9021986353297935,1.6881475865554731,False
ITC,2025-06-27,TRAIN,SIDEWAYS,SUPPLY,SINGLE (1-TF),1,False,False,False,False,True,8.5,78,-1.0,STOP,1,12,1.5404008571788765,1.1395436783058066,False
ITC,2025-07-04,TRAIN,BEAR,SUPPLY,SINGLE (1-TF),1,False,False,False,False,True,8.5,78,-1.0,STOP,2,7,2.491157150075799,0.7478524507327025,False
ITC,2025-07-11,TRAIN,SIDEWAYS,DEMAND,DUAL (2-TF),2,False,False,True,False,True,10.0,85,-1.0,STOP,1,9,1.8577174459527366,2.0839617898441336,False
ITC,2025-07-18,TRAIN,SIDEWAYS,DEMAND,DUAL (2-TF),2,False,False,True,False,True,10.0,85,-1.0,STOP,3,2,1.8108196473931713,0.8148688413269307,False
ITC,2025-07-25,TRAIN,BEAR,SUPPLY,SINGLE (1-TF),1,False,False,False,False,True,8.5,78,2.0,T1,6,14,1.5630908861716994,4.447245682591702,True
ITC,2025-08-01,TRAIN,SIDEWAYS,SUPPLY,DUAL (2-TF),2,False,False,False,True,True,10.0,85,2.0,T1,1,14,1.8197902186275865,4.2057373941615035,True
ITC,2025-08-08,TRAIN,SIDEWAYS,SUPPLY,DUAL (2-TF),2,False,False,False,True,True,10.0,85,2.0,T1,2,8,0.7095053590298378,4.641976551099479,True
ITC,2025-08-18,TRAIN,BEAR,SUPPLY,DUAL (2-TF),2,False,False,False,True,True,10.0,85,2.0,T1,13,1,2.556739464470132,2.871608856646272,True
ITC,2025-08-25,TRAIN,BEAR,SUPPLY,SINGLE (1-TF),1,False,False,False,False,True,8.5,78,-1.0,STOP,4,4,5.081946057555813,1.0943347528713405,False
ITC,2025-09-02,VALIDATION,SIDEWAYS,DEMAND,TRIPLE (3-TF),3,False,False,True,True,True,11.5,92,2.0,T1,1,2,0.012963779200915598,5.561461277191524,True
ITC,2025-09-23,VALIDATION,BEAR,SUPPLY,SINGLE (1-TF),1,False,False,False,False,True,8.5,78,-1.0,STOP,18,3,1.7796846835410878,1.901546116936203,False
ITC,2025-09-30,VALIDATION,BEAR,DEMAND,TRIPLE (3-TF),3,False,False,True,True,True,11.5,92,2.0,T1,1,12,1.3062333455248447,3.087935628820746,True
ITC,2025-10-08,VALIDATION,BEAR,SUPPLY,DUAL (2-TF),2,False,True,False,False,True,10.0,85,-1.0,STOP,7,1,2.3605706874189423,1.1750972762645844,False
ITC,2025-10-15,VALIDATION,BEAR,DEMAND,TRIPLE (3-TF),3,False,False,True,True,True,11.5,92,3.5,T2,1,2,0.6608969315499708,3.4880671387359063,True
ITC,2025-10-30,VALIDATION,SIDEWAYS,DEMAND,TRIPLE (3-TF),3,False,False,True,True,True,11.5,92,-1.0,STOP,1,3,2.02808112324493,2.302350158522464,False
ITC,2025-11-28,VALIDATION,SIDEWAYS,SUPPLY,TRIPLE (3-TF),3,False,True,False,True,True,11.5,92,5.0,T3,1,23,1.4761682000103975,14.247102240241178,True
ITC,2025-12-05,VALIDATION,SIDEWAYS,SUPPLY,ATZ (4-TF),4,True,True,True,True,True,13.0,100,-1.0,STOP,1,12,1.5127450725128238,0.9191032884630335,False
ITC,2025-12-12,VALIDATION,SIDEWAYS,DEMAND,SINGLE (1-TF),1,False,False,False,False,True,8.5,78,-1.0,STOP,1,13,13.91823850147401,1.8653309331872314,False
ITC,2025-12-19,VALIDATION,SIDEWAYS,DEMAND,SINGLE (1-TF),1,False,False,False,False,True,8.5,78,-1.0,STOP,1,8,14.108704706372354,1.6399416909620872,False
ITC,2025-12-29,VALIDATION,SIDEWAYS,DEMAND,SINGLE (1-TF),1,False,False,False,False,True,8.5,78,-1.0,STOP,1,3,14.066203088782988,0.5234783967497437,False
ITC,2026-01-08,VALIDATION,BEAR,DEMAND,TRIPLE (3-TF),3,False,False,True,True,True,11.5,92,-1.0,STOP,1,1,4.565217391304343,0.0,False
ITC,2026-01-15,VALIDATION,BEAR,SUPPLY,SINGLE (1-TF),1,False,False,False,False,True,8.5,78,2.0,T1,23,4,0.8898672950514712,2.7936252015378864,True
ITC,2026-01-22,VALIDATION,BEAR,SUPPLY,SINGLE (1-TF),1,False,False,False,False,True,8.5,78,-1.0,STOP,11,7,3.009693310027023,3.1145717463848577,False
ITC,2026-01-30,VALIDATION,BEAR,SUPPLY,SINGLE (1-TF),1,False,False,False,False,True,8.5,78,2.0,T1,1,1,0.5415747827214811,6.615644052406289,True
ITC,2026-02-09,VALIDATION,BEAR,SUPPLY,SINGLE (1-TF),1,False,False,False,False,True,8.5,78,-1.0,STOP,1,1,4.887402891139747,0.0,False
ITC,2026-02-16,VALIDATION,BEAR,SUPPLY,SINGLE (1-TF),1,False,False,False,False,True,8.5,78,-1.0,STOP,2,1,3.5924316031705477,1.013167987726929,False
ITC,2026-02-23,VALIDATION,BEAR,SUPPLY,DUAL (2-TF),2,False,False,False,True,True,10.0,85,2.0,T1,1,5,0.6459744761304409,5.826374665196158,True
ITC,2026-03-10,TEST_OOS,BEAR,SUPPLY,DUAL (2-TF),2,False,False,False,True,True,10.0,85,2.0,T1,2,8,0.14570983872570048,6.65629035996954,True
ITC,2026-03-17,TEST_OOS,BEAR,SUPPLY,DUAL (2-TF),2,False,False,False,True,True,10.0,85,3.5,T2,1,2,0.3058408962468056,3.8529304211960955,True
ITC,2026-03-24,TEST_OOS,BEAR,DEMAND,TRIPLE (3-TF),3,False,False,True,True,True,11.5,92,2.0,T1,4,4,0.29263766460868396,3.875664680061388,True
ITC,2026-04-02,TEST_OOS,BEAR,SUPPLY,SINGLE (1-TF),1,False,False,False,False,True,8.5,78,-1.0,STOP,2,2,3.36029001673173,1.5093418851087508,False
ITC,2026-04-10,TEST_OOS,BEAR,DEMAND,SINGLE (1-TF),1,False,False,False,False,True,8.5,78,-1.0,STOP,34,1,3.0414939204961025,1.8708845765251039,False
ITC,2026-04-20,TEST_OOS,BEAR,SUPPLY,TRIPLE (3-TF),3,False,False,True,True,True,11.5,92,-1.0,STOP,1,1,7.108753315649875,0.0,False
ITC,2026-04-27,TEST_OOS,BEAR,SUPPLY,DUAL (2-TF),2,False,False,True,False,True,10.0,85,-1.0,STOP,1,2,4.098885184062497,0.8015897073187337,False
ITC,2026-05-05,TEST_OOS,BEAR,SUPPLY,SINGLE (1-TF),1,False,False,False,False,True,8.5,78,-1.0,STOP,1,1,3.18983577752247,0.0,False
ITC,2026-05-12,TEST_OOS,BEAR,SUPPLY,DUAL (2-TF),2,False,False,False,True,True,10.0,85,2.0,T1,4,5,1.1439529193943123,3.1210738610064137,True
ITC,2026-05-19,TEST_OOS,BEAR,DEMAND,DUAL (2-TF),2,False,False,True,False,True,10.0,85,-1.0,STOP,4,5,3.5360010796949926,0.8367636142789724,False
ITC,2026-06-02,TEST_OOS,BEAR,DEMAND,DUAL (2-TF),2,False,False,False,True,True,10.0,85,-1.0,STOP,1,1,4.121520398564605,0.0,False
ITC,2026-06-16,TEST_OOS,BEAR,DEMAND,DUAL (2-TF),2,False,False,False,True,True,10.0,85,-1.0,STOP,17,4,2.8268551236749118,1.7137809187279232,False
ITC,2026-06-23,TEST_OOS,BEAR,SUPPLY,DUAL (2-TF),2,False,False,True,False,True,10.0,85,2.0,T1,1,15,1.7352073572791948,4.563595349644275,True
ITC,2026-06-30,TEST_OOS,BEAR,SUPPLY,TRIPLE (3-TF),3,False,False,True,True,True,11.5,92,2.0,T1,1,10,1.1972930765226604,4.563595349644275,True
ITC,2026-07-07,TEST_OOS,BEAR,SUPPLY,TRIPLE (3-TF),3,False,False,True,True,True,11.5,92,3.5,T2,1,1,0.2759572266298763,3.4149706795446626,True
ITC,2026-07-14,TEST_OOS,BEAR,SUPPLY,TRIPLE (3-TF),3,False,False,True,True,True,11.5,92,2.0,T1,12,2,0.2601456815816858,2.861602497398543,True
ITC,2026-07-21,TEST_OOS,BEAR,DEMAND,SINGLE (1-TF),1,False,False,False,False,True,8.5,78,-1.0,STOP,17,3,1.3193565877462416,1.0482559190312795,False
ITC,2026-07-28,TEST_OOS,BEAR,DEMAND,SINGLE (1-TF),1,False,False,False,False,True,8.5,78,2.0,T1,4,1,0.4443654461429079,3.999289015286171,True
ITC,2026-08-04,TEST_OOS,BEAR,SUPPLY,TRIPLE (3-TF),3,False,False,True,True,True,11.5,92,2.0,T1,1,9,1.3857218031924183,4.227328538852837,True
ITC,2026-08-11,TEST_OOS,BEAR,DEMAND,SINGLE (1-TF),1,False,False,False,False,True,8.5,78,-1.0,STOP,1,1,3.6726128016789086,0.0,False
ITC,2026-08-18,TEST_OOS,BEAR,DEMAND,DUAL (2-TF),2,False,False,True,False,True,10.0,85,-1.0,STOP,1,1,4.713261648745512,0.0,False
ITC,2026-08-25,TEST_OOS,BEAR,SUPPLY,DUAL (2-TF),2,False,False,False,True,True,10.0,85,-1.0,STOP,1,1,2.143922445935869,0.20507084265473952,False
KOTAKBANK,2022-06-17,TRAIN,BEAR,DEMAND,SINGLE (1-TF),1,False,False,False,False,True,8.5,78,-1.0,STOP,1,1,5.582426440951226,0.0,False
KOTAKBANK,2022-06-24,TRAIN,BEAR,SUPPLY,SINGLE (1-TF),1,False,False,False,False,True,8.5,78,-1.0,STOP,10,5,2.324436982573968,1.4212933479997591,False
KOTAKBANK,2022-07-01,TRAIN,BEAR,SUPPLY,SINGLE (1-TF),1,False,False,False,False,True,8.5,78,-1.0,STOP,3,2,3.099646349074269,2.0446372849118832,False
KOTAKBANK,2022-07-08,TRAIN,SIDEWAYS,SUPPLY,SINGLE (1-TF),1,False,False,False,False,True,8.5,78,-1.0,STOP,1,1,3.836666765728541,0.0,False
KOTAKBANK,2022-07-22,TRAIN,SIDEWAYS,SUPPLY,SINGLE (1-TF),1,False,False,False,False,True,8.5,78,2.0,T1,1,2,0.7561436672967838,4.520424097969919,True
KOTAKBANK,2022-07-29,TRAIN,SIDEWAYS,SUPPLY,DUAL (2-TF),2,False,False,False,True,True,10.0,85,-1.0,STOP,1,1,3.7012150736323335,0.0,False
KOTAKBANK,2022-08-05,TRAIN,BULL,SUPPLY,DUAL (2-TF),2,False,False,False,True,True,10.0,85,-1.0,STOP,4,4,3.3174969458395465,1.0506311931586818,False
KOTAKBANK,2022-08-16,TRAIN,BULL,SUPPLY,DUAL (2-TF),2,False,False,False,True,True,10.0,85,-1.0,STOP,1,2,4.54358157294729,0.0,False
KOTAKBANK,2022-08-23,TRAIN,BULL,SUPPLY,DUAL (2-TF),2,False,False,False,True,True,10.0,85,-1.0,STOP,1,3,4.7863621462135235,1.0326740246967625,False
KOTAKBANK,2022-08-30,TRAIN,BULL,DEMAND,DUAL (2-TF),2,False,False,False,True,True,10.0,85,2.0,T1,1,10,0.9672320017147639,5.476515821343407,True
KOTAKBANK,2022-09-07,TRAIN,BULL,DEMAND,DUAL (2-TF),2,False,False,False,True,True,10.0,85,-1.0,STOP,1,12,4.008587961144713,3.563480218888281,False
KOTAKBANK,2022-09-14,TRAIN,BULL,SUPPLY,SINGLE (1-TF),1,False,False,False,False,True,8.5,78,-1.0,STOP,1,1,3.4957349939818974,1.4626615730807555,False
KOTAKBANK,2022-09-21,TRAIN,BULL,SUPPLY,SINGLE (1-TF),1,False,False,False,False,True,8.5,78,-1.0,STOP,1,39,5.579011657239982,7.09790488329482,False
KOTAKBANK,2022-09-28,TRAIN,SIDEWAYS,DEMAND,DUAL (2-TF),2,False,False,False,True,True,10.0,85,-1.0,STOP,1,1,5.170966781276233,0.0,False
KOTAKBANK,2022-10-06,TRAIN,SIDEWAYS,SUPPLY,SINGLE (1-TF),1,False,False,False,False,True,8.5,78,-1.0,STOP,1,6,5.089369441050259,0.0,False
KOTAKBANK,2022-10-13,TRAIN,SIDEWAYS,SUPPLY,SINGLE (1-TF),1,False,False,False,False,True,8.5,78,-1.0,STOP,1,1,3.15760111576011,0.4518828451882858,False
KOTAKBANK,2022-10-28,TRAIN,BULL,SUPPLY,SINGLE (1-TF),1,False,False,False,False,True,8.5,78,-1.0,STOP,2,1,2.408904200344501,0.3604081091824602,False
KOTAKBANK,2022-11-04,TRAIN,BULL,SUPPLY,DUAL (2-TF),2,False,False,False,True,True,10.0,85,-1.0,STOP,1,7,3.8425864581953095,1.2746786802703067,False
KOTAKBANK,2022-11-14,TRAIN,BULL,DEMAND,SINGLE (1-TF),1,False,False,False,False,True,8.5,78,2.0,T1,2,3,0.14029329239239047,5.24643972682515,True
KOTAKBANK,2022-11-21,TRAIN,BULL,SUPPLY,DUAL (2-TF),2,False,False,False,True,True,10.0,85,2.0,T1,1,34,2.49363466939654,7.488778643987723,True
KOTAKBANK,2022-11-28,TRAIN,BULL,SUPPLY,SINGLE (1-TF),1,False,False,False,False,True,8.5,78,2.0,T1,3,15,0.9070704982427248,6.949038660326645,True
KOTAKBANK,2022-12-05,TRAIN,BULL,SUPPLY,DUAL (2-TF),2,False,False,False,True,True,10.0,85,2.0,T1,1,3,0.2565165569777709,3.192206042390007,True
KOTAKBANK,2023-01-09,TRAIN,SIDEWAYS,SUPPLY,SINGLE (1-TF),1,False,False,False,False,True,8.5,78,2.0,T1,8,1,0.2591602106365961,3.143006809848082,True
KOTAKBANK,2023-01-16,TRAIN,SIDEWAYS,SUPPLY,DUAL (2-TF),2,False,False,False,True,True,10.0,85,-1.0,STOP,2,1,1.4988277324997223,1.3006587026906242,False
KOTAKBANK,2023-01-23,TRAIN,SIDEWAYS,SUPPLY,DUAL (2-TF),2,False,False,False,True,True,10.0,85,2.0,T1,1,3,0.03071767662662854,5.286232895839152,True
KOTAKBANK,2023-01-31,TRAIN,BEAR,SUPPLY,DUAL (2-TF),2,False,False,False,True,True,10.0,85,-1.0,STOP,2,11,3.089379540038471,1.7054753222888963,False
KOTAKBANK,2023-02-07,TRAIN,SIDEWAYS,DEMAND,DUAL (2-TF),2,False,False,False,True,True,10.0,85,-1.0,STOP,10,2,2.6919644142458083,1.3215098033570472,False
KOTAKBANK,2023-02-14,TRAIN,BEAR,SUPPLY,SINGLE (1-TF),1,False,False,False,False,True,8.5,78,-1.0,STOP,1,1,2.1590778759032085,0.0,False
KOTAKBANK,2023-02-21,TRAIN,BEAR,SUPPLY,SINGLE (1-TF),1,False,False,False,False,True,8.5,78,-1.0,STOP,32,1,3.97324940991345,0.0,False
KOTAKBANK,2023-02-28,TRAIN,BEAR,SUPPLY,DUAL (2-TF),2,False,False,False,True,True,10.0,85,-1.0,STOP,1,1,2.5426721600941686,0.0,False
KOTAKBANK,2023-03-08,TRAIN,BEAR,DEMAND,DUAL (2-TF),2,False,False,False,True,True,10.0,85,-1.0,STOP,1,3,3.646135967460782,0.883207437536322,False
KOTAKBANK,2023-03-15,TRAIN,BEAR,SUPPLY,DUAL (2-TF),2,False,False,False,True,True,10.0,85,-1.0,STOP,5,7,1.959976456739249,1.883460859329027,False
KOTAKBANK,2023-03-22,TRAIN,BEAR,DEMAND,SINGLE (1-TF),1,False,False,False,False,True,8.5,78,2.0,T1,1,11,1.068249258160244,9.798219584569727,True
KOTAKBANK,2023-03-29,TRAIN,BEAR,SUPPLY,DUAL (2-TF),2,False,False,False,True,True,10.0,85,-1.0,STOP,1,1,2.0801414260459645,0.5951679434295764,False
KOTAKBANK,2023-04-26,TRAIN,BULL,SUPPLY,DUAL (2-TF),2,False,False,False,True,True,10.0,85,-1.0,STOP,1,1,4.081019024710257,0.0,False
KOTAKBANK,2023-05-04,TRAIN,BULL,DEMAND,DUAL (2-TF),2,False,False,False,True,True,10.0,85,-1.0,STOP,10,18,2.9640158993392802,3.6984390218221095,False
KOTAKBANK,2023-05-11,TRAIN,BULL,DEMAND,DUAL (2-TF),2,False,False,False,True,True,10.0,85,-1.0,STOP,5,15,2.661705781339429,2.4977884165062245,False
KOTAKBANK,2023-05-18,TRAIN,BULL,SUPPLY,SINGLE (1-TF),1,False,False,False,False,True,8.5,78,2.0,T1,8,7,1.1295374030908192,3.9610823022025996,True
KOTAKBANK,2023-05-25,TRAIN,BULL,SUPPLY,SINGLE (1-TF),1,False,False,False,False,True,8.5,78,-1.0,STOP,2,1,1.7064581283339308,0.8597027292972171,False
KOTAKBANK,2023-06-02,TRAIN,BULL,DEMAND,TRIPLE (3-TF),3,False,False,True,True,True,11.5,92,-1.0,STOP,1,4,4.256027025643649,0.4529866407329636,False
KOTAKBANK,2023-06-09,TRAIN,SIDEWAYS,SUPPLY,SINGLE (1-TF),1,False,False,False,False,True,8.5,78,-1.0,STOP,29,1,2.731545192532387,2.1706956092747935,False
KOTAKBANK,2023-06-16,TRAIN,SIDEWAYS,SUPPLY,SINGLE (1-TF),1,False,False,False,False,True,8.5,78,-1.0,STOP,14,8,1.7659038533683409,1.5944048448469879,False
KOTAKBANK,2023-06-23,TRAIN,SIDEWAYS,DEMAND,TRIPLE (3-TF),3,False,False,True,True,True,11.5,92,2.0,T1,1,19,2.3585541389255775,6.64707943610339,True
KOTAKBANK,2023-07-03,TRAIN,SIDEWAYS,DEMAND,DUAL (2-TF),2,False,False,True,False,True,10.0,85,-1.0,STOP,23,1,1.4260640631856047,0.8693505923650767,False
KOTAKBANK,2023-07-10,TRAIN,SIDEWAYS,DEMAND,SINGLE (1-TF),1,False,False,False,False,True,8.5,78,2.0,T1,1,8,1.0668390851046579,5.229127939869076,True
KOTAKBANK,2023-07-17,TRAIN,BULL,SUPPLY,TRIPLE (3-TF),3,False,False,True,True,True,11.5,92,-1.0,STOP,1,1,1.763176934001443,0.44213403360218045,False
KOTAKBANK,2023-07-24,TRAIN,BULL,DEMAND,SINGLE (1-TF),1,False,False,False,False,True,8.5,78,-1.0,STOP,1,1,2.632411067193678,2.274044795783925,False
KOTAKBANK,2023-07-31,TRAIN,SIDEWAYS,DEMAND,DUAL (2-TF),2,False,False,False,True,True,10.0,85,-1.0,STOP,1,1,2.9758443892383295,0.0,False
KOTAKBANK,2023-08-14,TRAIN,SIDEWAYS,SUPPLY,DUAL (2-TF),2,False,False,False,True,True,10.0,85,2.0,T1,22,4,0.24393586405371698,3.047827874468961,True
KOTAKBANK,2023-08-22,TRAIN,BEAR,SUPPLY,DUAL (2-TF),2,False,False,False,True,True,10.0,85,-1.0,STOP,3,12,1.4164465179023158,1.7846101961665917,False
KOTAKBANK,2023-08-29,TRAIN,SIDEWAYS,SUPPLY,SINGLE (1-TF),1,False,False,False,False,True,8.5,78,-1.0,STOP,1,9,1.4164465179023158,1.7846101961665917,False
KOTAKBANK,2023-09-05,TRAIN,BEAR,SUPPLY,SINGLE (1-TF),1,False,False,False,False,True,8.5,78,-1.0,STOP,1,4,2.0618265124303594,0.8286902169301714,False
KOTAKBANK,2023-09-12,TRAIN,SIDEWAYS,DEMAND,DUAL (2-TF),2,False,False,False,True,True,10.0,85,-1.0,STOP,7,4,1.1876417233560084,1.1167800453514733,False
KOTAKBANK,2023-09-20,TRAIN,SIDEWAYS,DEMAND,DUAL (2-TF),2,False,False,False,True,True,10.0,85,-1.0,STOP,1,1,3.7393752069764905,0.0,False
KOTAKBANK,2023-09-27,TRAIN,BEAR,DEMAND,DUAL (2-TF),2,False,False,True,False,True,10.0,85,-1.0,STOP,1,1,1.6504383084434977,0.7880985694297843,False
KOTAKBANK,2023-10-05,TRAIN,BEAR,SUPPLY,SINGLE (1-TF),1,False,False,False,False,True,8.5,78,-1.0,STOP,1,28,2.8962840675413446,2.5863816723144226,False
KOTAKBANK,2023-10-12,TRAIN,SIDEWAYS,DEMAND,DUAL (2-TF),2,False,False,True,False,True,10.0,85,-1.0,STOP,8,2,2.370658387255902,2.2545918811478924,False
KOTAKBANK,2023-10-19,TRAIN,BEAR,DEMAND,TRIPLE (3-TF),3,False,False,True,True,True,11.5,92,-1.0,STOP,1,1,1.6077537058152753,0.6927023945267978,False
KOTAKBANK,2023-10-27,TRAIN,BEAR,SUPPLY,SINGLE (1-TF),1,False,False,False,False,True,8.5,78,-1.0,STOP,3,11,2.4511924330247714,1.3726677624938695,False
KOTAKBANK,2023-11-03,TRAIN,BEAR,SUPPLY,DUAL (2-TF),2,False,False,False,True,True,10.0,85,-1.0,STOP,1,8,3.2041598884499103,0.11329305135951266,False
KOTAKBANK,2023-11-10,TRAIN,BEAR,DEMAND,DUAL (2-TF),2,False,False,True,False,True,10.0,85,3.5,T2,1,14,0.6015773415462644,5.330723619826141,True
KOTAKBANK,2023-11-20,TRAIN,SIDEWAYS,DEMAND,DUAL (2-TF),2,False,False,True,False,True,10.0,85,5.0,T3,3,7,0.6986774008050622,5.2156411730879775,True
KOTAKBANK,2023-11-28,TRAIN,BEAR,SUPPLY,DUAL (2-TF),2,False,False,False,True,True,10.0,85,-1.0,STOP,2,3,4.611074583345244,0.900488836797112,False
KOTAKBANK,2023-12-06,TRAIN,SIDEWAYS,SUPPLY,TRIPLE (3-TF),3,False,False,True,True,True,11.5,92,-1.0,STOP,1,1,2.9328314183779525,0.0,False
KOTAKBANK,2023-12-13,TRAIN,SIDEWAYS,DEMAND,SINGLE (1-TF),1,False,False,False,False,True,8.5,78,2.0,T1,1,7,1.1953176522312658,2.890745218729386,True
KOTAKBANK,2023-12-20,TRAIN,SIDEWAYS,SUPPLY,TRIPLE (3-TF),3,False,False,True,True,True,11.5,92,-1.0,STOP,1,2,1.9328142864920845,2.1152066205694946,False
KOTAKBANK,2023-12-28,TRAIN,BULL,DEMAND,SINGLE (1-TF),1,False,False,False,False,True,8.5,78,-1.0,STOP,5,10,4.10613616652211,1.046183868169995,False
KOTAKBANK,2024-01-11,TRAIN,SIDEWAYS,SUPPLY,TRIPLE (3-TF),3,False,False,True,True,True,11.5,92,2.0,T1,3,2,0.7227278902322968,3.869039532672194,True
KOTAKBANK,2024-01-18,TRAIN,SIDEWAYS,SUPPLY,SINGLE (1-TF),1,False,False,False,False,True,8.5,78,3.5,T2,10,4,0.3239505635106435,6.342897588065541,True
KOTAKBANK,2024-01-29,TRAIN,SIDEWAYS,SUPPLY,DUAL (2-TF),2,False,False,False,True,True,10.0,85,-1.0,STOP,1,1,4.7841006577066105,0.0,False
KOTAKBANK,2024-02-05,TRAIN,SIDEWAYS,DEMAND,SINGLE (1-TF),1,False,False,False,False,True,8.5,78,-1.0,STOP,2,2,3.5167423860003266,1.340512647933151,False
KOTAKBANK,2024-02-12,TRAIN,BEAR,SUPPLY,DUAL (2-TF),2,False,False,True,False,True,10.0,85,2.0,T1,32,4,1.4883121251191218,3.7810415382028006,True
KOTAKBANK,2024-02-19,TRAIN,BEAR,DEMAND,SINGLE (1-TF),1,False,False,False,False,True,8.5,78,-1.0,STOP,1,7,3.890904901791385,1.4918495478370917,False
KOTAKBANK,2024-02-26,TRAIN,BEAR,SUPPLY,TRIPLE (3-TF),3,False,False,True,True,True,11.5,92,-1.0,STOP,8,10,2.550022999080038,2.2194112235510497,False
KOTAKBANK,2024-03-04,TRAIN,BEAR,SUPPLY,TRIPLE (3-TF),3,False,False,True,True,True,11.5,92,-1.0,STOP,1,2,3.8176470588235345,0.0,False
KOTAKBANK,2024-03-12,TRAIN,BEAR,SUPPLY,TRIPLE (3-TF),3,False,False,True,True,True,11.5,92,-1.0,STOP,1,7,3.9364801864801837,0.8974358974358929,False
KOTAKBANK,2024-03-19,TRAIN,SIDEWAYS,SUPPLY,TRIPLE (3-TF),3,False,False,True,True,True,11.5,92,-1.0,STOP,1,2,2.4381138360806247,0.9993682154959559,False
KOTAKBANK,2024-03-27,TRAIN,SIDEWAYS,DEMAND,DUAL (2-TF),2,False,False,False,True,True,10.0,85,2.0,T1,5,3,0.8405545927209613,3.6799537839399217,True
KOTAKBANK,2024-04-04,TRAIN,SIDEWAYS,SUPPLY,SINGLE (1-TF),1,False,False,False,False,True,8.5,78,-1.0,STOP,3,2,2.189392240412633,0.8381924198250753,False
KOTAKBANK,2024-04-12,TRAIN,SIDEWAYS,SUPPLY,SINGLE (1-TF),1,False,False,False,False,True,8.5,78,-1.0,STOP,1,3,1.6617077415370842,0.7129624431594801,False
KOTAKBANK,2024-04-22,TRAIN,SIDEWAYS,DEMAND,TRIPLE (3-TF),3,False,False,True,True,True,11.5,92,-1.0,STOP,4,1,10.739810161920706,0.0,False
KOTAKBANK,2024-04-30,TRAIN,BEAR,DEMAND,TRIPLE (3-TF),3,False,False,True,True,True,11.5,92,-1.0,STOP,1,1,8.234421364985163,0.0,False
KOTAKBANK,2024-05-08,TRAIN,BEAR,SUPPLY,TRIPLE (3-TF),3,False,False,True,True,True,11.5,92,-1.0,STOP,1,1,5.470243405122982,0.0,False
KOTAKBANK,2024-05-15,TRAIN,BEAR,DEMAND,SINGLE (1-TF),1,False,False,False,False,True,8.5,78,2.0,T1,1,3,0.3635808127100512,4.381301558203475,True
KOTAKBANK,2024-05-23,TRAIN,BEAR,DEMAND,SINGLE (1-TF),1,False,False,False,False,True,8.5,78,2.0,T1,7,3,0.6875225171129951,5.181938273087544,True
KOTAKBANK,2024-05-30,TRAIN,BEAR,DEMAND,SINGLE (1-TF),1,False,False,False,False,True,8.5,78,-1.0,STOP,1,1,2.4822381415642107,0.28301052445388886,False
KOTAKBANK,2024-06-18,TRAIN,SIDEWAYS,SUPPLY,SINGLE (1-TF),1,False,False,False,False,True,8.5,78,-1.0,STOP,2,1,2.530553558590945,1.7570093457943965,False
KOTAKBANK,2024-06-25,TRAIN,SIDEWAYS,SUPPLY,SINGLE (1-TF),1,False,False,False,False,True,8.5,78,-1.0,STOP,1,1,4.028756290438531,0.0,False
KOTAKBANK,2024-07-02,TRAIN,SIDEWAYS,DEMAND,TRIPLE (3-TF),3,False,False,True,True,True,11.5,92,-1.0,STOP,1,1,3.394751535455044,1.2702400893355699,False
KOTAKBANK,2024-07-09,TRAIN,BULL,DEMAND,DUAL (2-TF),2,False,False,True,False,True,10.0,85,-1.0,STOP,1,9,5.0613161064272445,1.970874849447057,False
KOTAKBANK,2024-07-16,TRAIN,SIDEWAYS,SUPPLY,DUAL (2-TF),2,False,False,False,True,True,10.0,85,2.0,T1,1,3,0.06791632708503123,5.248573757131227,True
KOTAKBANK,2024-07-24,TRAIN,SIDEWAYS,SUPPLY,SINGLE (1-TF),1,False,False,False,False,True,8.5,78,2.0,T1,3,3,0.6231732200959551,3.3226713726355293,True
KOTAKBANK,2024-07-31,TRAIN,SIDEWAYS,SUPPLY,SINGLE (1-TF),1,False,False,False,False,True,8.5,78,-1.0,STOP,1,32,4.982744359830002,0.7700864208094431,False
KOTAKBANK,2024-08-07,TRAIN,SIDEWAYS,DEMAND,TRIPLE (3-TF),3,False,False,True,True,True,11.5,92,-1.0,STOP,1,1,2.6028081469559896,0.0,False
KOTAKBANK,2024-08-14,TRAIN,SIDEWAYS,SUPPLY,SINGLE (1-TF),1,False,False,False,False,True,8.5,78,-1.0,STOP,2,2,2.628367063097837,1.1665862450682676,False
KOTAKBANK,2024-08-22,TRAIN,BULL,DEMAND,DUAL (2-TF),2,False,False,True,False,True,10.0,85,2.0,T1,6,15,1.3961998592540408,5.255453905700215,True
KOTAKBANK,2024-08-29,TRAIN,SIDEWAYS,SUPPLY,SINGLE (1-TF),1,False,False,False,False,True,8.5,78,-1.0,STOP,11,2,1.5225066195939931,1.257722859664608,False
KOTAKBANK,2024-09-05,TRAIN,SIDEWAYS,SUPPLY,DUAL (2-TF),2,False,False,False,True,True,10.0,85,-1.0,STOP,6,2,1.5225066195939931,1.257722859664608,False
KOTAKBANK,2024-09-12,TRAIN,BULL,DEMAND,DUAL (2-TF),2,False,False,True,False,True,10.0,85,-1.0,STOP,27,4,1.2709580413628807,1.5830236318760769,False
KOTAKBANK,2024-09-19,TRAIN,BULL,SUPPLY,SINGLE (1-TF),1,False,False,False,False,True,8.5,78,-1.0,STOP,1,1,6.785456162784224,0.0,False
KOTAKBANK,2024-09-26,TRAIN,BULL,SUPPLY,TRIPLE (3-TF),3,False,False,True,True,True,11.5,92,3.5,T2,12,5,0.05498965670743837,8.151561968105998,True
KOTAKBANK,2024-10-04,TRAIN,SIDEWAYS,DEMAND,DUAL (2-TF),2,False,False,True,False,True,10.0,85,-1.0,STOP,1,1,4.701974235017682,0.0,False
KOTAKBANK,2024-10-11,TRAIN,BULL,SUPPLY,DUAL (2-TF),2,False,False,False,True,True,10.0,85,-1.0,STOP,1,1,3.735678992235448,0.0,False
KOTAKBANK,2024-10-28,TRAIN,SIDEWAYS,DEMAND,TRIPLE (3-TF),3,False,False,True,True,True,11.5,92,-1.0,STOP,1,1,3.903444051563337,0.0,False
KOTAKBANK,2024-11-04,TRAIN,SIDEWAYS,SUPPLY,DUAL (2-TF),2,False,False,True,False,True,10.0,85,2.0,T1,3,5,0.19318730645757176,4.869456518651094,True
KOTAKBANK,2024-11-11,TRAIN,SIDEWAYS,SUPPLY,DUAL (2-TF),2,False,False,True,False,True,10.0,85,2.0,T1,1,1,0.18233098772114367,2.55263382809606,True
KOTAKBANK,2024-11-19,TRAIN,SIDEWAYS,DEMAND,SINGLE (1-TF),1,False,False,False,False,True,8.5,78,2.0,T1,1,5,0.5997308524954688,5.336141829032827,True
KOTAKBANK,2024-11-27,TRAIN,SIDEWAYS,DEMAND,DUAL (2-TF),2,False,False,False,True,True,10.0,85,2.0,T1,18,8,0.21650020206685525,5.934992205992725,True
KOTAKBANK,2024-12-04,TRAIN,SIDEWAYS,SUPPLY,DUAL (2-TF),2,False,False,True,False,True,10.0,85,-1.0,STOP,2,19,3.325168229298646,2.674775459639046,False
KOTAKBANK,2024-12-11,TRAIN,SIDEWAYS,SUPPLY,DUAL (2-TF),2,False,False,True,False,True,10.0,85,-1.0,STOP,1,15,3.325168229298646,2.674775459639046,False
KOTAKBANK,2024-12-18,TRAIN,SIDEWAYS,DEMAND,DUAL (2-TF),2,False,False,False,True,True,10.0,85,-1.0,STOP,1,1,2.490405356192409,0.0,False
KOTAKBANK,2024-12-26,TRAIN,SIDEWAYS,DEMAND,SINGLE (1-TF),1,False,False,False,False,True,8.5,78,-1.0,STOP,1,1,2.6780961985601035,0.0,False
KOTAKBANK,2025-01-02,TRAIN,BULL,DEMAND,SINGLE (1-TF),1,False,False,False,False,True,8.5,78,-1.0,STOP,5,3,2.3381346060967694,2.4745021165373955,False
KOTAKBANK,2025-01-09,TRAIN,SIDEWAYS,SUPPLY,DUAL (2-TF),2,False,False,True,False,True,10.0,85,-1.0,STOP,1,7,8.441576737764498,3.141641542926385,False
KOTAKBANK,2025-01-16,TRAIN,SIDEWAYS,SUPPLY,TRIPLE (3-TF),3,False,False,True,True,True,11.5,92,-1.0,STOP,1,2,8.787947311888754,1.4472270902820816,False
KOTAKBANK,2025-01-23,TRAIN,BULL,SUPPLY,TRIPLE (3-TF),3,False,False,True,True,True,11.5,92,-1.0,STOP,1,9,2.7088694913905123,1.4406622270568588,False
KOTAKBANK,2025-01-30,TRAIN,BULL,DEMAND,SINGLE (1-TF),1,False,False,False,False,True,8.5,78,2.0,T1,1,33,2.5711973687645115,6.768644443864369,True
KOTAKBANK,2025-02-05,TRAIN,BULL,DEMAND,SINGLE (1-TF),1,False,False,False,False,True,8.5,78,2.0,T1,17,8,0.058214918896040656,5.419279722685285,True
KOTAKBANK,2025-02-12,TRAIN,BULL,DEMAND,SINGLE (1-TF),1,False,False,False,False,True,8.5,78,2.0,T1,1,23,1.8324063003586868,6.310755315277842,True
KOTAKBANK,2025-02-19,TRAIN,BULL,SUPPLY,TRIPLE (3-TF),3,False,False,True,True,True,11.5,92,-1.0,STOP,1,18,4.483102153421706,3.5200653945385416,False
KOTAKBANK,2025-02-27,TRAIN,BULL,DEMAND,SINGLE (1-TF),1,False,False,False,False,True,8.5,78,-1.0,STOP,1,1,3.890783245966721,0.22647462975214677,False
KOTAKBANK,2025-03-06,TRAIN,BULL,SUPPLY,TRIPLE (3-TF),3,False,False,True,True,True,11.5,92,-1.0,STOP,5,1,2.574731584232344,0.48919900100413943,False
KOTAKBANK,2025-03-28,TRAIN,BULL,SUPPLY,SINGLE (1-TF),1,False,False,False,False,True,8.5,78,3.5,T2,1,5,0.45753899480069743,7.796649335644139,True
KOTAKBANK,2025-04-07,TRAIN,BULL,DEMAND,DUAL (2-TF),2,False,False,False,True,True,10.0,85,-1.0,STOP,1,1,7.979520767509979,0.0,False
KOTAKBANK,2025-04-16,TRAIN,BULL,DEMAND,DUAL (2-TF),2,False,False,False,True,True,10.0,85,2.0,T1,25,1,0.16112494507104755,2.6927396123236105,True
KOTAKBANK,2025-04-24,TRAIN,BULL,DEMAND,DUAL (2-TF),2,False,False,False,True,True,10.0,85,-1.0,STOP,2,5,5.944632871940598,2.6927307727564394,False
KOTAKBANK,2025-05-02,TRAIN,BULL,DEMAND,DUAL (2-TF),2,False,False,False,True,True,10.0,85,-1.0,STOP,1,1,7.295807734007953,0.16263100831224486,False
KOTAKBANK,2025-05-09,TRAIN,BULL,DEMAND,DUAL (2-TF),2,False,False,False,True,True,10.0,85,2.0,T1,1,1,0.5264423076923072,3.7211538461538503,True
KOTAKBANK,2025-05-16,TRAIN,BULL,SUPPLY,SINGLE (1-TF),1,False,False,False,False,True,8.5,78,-1.0,STOP,2,24,2.856127044323302,3.865844986963736,False
KOTAKBANK,2025-05-23,TRAIN,BULL,SUPPLY,SINGLE (1-TF),1,False,False,False,False,True,8.5,78,-1.0,STOP,1,11,2.5022791612686546,2.6942085312605006,False
KOTAKBANK,2025-05-30,TRAIN,BULL,DEMAND,DUAL (2-TF),2,False,False,False,True,True,10.0,85,-1.0,STOP,1,2,1.9196827929692215,0.7809288943690823,False
KOTAKBANK,2025-06-06,TRAIN,BULL,SUPPLY,DUAL (2-TF),2,False,False,False,True,True,10.0,85,-1.0,STOP,1,1,3.819891623939938,1.4433941632444773,False
KOTAKBANK,2025-06-13,TRAIN,BULL,DEMAND,DUAL (2-TF),2,False,False,False,True,True,10.0,85,2.0,T1,1,5,0.06771626883359441,4.948124501197122,True
KOTAKBANK,2025-06-20,TRAIN,BULL,DEMAND,DUAL (2-TF),2,False,False,False,True,True,10.0,85,-1.0,STOP,27,1,7.219168629690431,0.0,False
KOTAKBANK,2025-06-27,TRAIN,BULL,SUPPLY,DUAL (2-TF),2,False,False,True,False,True,10.0,85,2.0,T1,1,4,0.4224104648786169,3.8993482161106354,True
KOTAKBANK,2025-07-04,TRAIN,BULL,DEMAND,DUAL (2-TF),2,False,False,False,True,True,10.0,85,-1.0,STOP,1,1,4.38781767391156,0.0,False
KOTAKBANK,2025-07-11,TRAIN,BULL,DEMAND,SINGLE (1-TF),1,False,False,False,False,True,8.5,78,-1.0,STOP,1,11,12.10270050944502,0.41026103421847376,False
KOTAKBANK,2025-07-25,TRAIN,BULL,DEMAND,SINGLE (1-TF),1,False,False,False,False,True,8.5,78,-1.0,STOP,1,1,9.899022575501993,0.0,False
KOTAKBANK,2025-08-04,TRAIN,SIDEWAYS,DEMAND,DUAL (2-TF),2,False,False,False,True,True,10.0,85,2.0,T1,4,2,0.9094614561573325,2.944922810414226,True
KOTAKBANK,2025-08-11,TRAIN,SIDEWAYS,DEMAND,TRIPLE (3-TF),3,False,False,True,True,True,11.5,92,2.0,T1,1,4,0.49166963876293035,3.0468232536811484,True
KOTAKBANK,2025-08-19,TRAIN,SIDEWAYS,SUPPLY,DUAL (2-TF),2,False,False,True,False,True,10.0,85,-1.0,STOP,1,1,3.2780209711900627,0.0,False
KOTAKBANK,2025-08-26,TRAIN,SIDEWAYS,SUPPLY,DUAL (2-TF),2,False,False,True,False,True,10.0,85,-1.0,STOP,15,1,1.7301295735491162,2.2092041900412136,False
KOTAKBANK,2025-09-03,VALIDATION,SIDEWAYS,SUPPLY,SINGLE (1-TF),1,False,False,False,False,True,8.5,78,-1.0,STOP,6,4,2.378908025657851,1.010152027880196,False
KOTAKBANK,2025-09-10,VALIDATION,SIDEWAYS,SUPPLY,SINGLE (1-TF),1,False,False,False,False,True,8.5,78,-1.0,STOP,1,4,3.582196330931571,0.0,False
KOTAKBANK,2025-09-17,VALIDATION,SIDEWAYS,SUPPLY,DUAL (2-TF),2,False,False,True,False,True,10.0,85,-1.0,STOP,1,1,3.9320167685236607,0.0,False
KOTAKBANK,2025-09-24,VALIDATION,SIDEWAYS,SUPPLY,DUAL (2-TF),2,False,False,True,False,True,10.0,85,-1.0,STOP,6,1,5.103960516992838,0.0,False
KOTAKBANK,2025-10-03,VALIDATION,BULL,SUPPLY,TRIPLE (3-TF),3,False,False,True,True,True,11.5,92,-1.0,STOP,1,1,6.070618404181873,0.0,False
KOTAKBANK,2025-10-17,VALIDATION,BULL,DEMAND,SINGLE (1-TF),1,False,False,False,False,True,8.5,78,-1.0,STOP,6,5,2.893216548639573,1.6702385389489416,False
KOTAKBANK,2025-11-03,VALIDATION,SIDEWAYS,SUPPLY,TRIPLE (3-TF),3,False,True,True,False,True,11.5,92,-1.0,STOP,20,8,2.9415891128466503,1.5456203526165677,False
KOTAKBANK,2025-11-11,VALIDATION,SIDEWAYS,SUPPLY,TRIPLE (3-TF),3,False,True,True,False,True,11.5,92,-1.0,STOP,1,14,2.89002191937482,1.8655294005527592,False
KOTAKBANK,2025-11-18,VALIDATION,SIDEWAYS,DEMAND,DUAL (2-TF),2,False,False,False,True,True,10.0,85,2.0,T1,1,9,1.090656311424328,3.516467711779092,True
KOTAKBANK,2025-11-25,VALIDATION,SIDEWAYS,SUPPLY,TRIPLE (3-TF),3,False,True,True,False,True,11.5,92,-1.0,STOP,2,1,1.4766925902953378,1.2095042702418992,False
KOTAKBANK,2025-12-02,VALIDATION,BULL,DEMAND,SINGLE (1-TF),1,False,False,False,False,True,8.5,78,-1.0,STOP,30,8,4.383699239489163,2.898550724637682,False
KOTAKBANK,2025-12-09,VALIDATION,SIDEWAYS,DEMAND,SINGLE (1-TF),1,False,False,False,False,True,8.5,78,2.0,T1,1,17,1.734036594473489,3.8111463778939467,True
KOTAKBANK,2025-12-16,VALIDATION,BULL,DEMAND,SINGLE (1-TF),1,False,False,False,False,True,8.5,78,-1.0,STOP,15,5,1.6906906200766565,0.9617419521715692,False
KOTAKBANK,2025-12-23,VALIDATION,BULL,DEMAND,SINGLE (1-TF),1,False,False,False,False,True,8.5,78,-1.0,STOP,10,5,1.6906906200766565,0.9617419521715692,False
KOTAKBANK,2025-12-31,VALIDATION,BULL,SUPPLY,ATZ (4-TF),4,True,True,True,True,True,13.0,100,-1.0,STOP,1,1,2.8411726505241672,0.17626867056314308,False
KOTAKBANK,2026-01-08,VALIDATION,SIDEWAYS,DEMAND,TRIPLE (3-TF),3,False,True,True,False,True,11.5,92,-1.0,STOP,1,1,2.024582560296837,0.0,False
KOTAKBANK,2026-01-15,VALIDATION,SIDEWAYS,SUPPLY,DUAL (2-TF),2,False,False,False,True,True,10.0,85,2.0,T1,17,4,0.6934780591891531,2.859727247425559,True
KOTAKBANK,2026-01-22,VALIDATION,SIDEWAYS,DEMAND,TRIPLE (3-TF),3,False,True,True,False,True,11.5,92,-1.0,STOP,1,2,5.542561485576577,1.367921185059187,False
KOTAKBANK,2026-01-30,VALIDATION,BEAR,SUPPLY,DUAL (2-TF),2,False,False,False,True,True,10.0,85,2.0,T1,3,2,0.28364100503462514,4.6493488075259455,True
KOTAKBANK,2026-02-06,VALIDATION,SIDEWAYS,SUPPLY,SINGLE (1-TF),1,False,False,False,False,True,8.5,78,-1.0,STOP,1,1,4.796273052042099,1.1320845804769715,False
KOTAKBANK,2026-02-13,VALIDATION,SIDEWAYS,SUPPLY,DUAL (2-TF),2,False,False,True,False,True,10.0,85,2.0,T1,7,5,0.7326862049654626,5.170804554788133,True
KOTAKBANK,2026-02-20,VALIDATION,SIDEWAYS,DEMAND,DUAL (2-TF),2,False,True,False,False,True,10.0,85,-1.0,STOP,1,5,2.7112187551437845,1.5119806240741192,False
KOTAKBANK,2026-02-27,VALIDATION,SIDEWAYS,DEMAND,DUAL (2-TF),2,False,True,False,False,True,10.0,85,-1.0,STOP,1,1,3.3807236935951757,0.23774428225001187,False
KOTAKBANK,2026-03-09,TEST_OOS,BEAR,DEMAND,DUAL (2-TF),2,False,True,False,False,True,10.0,85,-1.0,STOP,1,1,6.3004216529771675,0.0,False
KOTAKBANK,2026-03-16,TEST_OOS,BEAR,SUPPLY,DUAL (2-TF),2,False,False,False,True,True,10.0,85,2.0,T1,8,2,0.06098854476029333,6.915570640644883,True
KOTAKBANK,2026-03-23,TEST_OOS,BEAR,DEMAND,TRIPLE (3-TF),3,False,True,True,False,True,11.5,92,-1.0,STOP,1,1,3.94626364399664,0.29793342542185286,False
KOTAKBANK,2026-04-01,TEST_OOS,BEAR,SUPPLY,DUAL (2-TF),2,False,False,False,True,True,10.0,85,2.0,T1,1,1,1.4771172479267363,3.6941892608829248,True
KOTAKBANK,2026-04-09,TEST_OOS,BEAR,SUPPLY,DUAL (2-TF),2,False,False,False,True,True,10.0,85,-1.0,STOP,1,3,4.601663383672575,0.15047056248630844,False
KOTAKBANK,2026-04-17,TEST_OOS,BEAR,DEMAND,ATZ (4-TF),4,True,True,True,True,True,13.0,100,-1.0,STOP,5,7,2.3945482949954173,4.018746969778596,False
KOTAKBANK,2026-04-24,TEST_OOS,BEAR,SUPPLY,SINGLE (1-TF),1,False,False,False,False,True,8.5,78,-1.0,STOP,2,14,3.6894229499537903,4.299485012544559,False
KOTAKBANK,2026-05-01,TEST_OOS,BEAR,DEMAND,TRIPLE (3-TF),3,False,True,True,False,True,11.5,92,-1.0,STOP,2,2,3.663432141432932,1.393061278745184,False
KOTAKBANK,2026-05-08,TEST_OOS,BEAR,DEMAND,ATZ (4-TF),4,True,True,True,True,True,13.0,100,2.0,T1,1,26,2.564640478313309,7.591650495620718,True
KOTAKBANK,2026-05-15,TEST_OOS,BEAR,SUPPLY,SINGLE (1-TF),1,False,False,False,False,True,8.5,78,-1.0,STOP,1,1,4.573178852044218,0.0,False
KOTAKBANK,2026-05-22,TEST_OOS,BEAR,DEMAND,ATZ (4-TF),4,True,True,True,True,True,13.0,100,-1.0,STOP,1,6,3.3081504783023448,1.7120903488642043,False
KOTAKBANK,2026-05-29,TEST_OOS,BEAR,SUPPLY,SINGLE (1-TF),1,False,False,False,False,True,8.5,78,-1.0,STOP,1,9,2.987384877331472,4.1457059567112955,False
KOTAKBANK,2026-06-05,TEST_OOS,BEAR,DEMAND,ATZ (4-TF),4,True,True,True,True,True,13.0,100,-1.0,STOP,1,1,2.980521004459049,0.0,False
KOTAKBANK,2026-06-12,TEST_OOS,SIDEWAYS,DEMAND,ATZ (4-TF),4,True,True,True,True,True,13.0,100,-1.0,STOP,17,2,3.3014906571488667,2.1100146966197677,False
KOTAKBANK,2026-06-19,TEST_OOS,SIDEWAYS,SUPPLY,ATZ (4-TF),4,True,True,True,True,True,13.0,100,-1.0,STOP,4,1,1.9849401308480346,1.3677323787186817,False
KOTAKBANK,2026-06-26,TEST_OOS,SIDEWAYS,DEMAND,SINGLE (1-TF),1,False,False,False,False,True,8.5,78,-1.0,STOP,2,1,2.925478850758171,0.7955905826017552,False
KOTAKBANK,2026-07-03,TEST_OOS,SIDEWAYS,SUPPLY,TRIPLE (3-TF),3,False,True,True,False,True,11.5,92,-1.0,STOP,39,1,4.751408278226788,1.7879010531471986,False
KOTAKBANK,2026-07-10,TEST_OOS,BEAR,SUPPLY,SINGLE (1-TF),1,False,False,False,False,True,8.5,78,-1.0,STOP,2,4,2.877848965444816,1.677869971641631,False
KOTAKBANK,2026-07-17,TEST_OOS,BEAR,SUPPLY,SINGLE (1-TF),1,False,False,False,False,True,8.5,78,-1.0,STOP,1,2,4.438224710115963,0.0,False
KOTAKBANK,2026-07-24,TEST_OOS,BEAR,DEMAND,ATZ (4-TF),4,True,True,True,True,True,13.0,100,2.0,T1,1,8,0.9030231645072604,4.698337913885614,True
KOTAKBANK,2026-08-07,TEST_OOS,SIDEWAYS,DEMAND,TRIPLE (3-TF),3,False,True,False,True,True,11.5,92,2.0,T1,1,10,0.9736100435562417,4.022546758903404,True
KOTAKBANK,2026-08-14,TEST_OOS,SIDEWAYS,DEMAND,ATZ (4-TF),4,True,True,True,True,True,13.0,100,2.0,T1,1,8,1.5903307888040712,6.221374045801524,True
LT,2022-06-16,TRAIN,BEAR,SUPPLY,SINGLE (1-TF),1,False,False,False,False,True,8.5,78,2.0,T1,1,1,0.31833687413295086,5.643610141207538,True
LT,2022-06-23,TRAIN,BEAR,DEMAND,SINGLE (1-TF),1,False,False,False,False,True,8.5,78,2.0,T1,1,6,0.5705811736459239,5.771485064614082,True
LT,2022-06-30,TRAIN,BEAR,DEMAND,SINGLE (1-TF),1,False,False,False,False,True,8.5,78,2.0,T1,2,5,0.07878708987894815,10.821235518590315,True
LT,2022-07-07,TRAIN,SIDEWAYS,SUPPLY,SINGLE (1-TF),1,False,False,False,False,True,8.5,78,-1.0,STOP,1,1,8.263057853452201,0.4102749444488985,False
LT,2022-07-14,TRAIN,SIDEWAYS,SUPPLY,DUAL (2-TF),2,False,False,False,True,True,10.0,85,-1.0,STOP,1,2,7.0076593534986396,0.0,False
LT,2022-07-28,TRAIN,BULL,SUPPLY,SINGLE (1-TF),1,False,False,False,False,True,8.5,78,-1.0,STOP,1,1,3.8241491753681722,0.0,False
LT,2022-08-04,TRAIN,BULL,DEMAND,SINGLE (1-TF),1,False,False,False,False,True,8.5,78,2.0,T1,1,4,0.3232016801820176,5.506096493786834,True
LT,2022-08-29,TRAIN,BULL,SUPPLY,SINGLE (1-TF),1,False,False,False,False,True,8.5,78,-1.0,STOP,2,2,3.4154046983068316,0.2616264719917059,False
LT,2022-09-06,TRAIN,BULL,DEMAND,DUAL (2-TF),2,False,False,False,True,True,10.0,85,-1.0,STOP,10,3,2.088141852445207,2.240204198006897,False
LT,2022-09-13,TRAIN,BULL,SUPPLY,SINGLE (1-TF),1,False,False,False,False,True,8.5,78,2.0,T1,1,3,1.3773333896443913,2.6881493369372453,True
LT,2022-09-20,TRAIN,BULL,SUPPLY,SINGLE (1-TF),1,False,False,False,False,True,8.5,78,-1.0,STOP,26,2,3.9416631727549176,0.38795688424448954,False
LT,2022-09-27,TRAIN,BULL,SUPPLY,SINGLE (1-TF),1,False,False,False,False,True,8.5,78,-1.0,STOP,4,17,4.774338139504074,3.613460222128996,False
LT,2022-10-04,TRAIN,BULL,SUPPLY,SINGLE (1-TF),1,False,False,False,False,True,8.5,78,-1.0,STOP,2,14,4.774338139504074,1.2723840226103444,False
LT,2022-10-12,TRAIN,BULL,DEMAND,DUAL (2-TF),2,False,False,False,True,True,10.0,85,2.0,T1,1,30,2.8696336926711337,9.55874765796834,True
LT,2022-10-19,TRAIN,BULL,SUPPLY,DUAL (2-TF),2,False,False,False,True,True,10.0,85,-1.0,STOP,1,4,2.876061436171662,1.7316514388508915,False
LT,2022-10-27,TRAIN,BULL,SUPPLY,DUAL (2-TF),2,False,False,False,True,True,10.0,85,-1.0,STOP,1,1,4.600594225181806,0.0,False
LT,2022-11-03,TRAIN,BULL,DEMAND,SINGLE (1-TF),1,False,False,False,False,True,8.5,78,2.0,T1,5,5,0.2456433805158023,4.250103885583834,True
LT,2022-11-11,TRAIN,BULL,SUPPLY,DUAL (2-TF),2,False,False,False,True,True,10.0,85,-1.0,STOP,1,4,2.0492963910757753,1.9602189348807837,False
LT,2022-11-25,TRAIN,BULL,SUPPLY,SINGLE (1-TF),1,False,False,False,False,True,8.5,78,-1.0,STOP,1,1,3.67286948388654,0.0,False
LT,2022-12-02,TRAIN,BULL,DEMAND,SINGLE (1-TF),1,False,False,False,False,True,8.5,78,2.0,T1,1,4,0.14454058177583573,5.072471041695951,True
LT,2022-12-16,TRAIN,BULL,DEMAND,SINGLE (1-TF),1,False,False,False,False,True,8.5,78,-1.0,STOP,1,4,3.497372786949521,1.7809588012832465,False
LT,2022-12-23,TRAIN,BULL,SUPPLY,SINGLE (1-TF),1,False,False,False,False,True,8.5,78,-1.0,STOP,18,1,4.4949343106797075,1.8625892997752174,False
LT,2022-12-30,TRAIN,BULL,DEMAND,SINGLE (1-TF),1,False,False,False,False,True,8.5,78,2.0,T1,1,12,1.5808902071254298,6.061238380556342,True
LT,2023-01-06,TRAIN,BULL,SUPPLY,DUAL (2-TF),2,False,False,False,True,True,10.0,85,-1.0,STOP,1,4,2.6069956517242936,1.792001733400967,False
LT,2023-01-13,TRAIN,BULL,DEMAND,SINGLE (1-TF),1,False,False,False,False,True,8.5,78,3.5,T2,11,2,0.8399727630133694,6.015994274268512,True
LT,2023-01-20,TRAIN,BULL,DEMAND,SINGLE (1-TF),1,False,False,False,False,True,8.5,78,-1.0,STOP,3,3,5.8424518957690825,1.7711369920244862,False
LT,2023-02-13,TRAIN,BULL,SUPPLY,DUAL (2-TF),2,False,False,False,True,True,10.0,85,-1.0,STOP,1,1,2.485922395402907,0.09465147118176227,False
LT,2023-02-20,TRAIN,BULL,SUPPLY,DUAL (2-TF),2,False,False,False,True,True,10.0,85,-1.0,STOP,1,1,4.095770365306194,0.0,False
LT,2023-02-27,TRAIN,BULL,SUPPLY,SINGLE (1-TF),1,False,False,False,False,True,8.5,78,-1.0,STOP,8,18,4.415412288175717,3.9979172583546254,False
LT,2023-03-06,TRAIN,BULL,DEMAND,SINGLE (1-TF),1,False,False,False,False,True,8.5,78,2.0,T1,5,2,0.37822225715183017,4.607434768940583,True
LT,2023-03-14,TRAIN,BULL,DEMAND,SINGLE (1-TF),1,False,False,False,False,True,8.5,78,-1.0,STOP,1,10,2.227273814936239,3.4758680098585653,False
LT,2023-03-21,TRAIN,BULL,DEMAND,SINGLE (1-TF),1,False,False,False,False,True,8.5,78,-1.0,STOP,4,2,2.227273814936239,2.2363666818214454,False
LT,2023-03-28,TRAIN,BULL,SUPPLY,DUAL (2-TF),2,False,False,False,True,True,10.0,85,-1.0,STOP,5,1,3.852056909880143,1.8874231424724417,False
LT,2023-04-06,TRAIN,BULL,SUPPLY,DUAL (2-TF),2,False,False,False,True,True,10.0,85,-1.0,STOP,1,1,7.098083037979539,0.0,False
LT,2023-04-17,TRAIN,BULL,SUPPLY,DUAL (2-TF),2,False,False,False,True,True,10.0,85,-1.0,STOP,9,1,2.93270619673551,1.49456521739131,False
LT,2023-04-24,TRAIN,BULL,SUPPLY,SINGLE (1-TF),1,False,False,False,False,True,8.5,78,-1.0,STOP,3,2,4.880853275442569,0.6508110992038529,False
LT,2023-05-02,TRAIN,BULL,SUPPLY,DUAL (2-TF),2,False,False,False,True,True,10.0,85,-1.0,STOP,1,1,5.586878756514304,0.0,False
LT,2023-05-09,TRAIN,BULL,SUPPLY,SINGLE (1-TF),1,False,False,False,False,True,8.5,78,2.0,T1,1,2,1.2095238512150006,5.724116496014208,True
LT,2023-05-16,TRAIN,BULL,DEMAND,DUAL (2-TF),2,False,False,False,True,True,10.0,85,-1.0,STOP,1,1,4.137340602892811,0.0,False
LT,2023-05-23,TRAIN,BULL,SUPPLY,SINGLE (1-TF),1,False,False,False,False,True,8.5,78,-1.0,STOP,1,9,2.3968883979555553,1.9639413625896336,False
LT,2023-05-30,TRAIN,BULL,DEMAND,DUAL (2-TF),2,False,False,False,True,True,10.0,85,2.0,T1,2,3,0.0,3.3088408904167887,True
LT,2023-06-13,TRAIN,BULL,DEMAND,SINGLE (1-TF),1,False,False,False,False,True,8.5,78,2.0,T1,1,13,0.5642093300957529,6.498839175925888,True
LT,2023-06-20,TRAIN,BULL,SUPPLY,TRIPLE (3-TF),3,False,False,True,True,True,11.5,92,-1.0,STOP,1,1,2.8570415952295414,0.0,False
LT,2023-06-27,TRAIN,BULL,SUPPLY,TRIPLE (3-TF),3,False,False,True,True,True,11.5,92,-1.0,STOP,1,2,3.712846588025024,0.9622684893946489,False
LT,2023-07-05,TRAIN,BULL,SUPPLY,SINGLE (1-TF),1,False,False,False,False,True,8.5,78,-1.0,STOP,1,1,3.3038267036429683,0.0,False
LT,2023-07-12,TRAIN,BULL,SUPPLY,SINGLE (1-TF),1,False,False,False,False,True,8.5,78,-1.0,STOP,1,7,5.1415991783543555,0.8852053272271035,False
LT,2023-07-26,TRAIN,BULL,SUPPLY,SINGLE (1-TF),1,False,False,False,False,True,8.5,78,-1.0,STOP,1,1,6.120448179271706,0.0,False
LT,2023-08-02,TRAIN,BULL,DEMAND,SINGLE (1-TF),1,False,False,False,False,True,8.5,78,2.0,T1,2,14,0.010722412622264565,6.96797969889877,True
LT,2023-08-24,TRAIN,BULL,SUPPLY,SINGLE (1-TF),1,False,False,False,False,True,8.5,78,-1.0,STOP,1,3,3.664661532599795,1.4236067012273184,False
LT,2023-09-07,TRAIN,BULL,DEMAND,DUAL (2-TF),2,False,False,False,True,True,10.0,85,2.0,T1,1,1,0.10974803054904357,7.160683143905225,True
LT,2023-09-22,TRAIN,BULL,SUPPLY,SINGLE (1-TF),1,False,False,False,False,True,8.5,78,-1.0,STOP,1,3,2.917806526765397,1.3399459926931305,False
LT,2023-09-29,TRAIN,BULL,DEMAND,SINGLE (1-TF),1,False,False,False,False,True,8.5,78,-1.0,STOP,17,3,2.018803165810374,1.73231565074599,False
LT,2023-10-09,TRAIN,BULL,DEMAND,SINGLE (1-TF),1,False,False,False,False,True,8.5,78,-1.0,STOP,1,10,3.756323395810207,1.6352829562483098,False
LT,2023-10-16,TRAIN,BULL,SUPPLY,SINGLE (1-TF),1,False,False,False,False,True,8.5,78,-1.0,STOP,1,31,5.4541266690603125,5.8168995955640765,False
LT,2023-10-23,TRAIN,BULL,SUPPLY,SINGLE (1-TF),1,False,False,False,False,True,8.5,78,-1.0,STOP,16,11,4.293294741919933,1.1497025245216177,False
LT,2023-10-31,TRAIN,BULL,DEMAND,SINGLE (1-TF),1,False,False,False,False,True,8.5,78,2.0,T1,2,7,1.2025195648024427,4.748927205502885,True
LT,2023-11-07,TRAIN,BULL,SUPPLY,DUAL (2-TF),2,False,False,False,True,True,10.0,85,-1.0,STOP,1,1,2.9009025499500094,0.0,False
LT,2023-11-22,TRAIN,BULL,DEMAND,DUAL (2-TF),2,False,False,False,True,True,10.0,85,2.0,T1,2,4,0.879747664587372,2.1777029818709632,True
LT,2023-11-30,TRAIN,BULL,SUPPLY,DUAL (2-TF),2,False,False,False,True,True,10.0,85,-1.0,STOP,1,1,4.003420813512218,0.5251483243358895,False
LT,2023-12-14,TRAIN,BULL,SUPPLY,SINGLE (1-TF),1,False,False,False,False,True,8.5,78,-1.0,STOP,1,1,3.5806489869272102,0.0,False
LT,2023-12-21,TRAIN,BULL,DEMAND,DUAL (2-TF),2,False,False,False,True,True,10.0,85,2.0,T1,1,20,2.915744120639095,6.488540482317042,True
LT,2023-12-29,TRAIN,BULL,DEMAND,SINGLE (1-TF),1,False,False,False,False,True,8.5,78,2.0,T1,3,17,2.2480243697850013,6.9854163907406495,True
LT,2024-01-05,TRAIN,BULL,SUPPLY,SINGLE (1-TF),1,False,False,False,False,True,8.5,78,-1.0,STOP,1,1,0.9786982351964154,1.8565838507507118,False
LT,2024-01-12,TRAIN,BULL,SUPPLY,SINGLE (1-TF),1,False,False,False,False,True,8.5,78,-1.0,STOP,1,1,4.062006219594984,0.0,False
LT,2024-01-19,TRAIN,BULL,DEMAND,DUAL (2-TF),2,False,False,False,True,True,10.0,85,-1.0,STOP,2,5,5.286635912932085,4.524303301526382,False
LT,2024-01-30,TRAIN,BULL,SUPPLY,SINGLE (1-TF),1,False,False,False,False,True,8.5,78,2.0,T1,1,1,3.7438597791658625,5.993824855100773,True
LT,2024-02-06,TRAIN,BULL,DEMAND,DUAL (2-TF),2,False,False,False,True,True,10.0,85,-1.0,STOP,1,2,3.805321149905952,0.6674686289744383,False
LT,2024-02-13,TRAIN,BULL,SUPPLY,SINGLE (1-TF),1,False,False,False,False,True,8.5,78,-1.0,STOP,4,6,2.85582875920624,3.4685701490550196,False
LT,2024-02-20,TRAIN,BULL,DEMAND,DUAL (2-TF),2,False,False,False,True,True,10.0,85,2.0,T1,2,3,0.96852600895886,5.519666976056918,True
LT,2024-03-05,TRAIN,BULL,SUPPLY,DUAL (2-TF),2,False,False,False,True,True,10.0,85,-1.0,STOP,1,15,9.586966660959611,0.0,False
LT,2024-03-13,TRAIN,BULL,SUPPLY,DUAL (2-TF),2,False,False,False,True,True,10.0,85,-1.0,STOP,9,1,1.8151819811831666,1.6597312441951524,False
LT,2024-03-20,TRAIN,BULL,DEMAND,DUAL (2-TF),2,False,False,False,True,True,10.0,85,2.0,T1,1,5,3.0641726191495784,5.985314353905802,True
LT,2024-03-28,TRAIN,BULL,DEMAND,SINGLE (1-TF),1,False,False,False,False,True,8.5,78,-1.0,STOP,11,3,4.0190118710622675,1.7152137557814955,False
LT,2024-04-05,TRAIN,BULL,SUPPLY,SINGLE (1-TF),1,False,False,False,False,True,8.5,78,2.0,T1,2,3,0.539849295444054,3.7794846476141184,True
LT,2024-04-15,TRAIN,BULL,SUPPLY,SINGLE (1-TF),1,False,False,False,False,True,8.5,78,5.0,T3,33,1,3.5570945148343416,16.120357229113477,True
LT,2024-04-23,TRAIN,BULL,SUPPLY,DUAL (2-TF),2,False,False,False,True,True,10.0,85,-1.0,STOP,1,27,8.86188973772344,10.43087069885265,False
LT,2024-04-30,TRAIN,BULL,SUPPLY,DUAL (2-TF),2,False,False,False,True,True,10.0,85,2.0,T1,1,3,0.9084298196775334,4.839561862991295,True
LT,2024-05-08,TRAIN,BULL,SUPPLY,SINGLE (1-TF),1,False,False,False,False,True,8.5,78,-1.0,STOP,11,1,4.548683059692294,1.2802526459141654,False
LT,2024-05-15,TRAIN,BULL,SUPPLY,DUAL (2-TF),2,False,False,False,True,True,10.0,85,-1.0,STOP,2,5,5.650729623917428,2.442757147941634,False
LT,2024-05-23,TRAIN,BULL,SUPPLY,SINGLE (1-TF),1,False,False,False,False,True,8.5,78,-1.0,STOP,1,1,5.650729623917428,0.23964883141534962,False
LT,2024-05-30,TRAIN,BULL,DEMAND,DUAL (2-TF),2,False,False,False,True,True,10.0,85,-1.0,STOP,4,1,11.444877050941566,0.0,False
LT,2024-06-24,TRAIN,BULL,SUPPLY,SINGLE (1-TF),1,False,False,False,False,True,8.5,78,2.0,T1,12,9,0.9174388559718397,4.3552590546620955,True
LT,2024-07-01,TRAIN,BULL,SUPPLY,DUAL (2-TF),2,False,False,False,True,True,10.0,85,-1.0,STOP,2,1,1.3743837066472058,1.8314738397269228,False
LT,2024-07-08,TRAIN,BULL,SUPPLY,DUAL (2-TF),2,False,False,False,True,True,10.0,85,-1.0,STOP,1,1,1.9547078512594827,0.5628385561329956,False
LT,2024-07-15,TRAIN,BULL,DEMAND,DUAL (2-TF),2,False,False,False,True,True,10.0,85,-1.0,STOP,3,3,3.1828930420543315,1.7463211979605466,False
LT,2024-07-24,TRAIN,BULL,SUPPLY,DUAL (2-TF),2,False,False,False,True,True,10.0,85,-1.0,STOP,3,1,4.120980657878523,1.2059426344260689,False
LT,2024-07-31,TRAIN,BULL,DEMAND,SINGLE (1-TF),1,False,False,False,False,True,8.5,78,-1.0,STOP,3,1,4.576209691937418,1.8750190409983805,False
LT,2024-08-14,TRAIN,SIDEWAYS,SUPPLY,DUAL (2-TF),2,False,False,False,True,True,10.0,85,-1.0,STOP,8,1,2.947774499041174,0.9725774706808848,False
LT,2024-08-22,TRAIN,BULL,SUPPLY,DUAL (2-TF),2,False,False,False,True,True,10.0,85,-1.0,STOP,1,1,1.503493108037871,0.0,False
LT,2024-08-29,TRAIN,BULL,DEMAND,DUAL (2-TF),2,False,False,True,False,True,10.0,85,-1.0,STOP,5,2,2.9023185526186923,1.0735024556788484,False
LT,2024-09-05,TRAIN,BULL,DEMAND,TRIPLE (3-TF),3,False,False,True,True,True,11.5,92,-1.0,STOP,1,1,2.9023185526186923,0.7164145689618959,False
LT,2024-09-12,TRAIN,BULL,SUPPLY,DUAL (2-TF),2,False,False,False,True,True,10.0,85,-1.0,STOP,3,2,2.9575934928475514,1.0136012442443976,False
LT,2024-09-19,TRAIN,BULL,DEMAND,DUAL (2-TF),2,False,False,True,False,True,10.0,85,-1.0,STOP,7,3,4.82897384305835,2.068566307944484,False
LT,2024-09-26,TRAIN,BULL,DEMAND,DUAL (2-TF),2,False,False,True,False,True,10.0,85,-1.0,STOP,1,1,2.6400971894950516,1.4119111487983202,False
LT,2024-10-04,TRAIN,SIDEWAYS,DEMAND,DUAL (2-TF),2,False,False,True,False,True,10.0,85,-1.0,STOP,1,1,5.3286322886359,0.0,False
LT,2024-10-11,TRAIN,SIDEWAYS,SUPPLY,SINGLE (1-TF),1,False,False,False,False,True,8.5,78,-1.0,STOP,1,1,2.3161764705882386,1.3156512605041926,False
LT,2024-10-18,TRAIN,SIDEWAYS,DEMAND,DUAL (2-TF),2,False,False,True,False,True,10.0,85,-1.0,STOP,4,1,1.889669300556048,0.901375475563365,False
LT,2024-10-25,TRAIN,BEAR,SUPPLY,SINGLE (1-TF),1,False,False,False,False,True,8.5,78,-1.0,STOP,5,1,4.073376497116775,0.1009928057136395,False
LT,2024-11-01,TRAIN,SIDEWAYS,SUPPLY,DUAL (2-TF),2,False,False,False,True,True,10.0,85,-1.0,STOP,1,3,4.214418174061688,0.0,False
LT,2024-11-08,TRAIN,SIDEWAYS,DEMAND,TRIPLE (3-TF),3,False,False,True,True,True,11.5,92,-1.0,STOP,4,1,2.0883760844587753,0.8404822794517923,False
LT,2024-11-18,TRAIN,SIDEWAYS,SUPPLY,SINGLE (1-TF),1,False,False,False,False,True,8.5,78,-1.0,STOP,2,3,4.723660872649871,3.8677545228804533,False
LT,2024-11-26,TRAIN,BULL,SUPPLY,SINGLE (1-TF),1,False,False,False,False,True,8.5,78,-1.0,STOP,1,3,2.7753833622057944,0.5038036337464731,False
LT,2024-12-03,TRAIN,BULL,DEMAND,TRIPLE (3-TF),3,False,False,True,True,True,11.5,92,-1.0,STOP,13,1,2.510777197790849,1.6811051276047821,False
LT,2024-12-10,TRAIN,BULL,SUPPLY,SINGLE (1-TF),1,False,False,False,True,False,8.5,78,-1.0,STOP,1,1,13.450492002228815,0.0,False
LT,2024-12-24,TRAIN,SIDEWAYS,SUPPLY,SINGLE (1-TF),1,False,False,False,False,True,8.5,78,2.0,T1,7,17,0.5929865710840577,8.13030288014183,True
LT,2025-01-01,TRAIN,SIDEWAYS,SUPPLY,DUAL (2-TF),2,False,False,False,True,True,10.0,85,-1.0,STOP,1,1,3.215090758097051,0.2256947386855974,False
LT,2025-01-08,TRAIN,SIDEWAYS,SUPPLY,DUAL (2-TF),2,False,False,False,True,True,10.0,85,2.0,T1,1,1,0.10776912344994559,4.751587993350062,True
LT,2025-01-15,TRAIN,BEAR,DEMAND,TRIPLE (3-TF),3,False,False,True,True,True,11.5,92,-1.0,STOP,1,6,3.869608792403468,1.205501480688759,False
LT,2025-01-22,TRAIN,SIDEWAYS,DEMAND,DUAL (2-TF),2,False,False,True,False,True,10.0,85,-1.0,STOP,1,2,2.516390559499034,1.3394993743621098,False
LT,2025-01-29,TRAIN,BEAR,SUPPLY,DUAL (2-TF),2,False,False,False,True,True,10.0,85,2.0,T1,2,2,2.8062587011531517,6.357350704994065,True
LT,2025-02-05,TRAIN,BEAR,SUPPLY,SINGLE (1-TF),1,False,False,False,False,True,8.5,78,2.0,T1,32,8,0.7696898243162614,7.533586597382937,True
LT,2025-02-12,TRAIN,BEAR,SUPPLY,SINGLE (1-TF),1,False,False,False,False,True,8.5,78,-1.0,STOP,25,2,4.899016305735591,2.262253620456952,False
LT,2025-02-19,TRAIN,BEAR,SUPPLY,DUAL (2-TF),2,False,False,False,True,True,10.0,85,-1.0,STOP,1,19,2.9182879377431994,3.758330158452571,False
LT,2025-02-27,TRAIN,BEAR,DEMAND,TRIPLE (3-TF),3,False,False,True,True,True,11.5,92,-1.0,STOP,1,1,4.115253224812858,0.0,False
LT,2025-03-06,TRAIN,BEAR,DEMAND,DUAL (2-TF),2,False,False,True,False,True,10.0,85,2.0,T1,3,7,1.3840720150966515,5.053998571938599,True
LT,2025-03-13,TRAIN,BEAR,DEMAND,TRIPLE (3-TF),3,False,False,True,True,True,11.5,92,2.0,T1,1,5,2.680146943389121,6.438506703507173,True
LT,2025-03-21,TRAIN,BEAR,DEMAND,DUAL (2-TF),2,False,False,True,False,True,10.0,85,-1.0,STOP,10,1,8.647681245878994,4.861377123300572,False
LT,2025-03-28,TRAIN,SIDEWAYS,SUPPLY,TRIPLE (3-TF),3,False,False,True,True,True,11.5,92,-1.0,STOP,1,1,4.809340839727145,0.0,False
LT,2025-04-07,TRAIN,BEAR,DEMAND,TRIPLE (3-TF),3,False,False,True,True,True,11.5,92,-1.0,STOP,1,1,6.559056559538301,0.6445686977913859,False
LT,2025-04-16,TRAIN,BEAR,DEMAND,TRIPLE (3-TF),3,False,False,True,True,True,11.5,92,3.5,T2,2,1,0.34813775207068565,3.6727890522881106,True
LT,2025-04-24,TRAIN,BEAR,SUPPLY,SINGLE (1-TF),1,False,False,False,False,True,8.5,78,-1.0,STOP,1,1,2.6527994279136706,0.5968641890895781,False
LT,2025-05-02,TRAIN,BEAR,DEMAND,DUAL (2-TF),2,False,False,True,False,True,10.0,85,2.0,T1,2,5,0.7824022612995654,8.845979757920244,True
LT,2025-05-16,TRAIN,SIDEWAYS,SUPPLY,TRIPLE (3-TF),3,False,False,True,True,True,11.5,92,-1.0,STOP,1,1,4.025733956304673,0.0,False
LT,2025-05-23,TRAIN,SIDEWAYS,SUPPLY,DUAL (2-TF),2,False,False,True,False,True,10.0,85,-1.0,STOP,1,1,2.0082492788250597,1.3611026970102713,False
LT,2025-05-30,TRAIN,BULL,DEMAND,DUAL (2-TF),2,False,False,False,True,True,10.0,85,2.0,T1,11,10,2.2637834287429164,4.619579065382461,True
LT,2025-06-06,TRAIN,BULL,DEMAND,DUAL (2-TF),2,False,False,False,True,True,10.0,85,2.0,T1,6,10,2.2637834287429164,4.619579065382461,True
LT,2025-06-13,TRAIN,SIDEWAYS,SUPPLY,DUAL (2-TF),2,False,False,True,False,True,10.0,85,-1.0,STOP,6,5,1.8395727230636947,2.4400864254690555,False
LT,2025-06-20,TRAIN,BULL,DEMAND,DUAL (2-TF),2,False,False,False,True,True,10.0,85,-1.0,STOP,2,18,3.3422467419145945,4.014130098235149,False
LT,2025-06-27,TRAIN,BULL,SUPPLY,DUAL (2-TF),2,False,False,True,False,True,10.0,85,-1.0,STOP,1,1,3.5121136829013486,0.0,False
LT,2025-07-11,TRAIN,SIDEWAYS,SUPPLY,TRIPLE (3-TF),3,False,False,True,True,True,11.5,92,2.0,T1,1,4,0.18446593726465682,3.142408267684328,True
LT,2025-07-18,TRAIN,SIDEWAYS,SUPPLY,DUAL (2-TF),2,False,False,False,True,True,10.0,85,-1.0,STOP,1,8,5.417841297716984,2.597282558461967,False
LT,2025-07-25,TRAIN,SIDEWAYS,SUPPLY,DUAL (2-TF),2,False,False,False,True,True,10.0,85,-1.0,STOP,1,3,6.277991648369572,1.8025311147737688,False
LT,2025-08-01,TRAIN,BULL,SUPPLY,TRIPLE (3-TF),3,False,False,True,True,True,11.5,92,-1.0,STOP,1,1,4.030525002310749,0.0,False
LT,2025-08-08,TRAIN,BULL,DEMAND,SINGLE (1-TF),1,False,False,False,False,True,8.5,78,-1.0,STOP,1,11,2.887945279282826,2.527472832652478,False
LT,2025-08-18,TRAIN,BULL,DEMAND,SINGLE (1-TF),1,False,False,False,False,True,8.5,78,-1.0,STOP,1,2,1.691724111158564,1.6448627155208186,False
LT,2025-08-25,TRAIN,BULL,SUPPLY,DUAL (2-TF),2,False,False,True,False,True,10.0,85,-1.0,STOP,1,23,5.034585877782587,2.6735232878243824,False
LT,2025-09-02,VALIDATION,SIDEWAYS,DEMAND,SINGLE (1-TF),1,False,False,False,False,True,8.5,78,2.0,T1,1,18,2.2950516106043777,5.443031937130175,True
LT,2025-09-09,VALIDATION,SIDEWAYS,SUPPLY,DUAL (2-TF),2,False,False,False,True,True,10.0,85,-1.0,STOP,4,2,2.2656941692314216,1.238669421139163,False
LT,2025-09-16,VALIDATION,BULL,SUPPLY,TRIPLE (3-TF),3,False,False,True,True,True,11.5,92,-1.0,STOP,1,1,4.940980586246161,0.0,False
LT,2025-09-30,VALIDATION,BULL,SUPPLY,DUAL (2-TF),2,False,False,True,False,True,10.0,85,-1.0,STOP,1,2,2.4170260227153566,1.1647553158007962,False
LT,2025-10-23,VALIDATION,BULL,SUPPLY,TRIPLE (3-TF),3,False,False,True,True,True,11.5,92,-1.0,STOP,1,1,3.54814473077177,0.0,False
LT,2025-10-30,VALIDATION,BULL,DEMAND,SINGLE (1-TF),1,False,False,False,False,True,8.5,78,-1.0,STOP,4,1,1.3176010396695657,1.687146956264394,False
LT,2025-11-07,VALIDATION,BULL,SUPPLY,DUAL (2-TF),2,False,False,True,False,True,10.0,85,-1.0,STOP,5,9,2.3640284119736186,1.3792491121258217,False
LT,2025-11-14,VALIDATION,BULL,SUPPLY,DUAL (2-TF),2,False,False,False,True,True,10.0,85,-1.0,STOP,1,8,3.8274101748644007,0.0,False
LT,2025-11-21,VALIDATION,BULL,DEMAND,DUAL (2-TF),2,False,False,False,True,True,10.0,85,-1.0,STOP,2,34,3.690927384275542,4.759599260654568,False
LT,2025-11-28,VALIDATION,BULL,DEMAND,DUAL (2-TF),2,False,False,False,True,True,10.0,85,-1.0,STOP,4,4,1.5922781554937055,0.8721295965457103,False
LT,2025-12-05,VALIDATION,BULL,SUPPLY,DUAL (2-TF),2,False,False,True,False,True,10.0,85,-1.0,STOP,1,18,2.8856247385074663,2.0195364661494053,False
LT,2025-12-12,VALIDATION,BULL,SUPPLY,SINGLE (1-TF),1,False,False,False,False,True,8.5,78,-1.0,STOP,1,1,2.8757777149321235,0.0,False
LT,2025-12-19,VALIDATION,BULL,DEMAND,DUAL (2-TF),2,False,False,False,True,True,10.0,85,-1.0,STOP,1,14,3.1858705377612644,2.9675142328159043,False
LT,2025-12-29,VALIDATION,BULL,SUPPLY,SINGLE (1-TF),1,False,False,False,False,True,8.5,78,-1.0,STOP,3,1,1.8269233153401399,0.5993042417450012,False
LT,2026-01-05,VALIDATION,BULL,DEMAND,DUAL (2-TF),2,False,False,False,True,True,10.0,85,-1.0,STOP,4,1,3.4087537091988107,0.2571711177052446,False
LT,2026-01-14,VALIDATION,BULL,DEMAND,SINGLE (1-TF),1,False,False,False,False,True,8.5,78,-1.0,STOP,1,1,6.8542929262136205,0.0,False
LT,2026-01-21,VALIDATION,SIDEWAYS,DEMAND,DUAL (2-TF),2,False,False,False,True,True,10.0,85,-1.0,STOP,1,1,4.3186402136866375,0.0,False
LT,2026-01-29,VALIDATION,BULL,DEMAND,TRIPLE (3-TF),3,False,True,False,True,True,11.5,92,2.0,T1,23,1,1.000462610933573,7.238000031904196,True
LT,2026-02-05,VALIDATION,BULL,SUPPLY,DUAL (2-TF),2,False,False,False,True,True,10.0,85,-1.0,STOP,1,2,2.6300714551320135,0.0,False
LT,2026-02-12,VALIDATION,BULL,DEMAND,SINGLE (1-TF),1,False,False,False,False,True,8.5,78,-1.0,STOP,12,1,8.59588444232794,0.6757801664780685,False
LT,2026-02-19,VALIDATION,BULL,DEMAND,SINGLE (1-TF),1,False,False,False,False,True,8.5,78,-1.0,STOP,7,1,10.508164177597891,0.0,False
LT,2026-02-27,VALIDATION,BULL,DEMAND,DUAL (2-TF),2,False,False,False,True,True,10.0,85,-1.0,STOP,1,1,8.106436365758304,0.0,False
LT,2026-03-09,TEST_OOS,SIDEWAYS,DEMAND,TRIPLE (3-TF),3,False,False,True,True,True,11.5,92,-1.0,STOP,1,3,6.205087696425422,0.5570339921110276,False
LT,2026-03-16,TEST_OOS,BEAR,SUPPLY,SINGLE (1-TF),1,False,False,False,False,True,8.5,78,-1.0,STOP,2,1,3.0937272919730128,2.2552110451843226,False
LT,2026-03-23,TEST_OOS,BEAR,DEMAND,ATZ (4-TF),4,True,True,True,True,True,13.0,100,2.0,T1,1,2,5.225796311818949,5.493853031573058,True
LT,2026-04-01,TEST_OOS,BEAR,SUPPLY,SINGLE (1-TF),1,False,False,False,False,True,8.5,78,-1.0,STOP,1,2,4.680698201319806,2.7982926822369323,False
LT,2026-04-09,TEST_OOS,SIDEWAYS,SUPPLY,ATZ (4-TF),4,True,True,True,True,True,13.0,100,-1.0,STOP,1,3,6.9082797823062,0.6044711929231106,False
LT,2026-04-17,TEST_OOS,BULL,DEMAND,SINGLE (1-TF),1,False,False,False,False,True,8.5,78,-1.0,STOP,5,13,3.5354558390852353,3.799038846210329,False
LT,2026-04-24,TEST_OOS,BULL,SUPPLY,TRIPLE (3-TF),3,False,True,True,False,True,11.5,92,-1.0,STOP,1,25,3.201806031605557,4.7535831877057815,False
LT,2026-05-01,TEST_OOS,BULL,SUPPLY,ATZ (4-TF),4,True,True,True,True,True,13.0,100,-1.0,STOP,1,1,3.232093797452095,0.0,False
LT,2026-05-08,TEST_OOS,BULL,DEMAND,DUAL (2-TF),2,False,False,True,False,True,10.0,85,-1.0,STOP,1,1,3.1862788258112196,0.0,False
LT,2026-05-15,TEST_OOS,SIDEWAYS,DEMAND,DUAL (2-TF),2,False,False,True,False,True,10.0,85,2.0,T1,1,10,1.8622994342870018,6.196602634848845,True
LT,2026-05-22,TEST_OOS,SIDEWAYS,DEMAND,DUAL (2-TF),2,False,False,True,False,True,10.0,85,2.0,T1,1,3,0.2838003681734483,4.0575782368582605,True
LT,2026-05-29,TEST_OOS,BULL,DEMAND,DUAL (2-TF),2,False,False,True,False,True,10.0,85,-1.0,STOP,3,7,1.8387408954311573,2.3022462181021774,False
LT,2026-06-05,TEST_OOS,SIDEWAYS,SUPPLY,DUAL (2-TF),2,False,True,False,False,True,10.0,85,-1.0,STOP,6,1,4.179643086657755,3.0846804093133664,False
LT,2026-06-12,TEST_OOS,BULL,SUPPLY,TRIPLE (3-TF),3,False,True,False,True,True,11.5,92,-1.0,STOP,1,1,8.757579667139714,0.0,False
LT,2026-06-19,TEST_OOS,BULL,DEMAND,DUAL (2-TF),2,False,False,False,True,True,10.0,85,-1.0,STOP,10,4,4.663156287404506,1.2230502864292117,False
LT,2026-06-26,TEST_OOS,BULL,SUPPLY,DUAL (2-TF),2,False,False,True,False,True,10.0,85,2.0,T1,1,4,1.4797136038186158,4.248210023866348,True
LT,2026-07-10,TEST_OOS,SIDEWAYS,DEMAND,ATZ (4-TF),4,True,True,True,True,True,13.0,100,-1.0,STOP,2,2,3.112820512820515,1.0,False
LT,2026-07-17,TEST_OOS,SIDEWAYS,SUPPLY,SINGLE (1-TF),1,False,False,False,False,True,8.5,78,-1.0,STOP,2,7,3.3647725205913686,3.343986281081919,False
LT,2026-07-24,TEST_OOS,BEAR,DEMAND,ATZ (4-TF),4,True,True,True,True,True,13.0,100,2.0,T1,1,3,2.477388910735352,4.291519203041023,True
LT,2026-08-14,TEST_OOS,SIDEWAYS,SUPPLY,SINGLE (1-TF),1,False,False,False,False,True,8.5,78,-1.0,STOP,1,6,1.267352121705268,0.7618906723870019,False
LT,2026-08-21,TEST_OOS,BULL,SUPPLY,DUAL (2-TF),2,False,False,False,True,True,10.0,85,-1.0,STOP,1,2,1.500873459144256,0.07135300051669638,False
AXISBANK,2022-06-16,TRAIN,BEAR,SUPPLY,SINGLE (1-TF),1,False,False,False,False,True,8.5,78,-1.0,STOP,17,6,3.483405526963178,0.8633050092820421,False
AXISBANK,2022-06-23,TRAIN,BEAR,DEMAND,SINGLE (1-TF),1,False,False,False,False,True,8.5,78,-1.0,STOP,1,4,3.3767865556777132,1.100989476990732,False
AXISBANK,2022-06-30,TRAIN,BEAR,DEMAND,SINGLE (1-TF),1,False,False,False,False,True,8.5,78,2.0,T1,1,6,3.159964421141332,5.252563082252698,True
AXISBANK,2022-07-07,TRAIN,BEAR,SUPPLY,SINGLE (1-TF),1,False,False,False,False,True,8.5,78,-1.0,STOP,1,1,5.654850483246922,0.0,False
AXISBANK,2022-07-14,TRAIN,BEAR,DEMAND,SINGLE (1-TF),1,False,False,False,False,True,8.5,78,2.0,T1,1,4,1.5025417247739412,6.7764331878776884,True
AXISBANK,2022-07-28,TRAIN,BULL,SUPPLY,SINGLE (1-TF),1,False,False,False,False,True,8.5,78,-1.0,STOP,1,7,2.749458523597328,2.0831321478334077,False
AXISBANK,2022-08-04,TRAIN,BULL,SUPPLY,SINGLE (1-TF),1,False,False,False,False,True,8.5,78,-1.0,STOP,1,2,3.0822249595172493,1.7660166359874319,False
AXISBANK,2022-08-12,TRAIN,BULL,SUPPLY,SINGLE (1-TF),1,False,False,False,False,True,8.5,78,-1.0,STOP,1,1,7.088970547296913,0.0,False
AXISBANK,2022-08-22,TRAIN,BULL,SUPPLY,SINGLE (1-TF),1,False,False,False,False,True,8.5,78,-1.0,STOP,13,1,2.144984845922709,1.8536103125772339,False
AXISBANK,2022-08-29,TRAIN,BULL,SUPPLY,SINGLE (1-TF),1,False,False,False,False,True,8.5,78,-1.0,STOP,2,3,1.8519516202893085,1.610861191175287,False
AXISBANK,2022-09-06,TRAIN,BULL,SUPPLY,SINGLE (1-TF),1,False,False,False,False,True,8.5,78,-1.0,STOP,1,1,2.2209950704415062,0.7986962260593249,False
AXISBANK,2022-09-13,TRAIN,BULL,SUPPLY,SINGLE (1-TF),1,False,False,False,False,True,8.5,78,-1.0,STOP,1,1,5.256443634470189,0.0,False
AXISBANK,2022-09-20,TRAIN,BULL,SUPPLY,SINGLE (1-TF),1,False,False,False,False,True,8.5,78,-1.0,STOP,1,1,2.744761207038096,0.0,False
AXISBANK,2022-09-27,TRAIN,BULL,DEMAND,DUAL (2-TF),2,False,False,False,True,True,10.0,85,-1.0,STOP,1,1,6.3135942190696435,0.0,False
AXISBANK,2022-10-12,TRAIN,BULL,SUPPLY,SINGLE (1-TF),1,False,False,False,False,True,8.5,78,-1.0,STOP,1,1,6.030183555706407,0.0,False
AXISBANK,2022-11-11,TRAIN,BULL,SUPPLY,SINGLE (1-TF),1,False,False,False,False,True,8.5,78,-1.0,STOP,8,12,8.281728400745878,0.39020235272450865,False
AXISBANK,2022-11-25,TRAIN,BULL,SUPPLY,DUAL (2-TF),2,False,False,False,True,True,10.0,85,-1.0,STOP,1,1,4.592390353180009,0.0,False
AXISBANK,2022-12-02,TRAIN,BULL,SUPPLY,DUAL (2-TF),2,False,False,False,True,True,10.0,85,-1.0,STOP,1,4,8.281728400745878,0.0,False
AXISBANK,2022-12-16,TRAIN,BULL,SUPPLY,SINGLE (1-TF),1,False,False,False,False,True,8.5,78,-1.0,STOP,1,2,4.05137365346893,0.0,False
AXISBANK,2022-12-23,TRAIN,BULL,SUPPLY,SINGLE (1-TF),1,False,False,False,False,True,8.5,78,-1.0,STOP,5,3,2.3157156071576637,2.9610964030918763,False
AXISBANK,2022-12-30,TRAIN,BULL,DEMAND,SINGLE (1-TF),1,False,False,False,False,True,8.5,78,2.0,T1,12,3,0.5809283851731203,3.262220950830131,True
AXISBANK,2023-01-06,TRAIN,BULL,DEMAND,DUAL (2-TF),2,False,False,False,True,True,10.0,85,-1.0,STOP,1,4,1.8691588785046689,2.3785419708223716,False
AXISBANK,2023-01-20,TRAIN,BULL,SUPPLY,SINGLE (1-TF),1,False,False,False,False,True,8.5,78,2.0,T1,1,3,0.5940104838016641,5.347168514221887,True
AXISBANK,2023-01-30,TRAIN,BULL,SUPPLY,SINGLE (1-TF),1,False,False,False,False,True,8.5,78,2.0,T1,5,3,0.09382958759662569,3.979938340556722,True
AXISBANK,2023-02-07,TRAIN,BULL,DEMAND,DUAL (2-TF),2,False,False,False,True,True,10.0,85,-1.0,STOP,1,10,4.078067170869637,1.7643272568446728,False
AXISBANK,2023-02-14,TRAIN,BULL,SUPPLY,SINGLE (1-TF),1,False,False,False,False,True,8.5,78,2.0,T1,1,19,0.7609223581654649,5.7971182089414155,True
AXISBANK,2023-02-21,TRAIN,BULL,SUPPLY,DUAL (2-TF),2,False,False,False,True,True,10.0,85,2.0,T1,7,1,0.05200268102710285,2.8566806110892857,True
AXISBANK,2023-02-28,TRAIN,BULL,DEMAND,SINGLE (1-TF),1,False,False,False,False,True,8.5,78,-1.0,STOP,9,1,2.690143705278748,2.024775124532635,False
AXISBANK,2023-03-08,TRAIN,BULL,SUPPLY,DUAL (2-TF),2,False,False,False,True,True,10.0,85,-1.0,STOP,1,1,3.333886806774516,0.0,False
AXISBANK,2023-03-15,TRAIN,SIDEWAYS,SUPPLY,SINGLE (1-TF),1,False,False,False,False,True,8.5,78,-1.0,STOP,5,15,4.249490013757773,2.363726932017642,False
AXISBANK,2023-03-22,TRAIN,BULL,SUPPLY,DUAL (2-TF),2,False,False,False,True,True,10.0,85,-1.0,STOP,1,7,4.685038415860792,0.23631207736493032,False
AXISBANK,2023-03-29,TRAIN,BULL,SUPPLY,SINGLE (1-TF),1,False,False,False,False,True,8.5,78,-1.0,STOP,1,2,3.2017585778457502,1.179155118034981,False
AXISBANK,2023-04-10,TRAIN,BULL,SUPPLY,SINGLE (1-TF),1,False,False,False,False,True,8.5,78,-1.0,STOP,4,1,2.083502700191633,2.198478601707212,False
AXISBANK,2023-04-18,TRAIN,BULL,SUPPLY,DUAL (2-TF),2,False,False,False,True,True,10.0,85,-1.0,STOP,1,2,2.776076509940645,0.0,False
AXISBANK,2023-04-25,TRAIN,BULL,SUPPLY,DUAL (2-TF),2,False,False,False,True,True,10.0,85,-1.0,STOP,1,1,3.5601183226031035,0.0,False
AXISBANK,2023-05-03,TRAIN,SIDEWAYS,SUPPLY,DUAL (2-TF),2,False,False,False,True,True,10.0,85,-1.0,STOP,3,4,2.110679766390779,2.1152335522945434,False
AXISBANK,2023-05-31,TRAIN,BULL,DEMAND,DUAL (2-TF),2,False,False,False,True,True,10.0,85,2.0,T1,1,3,1.1776753712237524,3.566798487869182,True
AXISBANK,2023-06-07,TRAIN,BULL,SUPPLY,SINGLE (1-TF),1,False,False,False,False,True,8.5,78,-1.0,STOP,1,1,3.3163939102597952,0.0,False
AXISBANK,2023-06-14,TRAIN,BULL,SUPPLY,SINGLE (1-TF),1,False,False,False,False,True,8.5,78,-1.0,STOP,1,1,1.6501139609954314,0.07734909192166084,False
AXISBANK,2023-06-21,TRAIN,BULL,SUPPLY,DUAL (2-TF),2,False,False,False,True,True,10.0,85,2.0,T1,6,8,0.9077898180331216,3.054590063381721,True
AXISBANK,2023-06-28,TRAIN,BULL,SUPPLY,DUAL (2-TF),2,False,False,False,True,True,10.0,85,-1.0,STOP,1,20,2.593854528078452,1.8625475245673393,False
AXISBANK,2023-07-06,TRAIN,BULL,SUPPLY,SINGLE (1-TF),1,False,False,False,False,True,8.5,78,2.0,T1,1,3,0.8510855683269518,3.109067688378028,True
AXISBANK,2023-07-13,TRAIN,BULL,SUPPLY,SINGLE (1-TF),1,False,False,False,False,True,8.5,78,-1.0,STOP,1,33,3.5217418429097265,3.8274377690436143,False
AXISBANK,2023-07-20,TRAIN,BULL,SUPPLY,DUAL (2-TF),2,False,False,False,True,True,10.0,85,-1.0,STOP,1,24,4.306355950027347,2.733142640811005,False
AXISBANK,2023-07-27,TRAIN,BULL,SUPPLY,DUAL (2-TF),2,False,False,False,True,True,10.0,85,2.0,T1,1,5,1.9047225976866842,4.564730645810334,True
AXISBANK,2023-08-03,TRAIN,BULL,SUPPLY,TRIPLE (3-TF),3,False,False,True,True,True,11.5,92,-1.0,STOP,14,1,2.83347502436395,0.8739917473614314,False
AXISBANK,2023-08-10,TRAIN,BULL,SUPPLY,TRIPLE (3-TF),3,False,False,True,True,True,11.5,92,-1.0,STOP,9,1,2.83347502436395,0.8739917473614314,False
AXISBANK,2023-08-18,TRAIN,BULL,SUPPLY,TRIPLE (3-TF),3,False,False,True,True,True,11.5,92,-1.0,STOP,2,2,3.204499171705022,0.6373123146887788,False
AXISBANK,2023-09-01,TRAIN,BULL,SUPPLY,DUAL (2-TF),2,False,False,True,False,True,10.0,85,-1.0,STOP,1,6,2.439273843006906,1.866530299156226,False
AXISBANK,2023-09-08,TRAIN,BULL,SUPPLY,TRIPLE (3-TF),3,False,False,True,True,True,11.5,92,-1.0,STOP,1,1,2.2980288019609847,0.9120620978449661,False
AXISBANK,2023-10-03,TRAIN,BULL,DEMAND,SINGLE (1-TF),1,False,False,False,False,True,8.5,78,-1.0,STOP,2,1,2.958998976941836,1.7667427402219285,False
AXISBANK,2023-10-10,TRAIN,BULL,DEMAND,DUAL (2-TF),2,False,False,True,False,True,10.0,85,-1.0,STOP,1,3,2.625521366176118,1.1775005902258626,False
AXISBANK,2023-10-17,TRAIN,BULL,SUPPLY,DUAL (2-TF),2,False,False,False,True,True,10.0,85,-1.0,STOP,15,5,2.6072578025806843,1.2962470841822382,False
AXISBANK,2023-10-25,TRAIN,SIDEWAYS,SUPPLY,SINGLE (1-TF),1,False,False,False,False,True,8.5,78,-1.0,STOP,3,7,4.3382616258249325,1.1940451220136157,False
AXISBANK,2023-11-01,TRAIN,BULL,SUPPLY,DUAL (2-TF),2,False,False,False,True,True,10.0,85,-1.0,STOP,2,2,3.694573722702399,0.6116708433488486,False
AXISBANK,2023-11-08,TRAIN,BULL,DEMAND,SINGLE (1-TF),1,False,False,False,False,True,8.5,78,3.5,T2,8,6,0.8596220906658035,9.308855729462323,True
AXISBANK,2023-11-16,TRAIN,BULL,SUPPLY,TRIPLE (3-TF),3,False,False,True,True,True,11.5,92,2.0,T1,1,2,2.5643550706083906,3.688968546274598,True
AXISBANK,2023-11-23,TRAIN,BULL,DEMAND,SINGLE (1-TF),1,False,False,False,False,True,8.5,78,2.0,T1,1,3,1.9210445741602264,6.502908728159838,True
AXISBANK,2023-12-11,TRAIN,BULL,SUPPLY,SINGLE (1-TF),1,False,False,False,False,True,8.5,78,2.0,T1,1,8,1.6375449218404237,4.878998707667261,True
AXISBANK,2023-12-18,TRAIN,BULL,SUPPLY,SINGLE (1-TF),1,False,False,False,False,True,8.5,78,2.0,T1,1,24,2.79451167976406,8.426693520832961,True
AXISBANK,2023-12-26,TRAIN,BULL,SUPPLY,SINGLE (1-TF),1,False,False,False,False,True,8.5,78,-1.0,STOP,8,1,1.7538051307748184,1.8030190502608217,False
AXISBANK,2024-01-02,TRAIN,BULL,SUPPLY,DUAL (2-TF),2,False,False,False,True,True,10.0,85,-1.0,STOP,3,1,1.7538051307748184,1.8030190502608217,False
AXISBANK,2024-01-09,TRAIN,BULL,DEMAND,DUAL (2-TF),2,False,False,False,True,True,10.0,85,-1.0,STOP,1,7,5.109261093413996,1.08145729046764,False
AXISBANK,2024-01-16,TRAIN,BULL,SUPPLY,DUAL (2-TF),2,False,False,False,True,True,10.0,85,2.0,T1,1,2,1.5075920930358275,4.054529542850446,True
AXISBANK,2024-02-09,TRAIN,BULL,SUPPLY,SINGLE (1-TF),1,False,False,False,False,True,8.5,78,-1.0,STOP,3,7,4.6347359673641995,1.5732416710735135,False
AXISBANK,2024-02-16,TRAIN,BULL,DEMAND,DUAL (2-TF),2,False,False,False,True,True,10.0,85,-1.0,STOP,1,23,3.9786929291605424,5.715275372358845,False
AXISBANK,2024-02-23,TRAIN,BULL,DEMAND,SINGLE (1-TF),1,False,False,False,False,True,8.5,78,2.0,T1,4,2,1.277146393608653,3.058774989685298,True
AXISBANK,2024-03-01,TRAIN,BULL,SUPPLY,SINGLE (1-TF),1,False,False,False,False,True,8.5,78,-1.0,STOP,1,3,3.2051692150214257,1.8964146339234305,False
AXISBANK,2024-03-11,TRAIN,BULL,DEMAND,SINGLE (1-TF),1,False,False,False,False,True,8.5,78,-1.0,STOP,1,1,1.628833351522414,1.7425151878933467,False
AXISBANK,2024-03-18,TRAIN,BULL,SUPPLY,SINGLE (1-TF),1,False,False,False,False,True,8.5,78,-1.0,STOP,12,13,5.641996270214597,7.839043987344699,False
AXISBANK,2024-03-26,TRAIN,SIDEWAYS,SUPPLY,SINGLE (1-TF),1,False,False,False,False,True,8.5,78,-1.0,STOP,2,5,2.8456137673140693,1.0083183882168825,False
AXISBANK,2024-04-03,TRAIN,BULL,DEMAND,TRIPLE (3-TF),3,False,False,True,True,True,11.5,92,-1.0,STOP,10,1,4.309962815251517,1.042328959790394,False
AXISBANK,2024-04-10,TRAIN,BULL,DEMAND,DUAL (2-TF),2,False,False,False,True,True,10.0,85,-1.0,STOP,3,2,4.453219467956468,0.9333434099153671,False
AXISBANK,2024-04-19,TRAIN,SIDEWAYS,DEMAND,TRIPLE (3-TF),3,False,False,True,True,True,11.5,92,5.0,T3,1,4,4.309962815251517,9.687301312062882,True
AXISBANK,2024-04-29,TRAIN,BULL,SUPPLY,DUAL (2-TF),2,False,False,False,True,True,10.0,85,-1.0,STOP,1,1,9.487757582505264,0.0,False
AXISBANK,2024-05-07,TRAIN,BULL,DEMAND,SINGLE (1-TF),1,False,False,False,False,True,8.5,78,2.0,T1,1,32,2.233968020291048,14.389982174371891,True
AXISBANK,2024-05-14,TRAIN,BULL,SUPPLY,DUAL (2-TF),2,False,False,False,True,True,10.0,85,-1.0,STOP,3,4,2.273623686355613,2.828443961399232,False
AXISBANK,2024-05-22,TRAIN,BULL,SUPPLY,SINGLE (1-TF),1,False,False,False,False,True,8.5,78,-1.0,STOP,2,1,2.9160932939495647,1.5645405860234491,False
AXISBANK,2024-05-29,TRAIN,BULL,DEMAND,DUAL (2-TF),2,False,False,False,True,True,10.0,85,2.0,T1,1,16,1.0168091805309376,9.74055021248043,True
AXISBANK,2024-06-07,TRAIN,BULL,DEMAND,DUAL (2-TF),2,False,False,False,True,True,10.0,85,2.0,T1,1,7,0.5323921756296002,5.997316675069846,True
AXISBANK,2024-06-14,TRAIN,BULL,SUPPLY,SINGLE (1-TF),1,False,False,False,False,True,8.5,78,-1.0,STOP,2,1,4.924037355349513,0.3248291263450079,False
AXISBANK,2024-06-24,TRAIN,BULL,SUPPLY,SINGLE (1-TF),1,False,False,False,False,True,8.5,78,-1.0,STOP,1,1,6.825604180274329,0.0,False
AXISBANK,2024-07-01,TRAIN,BULL,SUPPLY,SINGLE (1-TF),1,False,False,False,False,True,8.5,78,-1.0,STOP,3,6,1.584469848125631,2.927161334240987,False
AXISBANK,2024-07-08,TRAIN,BULL,SUPPLY,SINGLE (1-TF),1,False,False,False,False,True,8.5,78,-1.0,STOP,1,4,5.961718242461695,0.0,False
AXISBANK,2024-07-15,TRAIN,BULL,DEMAND,SINGLE (1-TF),1,False,False,False,False,True,8.5,78,-1.0,STOP,5,2,4.68978613454534,0.41481181707810033,False
AXISBANK,2024-07-30,TRAIN,BULL,DEMAND,DUAL (2-TF),2,False,False,False,True,True,10.0,85,-1.0,STOP,1,1,3.27501385227597,0.0,False
AXISBANK,2024-08-06,TRAIN,SIDEWAYS,DEMAND,DUAL (2-TF),2,False,False,False,True,True,10.0,85,2.0,T1,1,35,3.5424874834402957,9.159885071314283,True
AXISBANK,2024-08-13,TRAIN,BULL,DEMAND,SINGLE (1-TF),1,False,False,False,False,True,8.5,78,-1.0,STOP,1,1,1.8251861998116545,0.8201352623919318,False
AXISBANK,2024-08-21,TRAIN,BULL,SUPPLY,TRIPLE (3-TF),3,False,False,True,True,True,11.5,92,-1.0,STOP,1,1,1.2511700200084102,0.42077783788890527,False
AXISBANK,2024-08-28,TRAIN,BULL,SUPPLY,TRIPLE (3-TF),3,False,False,True,True,True,11.5,92,-1.0,STOP,1,3,2.3482240214302195,0.27474650342145646,False
AXISBANK,2024-09-04,TRAIN,BULL,DEMAND,SINGLE (1-TF),1,False,False,False,False,True,8.5,78,-1.0,STOP,1,2,2.226212460322176,1.0748112910500567,False
AXISBANK,2024-09-11,TRAIN,BULL,SUPPLY,TRIPLE (3-TF),3,False,False,True,True,True,11.5,92,-1.0,STOP,1,1,2.130439578154289,0.32155977702927896,False
AXISBANK,2024-09-25,TRAIN,BULL,SUPPLY,TRIPLE (3-TF),3,False,False,True,True,True,11.5,92,2.0,T1,1,36,3.421324884420155,9.497753063269858,True
AXISBANK,2024-10-03,TRAIN,SIDEWAYS,DEMAND,SINGLE (1-TF),1,False,False,False,False,True,8.5,78,-1.0,STOP,1,1,5.478258062433409,0.0,False
AXISBANK,2024-10-17,TRAIN,SIDEWAYS,SUPPLY,SINGLE (1-TF),1,False,False,False,False,True,8.5,78,-1.0,STOP,2,1,4.333052320079822,0.7131428178173842,False
AXISBANK,2024-10-24,TRAIN,SIDEWAYS,SUPPLY,DUAL (2-TF),2,False,False,True,False,True,10.0,85,2.0,T1,2,15,0.9618216548718046,5.77597886180229,True
AXISBANK,2024-10-31,TRAIN,SIDEWAYS,SUPPLY,DUAL (2-TF),2,False,False,True,False,True,10.0,85,2.0,T1,9,1,0.0,4.371893643413465,True
AXISBANK,2024-11-07,TRAIN,SIDEWAYS,DEMAND,SINGLE (1-TF),1,False,False,False,False,True,8.5,78,-1.0,STOP,1,6,4.304760276899401,1.2793778309546218,False
AXISBANK,2024-11-14,TRAIN,SIDEWAYS,DEMAND,DUAL (2-TF),2,False,False,False,True,True,10.0,85,-1.0,STOP,1,1,3.3932669577071013,0.0,False
AXISBANK,2024-11-25,TRAIN,SIDEWAYS,DEMAND,DUAL (2-TF),2,False,False,False,True,True,10.0,85,-1.0,STOP,1,1,1.6314944869117953,0.3062826773419801,False
AXISBANK,2024-12-02,TRAIN,SIDEWAYS,SUPPLY,DUAL (2-TF),2,False,False,True,False,True,10.0,85,-1.0,STOP,2,1,1.9906589465950628,0.6288593069428016,False
AXISBANK,2024-12-09,TRAIN,SIDEWAYS,DEMAND,SINGLE (1-TF),1,False,False,False,False,True,8.5,78,-1.0,STOP,2,1,1.4123513881938718,0.35373492312737365,False
AXISBANK,2024-12-23,TRAIN,BEAR,DEMAND,TRIPLE (3-TF),3,False,False,True,True,True,11.5,92,-1.0,STOP,1,13,8.182938834150711,0.0,False
AXISBANK,2025-01-07,TRAIN,BEAR,DEMAND,TRIPLE (3-TF),3,False,False,True,True,True,11.5,92,-1.0,STOP,1,3,3.2465469226024717,0.9840569687681039,False
AXISBANK,2025-01-21,TRAIN,BEAR,DEMAND,TRIPLE (3-TF),3,False,False,True,True,True,11.5,92,-1.0,STOP,1,1,7.226486402244219,0.0,False
AXISBANK,2025-01-28,TRAIN,BEAR,SUPPLY,SINGLE (1-TF),1,False,False,False,False,True,8.5,78,-1.0,STOP,1,4,3.5824162210154697,1.2368111333649954,False
AXISBANK,2025-02-03,TRAIN,BEAR,SUPPLY,SINGLE (1-TF),1,False,False,False,False,True,8.5,78,-1.0,STOP,1,1,4.834713303462662,0.0,False
AXISBANK,2025-02-10,TRAIN,BEAR,DEMAND,TRIPLE (3-TF),3,False,False,True,True,True,11.5,92,-1.0,STOP,1,5,4.16903841246786,0.6025870021787222,False
AXISBANK,2025-02-17,TRAIN,BEAR,DEMAND,TRIPLE (3-TF),3,False,False,True,True,True,11.5,92,2.0,T1,1,23,4.16903841246786,8.265452332816459,True
AXISBANK,2025-02-24,TRAIN,BEAR,DEMAND,DUAL (2-TF),2,False,False,True,False,True,10.0,85,2.0,T1,1,17,1.9134206851472255,6.347367065791159,True
AXISBANK,2025-03-04,TRAIN,BEAR,DEMAND,DUAL (2-TF),2,False,False,True,False,True,10.0,85,2.0,T1,1,3,1.324280454491468,3.788748564867976,True
AXISBANK,2025-03-11,TRAIN,BEAR,DEMAND,DUAL (2-TF),2,False,False,True,False,True,10.0,85,2.0,T1,2,2,0.2589559774838196,3.713368727316355,True
AXISBANK,2025-03-26,TRAIN,BEAR,SUPPLY,TRIPLE (3-TF),3,False,False,True,True,True,11.5,92,-1.0,STOP,1,12,5.303188258650543,6.566888161652042,False
AXISBANK,2025-04-03,TRAIN,BEAR,SUPPLY,DUAL (2-TF),2,False,False,False,True,True,10.0,85,-1.0,STOP,7,1,4.824256643956126,2.428371610341568,False
AXISBANK,2025-04-22,TRAIN,BULL,SUPPLY,TRIPLE (3-TF),3,False,False,True,True,True,11.5,92,-1.0,STOP,1,1,5.03901724255436,0.0,False
AXISBANK,2025-04-29,TRAIN,BULL,SUPPLY,TRIPLE (3-TF),3,False,False,True,True,True,11.5,92,2.0,T1,12,15,0.6083205742414597,4.9143082925865595,True
AXISBANK,2025-05-07,TRAIN,BULL,SUPPLY,TRIPLE (3-TF),3,False,False,True,True,True,11.5,92,-1.0,STOP,4,3,2.952092053754505,0.5838092494365351,False
AXISBANK,2025-05-14,TRAIN,BULL,DEMAND,SINGLE (1-TF),1,False,False,False,False,True,8.5,78,2.0,T1,17,1,0.7589887058335893,3.551445446067775,True
AXISBANK,2025-05-21,TRAIN,BULL,DEMAND,DUAL (2-TF),2,False,False,False,True,True,10.0,85,2.0,T1,12,1,0.7589887058335893,3.551445446067775,True
AXISBANK,2025-05-28,TRAIN,BULL,DEMAND,DUAL (2-TF),2,False,False,False,True,True,10.0,85,-1.0,STOP,1,5,2.348588837925604,1.0278214871605988,False
AXISBANK,2025-06-04,TRAIN,BULL,SUPPLY,TRIPLE (3-TF),3,False,False,True,True,True,11.5,92,-1.0,STOP,4,1,1.7028922792875285,0.7409971728361489,False
AXISBANK,2025-06-11,TRAIN,BULL,SUPPLY,TRIPLE (3-TF),3,False,False,True,True,True,11.5,92,-1.0,STOP,1,1,2.1883731856284427,0.3626682492190344,False
AXISBANK,2025-06-18,TRAIN,BULL,SUPPLY,TRIPLE (3-TF),3,False,False,True,True,True,11.5,92,2.0,T1,5,4,1.2672848544005144,3.1104603871807393,True
AXISBANK,2025-06-25,TRAIN,BULL,DEMAND,SINGLE (1-TF),1,False,False,False,False,True,8.5,78,-1.0,STOP,1,4,3.982924437338796,2.6000675770336943,False
AXISBANK,2025-07-02,TRAIN,BULL,DEMAND,SINGLE (1-TF),1,False,False,False,False,True,8.5,78,-1.0,STOP,1,12,7.298821117375691,0.8012984794122766,False
AXISBANK,2025-07-09,TRAIN,BULL,SUPPLY,TRIPLE (3-TF),3,False,False,True,True,True,11.5,92,2.0,T1,2,6,0.47724967828257514,7.5192391276557675,True
AXISBANK,2025-07-16,TRAIN,BULL,DEMAND,SINGLE (1-TF),1,False,False,False,False,True,8.5,78,-1.0,STOP,1,2,7.187820732124527,0.33356140951076496,False
AXISBANK,2025-07-23,TRAIN,SIDEWAYS,DEMAND,DUAL (2-TF),2,False,False,False,True,True,10.0,85,-1.0,STOP,1,1,8.437423772153386,0.0,False
AXISBANK,2025-07-30,TRAIN,BEAR,SUPPLY,SINGLE (1-TF),1,False,False,False,False,True,8.5,78,-1.0,STOP,31,2,2.5103536158012036,1.0094206526191367,False
AXISBANK,2025-08-06,TRAIN,BEAR,SUPPLY,DUAL (2-TF),2,False,False,False,True,True,10.0,85,-1.0,STOP,26,2,2.5103536158012036,1.0094206526191367,False
AXISBANK,2025-08-13,TRAIN,BEAR,DEMAND,DUAL (2-TF),2,False,False,True,False,True,10.0,85,-1.0,STOP,1,8,2.3298544074167356,2.050980721340833,False
AXISBANK,2025-08-21,TRAIN,SIDEWAYS,SUPPLY,DUAL (2-TF),2,False,False,False,True,True,10.0,85,2.0,T1,1,5,1.8687218242017263,2.570193980433605,True
AXISBANK,2025-08-29,TRAIN,BEAR,SUPPLY,DUAL (2-TF),2,False,False,False,True,True,10.0,85,-1.0,STOP,9,1,2.149310686694478,1.3926560541723656,False
AXISBANK,2025-09-05,VALIDATION,BEAR,DEMAND,DUAL (2-TF),2,False,False,True,False,True,10.0,85,2.0,T1,1,4,0.40902129764384276,3.8876047522567623,True
AXISBANK,2025-09-26,VALIDATION,BULL,DEMAND,SINGLE (1-TF),1,False,False,False,False,True,8.5,78,2.0,T1,2,4,1.6606618161466358,6.186162026024906,True
AXISBANK,2025-10-06,VALIDATION,BULL,SUPPLY,TRIPLE (3-TF),3,False,False,True,True,True,11.5,92,-1.0,STOP,1,1,5.3030500125746975,0.0,False
AXISBANK,2025-10-13,VALIDATION,BULL,SUPPLY,TRIPLE (3-TF),3,False,False,True,True,True,11.5,92,-1.0,STOP,1,5,3.940578841135394,1.7726693072317148,False
AXISBANK,2025-10-20,VALIDATION,BULL,SUPPLY,ATZ (4-TF),4,True,True,True,True,True,13.0,100,-1.0,STOP,1,1,5.916830666552568,0.0,False
AXISBANK,2025-10-28,VALIDATION,BULL,SUPPLY,ATZ (4-TF),4,True,True,True,True,True,13.0,100,-1.0,STOP,1,16,3.314752939664588,2.937255027950904,False
AXISBANK,2025-11-04,VALIDATION,BULL,SUPPLY,ATZ (4-TF),4,True,True,True,True,True,13.0,100,-1.0,STOP,2,7,1.8082656647678972,2.357694016886847,False
AXISBANK,2025-11-12,VALIDATION,BULL,SUPPLY,TRIPLE (3-TF),3,False,True,True,False,True,11.5,92,-1.0,STOP,3,1,1.8082656647678972,1.3404435825960606,False
AXISBANK,2025-11-19,VALIDATION,BULL,DEMAND,DUAL (2-TF),2,False,False,False,True,True,10.0,85,2.0,T1,20,9,0.5064283730580142,3.7786091189779945,True
AXISBANK,2025-11-26,VALIDATION,BULL,SUPPLY,TRIPLE (3-TF),3,False,True,True,False,True,11.5,92,-1.0,STOP,1,1,2.2746895653129475,0.4474027095336059,False
AXISBANK,2025-12-03,VALIDATION,BULL,SUPPLY,DUAL (2-TF),2,False,True,False,False,True,10.0,85,-1.0,STOP,2,29,3.69669432474916,4.743061366533467,False
AXISBANK,2025-12-10,VALIDATION,BULL,DEMAND,TRIPLE (3-TF),3,False,False,True,True,True,11.5,92,-1.0,STOP,1,4,3.966228774848008,1.5979901080553163,False
AXISBANK,2025-12-18,VALIDATION,BULL,DEMAND,TRIPLE (3-TF),3,False,False,True,True,True,11.5,92,2.0,T1,1,20,2.449064582265517,6.193939005638127,True
AXISBANK,2025-12-26,VALIDATION,BULL,SUPPLY,DUAL (2-TF),2,False,True,False,False,True,10.0,85,-1.0,STOP,2,1,1.5329681476973098,1.1515520389531388,False
AXISBANK,2026-01-09,VALIDATION,BULL,SUPPLY,ATZ (4-TF),4,True,True,True,True,True,13.0,100,-1.0,STOP,1,3,1.9305383201646165,1.2166004304048013,False
AXISBANK,2026-01-19,VALIDATION,BULL,SUPPLY,ATZ (4-TF),4,True,True,True,True,True,13.0,100,-1.0,STOP,1,1,3.124100761387769,0.0,False
AXISBANK,2026-01-27,VALIDATION,BULL,SUPPLY,DUAL (2-TF),2,False,True,False,False,True,10.0,85,-1.0,STOP,1,1,6.4185221766824005,0.6532846999167734,False
AXISBANK,2026-02-03,VALIDATION,BULL,DEMAND,TRIPLE (3-TF),3,False,False,True,True,True,11.5,92,-1.0,STOP,1,23,7.5455913110483355,4.003962866473412,False
AXISBANK,2026-02-10,VALIDATION,BULL,DEMAND,DUAL (2-TF),2,False,False,False,True,True,10.0,85,2.0,T1,3,7,1.7834604210699352,4.626690665212816,True
AXISBANK,2026-02-17,VALIDATION,BULL,SUPPLY,TRIPLE (3-TF),3,False,True,False,True,True,11.5,92,-1.0,STOP,1,1,1.914824351120195,0.16277486756045204,False
AXISBANK,2026-02-24,VALIDATION,BULL,DEMAND,DUAL (2-TF),2,False,False,False,True,True,10.0,85,-1.0,STOP,4,2,3.9172777600649216,1.0419987826439892,False
AXISBANK,2026-03-04,TEST_OOS,BULL,DEMAND,DUAL (2-TF),2,False,False,False,True,True,10.0,85,-1.0,STOP,1,1,5.0783151504739035,0.0,False
AXISBANK,2026-03-11,TEST_OOS,BULL,SUPPLY,DUAL (2-TF),2,False,True,False,False,True,10.0,85,-1.0,STOP,20,1,1.31967419847781,2.5050813761998714,False
AXISBANK,2026-03-18,TEST_OOS,BULL,SUPPLY,SINGLE (1-TF),1,False,False,False,False,True,8.5,78,-1.0,STOP,1,12,8.189372137327226,6.820963884722945,False
AXISBANK,2026-03-25,TEST_OOS,SIDEWAYS,SUPPLY,SINGLE (1-TF),1,False,False,False,False,True,8.5,78,-1.0,STOP,1,5,3.813062669892008,4.452313856538396,False
AXISBANK,2026-04-13,TEST_OOS,BULL,SUPPLY,ATZ (4-TF),4,True,True,True,True,True,13.0,100,-1.0,STOP,1,1,2.623770455320989,2.5050813761998714,False
AXISBANK,2026-04-21,TEST_OOS,BULL,SUPPLY,TRIPLE (3-TF),3,False,True,True,False,True,11.5,92,2.0,T1,1,6,2.6187558141251883,5.644315815897113,True
AXISBANK,2026-04-28,TEST_OOS,BULL,DEMAND,DUAL (2-TF),2,False,False,False,True,True,10.0,85,-1.0,STOP,1,1,5.9214545989915015,0.0,False
AXISBANK,2026-05-05,TEST_OOS,SIDEWAYS,SUPPLY,DUAL (2-TF),2,False,True,False,False,True,10.0,85,2.0,T1,2,8,1.0115919629057124,5.629057187016995,True
AXISBANK,2026-05-12,TEST_OOS,SIDEWAYS,SUPPLY,DUAL (2-TF),2,False,True,False,False,True,10.0,85,-1.0,STOP,10,1,1.8804676008361048,0.09290082836572311,False
AXISBANK,2026-05-19,TEST_OOS,SIDEWAYS,SUPPLY,SINGLE (1-TF),1,False,False,False,False,True,8.5,78,-1.0,STOP,3,1,2.726482295414104,0.7809321729697112,False
AXISBANK,2026-05-26,TEST_OOS,BULL,SUPPLY,TRIPLE (3-TF),3,False,True,True,False,True,11.5,92,2.0,T1,1,5,1.8804676008361048,3.697452968955639,True
AXISBANK,2026-06-02,TEST_OOS,SIDEWAYS,DEMAND,TRIPLE (3-TF),3,False,False,True,True,True,11.5,92,-1.0,STOP,1,1,4.28679315794802,0.0,False
AXISBANK,2026-06-09,TEST_OOS,BULL,DEMAND,TRIPLE (3-TF),3,False,False,True,True,True,11.5,92,-1.0,STOP,30,3,2.6454688460709144,2.52888615620484,False
AXISBANK,2026-06-16,TEST_OOS,BULL,SUPPLY,TRIPLE (3-TF),3,False,False,True,True,True,11.5,92,-1.0,STOP,1,6,4.674345138227596,0.0,False
AXISBANK,2026-06-23,TEST_OOS,BULL,DEMAND,SINGLE (1-TF),1,False,False,False,False,True,8.5,78,-1.0,STOP,1,8,1.8840101243534766,2.638934741939036,False
AXISBANK,2026-06-30,TEST_OOS,BULL,DEMAND,SINGLE (1-TF),1,False,False,False,False,True,8.5,78,-1.0,STOP,1,1,1.459870086975676,1.041506110315979,False
AXISBANK,2026-07-14,TEST_OOS,BULL,DEMAND,SINGLE (1-TF),1,False,False,False,False,True,8.5,78,-1.0,STOP,1,4,4.786224454794243,2.75251736044942,False
AXISBANK,2026-07-21,TEST_OOS,SIDEWAYS,DEMAND,ATZ (4-TF),4,True,True,True,True,True,13.0,100,-1.0,STOP,1,1,4.715812296732235,0.0,False
AXISBANK,2026-07-28,TEST_OOS,BEAR,SUPPLY,SINGLE (1-TF),1,False,False,False,False,True,8.5,78,-1.0,STOP,5,20,4.417670682730924,2.923694779116473,False
AXISBANK,2026-08-04,TEST_OOS,SIDEWAYS,SUPPLY,TRIPLE (3-TF),3,False,False,True,True,True,11.5,92,-1.0,STOP,1,19,4.417670682730924,2.923694779116473,False
AXISBANK,2026-08-11,TEST_OOS,BEAR,SUPPLY,DUAL (2-TF),2,False,False,True,False,True,10.0,85,-1.0,STOP,9,6,3.5031847133757963,2.0859872611465007,False
AXISBANK,2026-08-18,TEST_OOS,BEAR,SUPPLY,SINGLE (1-TF),1,False,False,False,False,True,8.5,78,-1.0,STOP,1,7,2.728744939271259,0.9392712550607214,False
AXISBANK,2026-08-25,TEST_OOS,BEAR,DEMAND,ATZ (4-TF),4,True,True,True,True,True,13.0,100,2.0,T1,1,4,1.0699058804601365,4.577266511141509,True
ASIANPAINT,2022-06-16,TRAIN,BEAR,DEMAND,SINGLE (1-TF),1,False,False,False,False,True,8.5,78,-1.0,STOP,1,1,4.719306677415845,1.4383497930264697,False
ASIANPAINT,2022-06-30,TRAIN,BEAR,SUPPLY,SINGLE (1-TF),1,False,False,False,False,True,8.5,78,-1.0,STOP,2,3,3.205166626708221,3.413824622392716,False
ASIANPAINT,2022-07-07,TRAIN,SIDEWAYS,SUPPLY,SINGLE (1-TF),1,False,False,False,False,True,8.5,78,-1.0,STOP,1,1,5.471184967633651,0.0,False
ASIANPAINT,2022-07-14,TRAIN,SIDEWAYS,SUPPLY,DUAL (2-TF),2,False,False,False,True,True,10.0,85,-1.0,STOP,1,1,3.8622363939415787,0.0,False
ASIANPAINT,2022-07-21,TRAIN,BULL,DEMAND,SINGLE (1-TF),1,False,False,False,False,True,8.5,78,2.0,T1,1,5,1.2208714496209245,8.68689029755723,True
ASIANPAINT,2022-07-28,TRAIN,BULL,SUPPLY,DUAL (2-TF),2,False,False,False,True,True,10.0,85,-1.0,STOP,1,1,9.291838722045592,0.0,False
ASIANPAINT,2022-08-04,TRAIN,BULL,DEMAND,SINGLE (1-TF),1,False,False,False,False,True,8.5,78,-1.0,STOP,11,5,3.094162434174213,4.3562714157882185,False
ASIANPAINT,2022-08-12,TRAIN,BULL,SUPPLY,SINGLE (1-TF),1,False,False,False,False,True,8.5,78,-1.0,STOP,2,1,2.521205770498912,0.09123675486220238,False
ASIANPAINT,2022-08-22,TRAIN,BULL,DEMAND,SINGLE (1-TF),1,False,False,False,False,True,8.5,78,-1.0,STOP,1,1,3.238203448736791,1.6833554094615546,False
ASIANPAINT,2022-08-29,TRAIN,BULL,SUPPLY,SINGLE (1-TF),1,False,False,False,False,True,8.5,78,2.0,T1,3,12,2.2673438988058963,5.2861956972967645,True
ASIANPAINT,2022-09-06,TRAIN,BULL,SUPPLY,SINGLE (1-TF),1,False,False,False,False,True,8.5,78,-1.0,STOP,1,15,5.580407629866046,2.525068482822752,False
ASIANPAINT,2022-09-13,TRAIN,BULL,SUPPLY,SINGLE (1-TF),1,False,False,False,False,True,8.5,78,2.0,T1,1,3,0.2607979087871487,4.071043282189975,True
ASIANPAINT,2022-09-20,TRAIN,BULL,SUPPLY,DUAL (2-TF),2,False,False,False,True,True,10.0,85,-1.0,STOP,1,5,3.080528020414174,2.3487339287466855,False
ASIANPAINT,2022-09-27,TRAIN,BULL,SUPPLY,DUAL (2-TF),2,False,False,False,True,True,10.0,85,-1.0,STOP,1,1,6.759570420983716,0.0,False
ASIANPAINT,2022-10-04,TRAIN,BULL,DEMAND,DUAL (2-TF),2,False,False,False,True,True,10.0,85,-1.0,STOP,1,2,4.301336057795796,0.0,False
ASIANPAINT,2022-11-03,TRAIN,SIDEWAYS,DEMAND,SINGLE (1-TF),1,False,False,False,False,True,8.5,78,-1.0,STOP,1,32,2.886378541886946,4.332579336929316,False
ASIANPAINT,2022-11-11,TRAIN,SIDEWAYS,SUPPLY,SINGLE (1-TF),1,False,False,False,False,True,8.5,78,-1.0,STOP,6,13,4.225790995567137,1.5402760233604704,False
ASIANPAINT,2022-11-18,TRAIN,SIDEWAYS,SUPPLY,DUAL (2-TF),2,False,False,False,True,True,10.0,85,-1.0,STOP,1,7,4.06710900603407,0.0,False
ASIANPAINT,2022-11-25,TRAIN,SIDEWAYS,SUPPLY,SINGLE (1-TF),1,False,False,False,False,True,8.5,78,-1.0,STOP,1,1,2.5881312031230435,0.1317029187393022,False
ASIANPAINT,2022-12-02,TRAIN,SIDEWAYS,DEMAND,DUAL (2-TF),2,False,False,False,True,True,10.0,85,-1.0,STOP,1,10,3.3798539492017166,2.7032902603156255,False
ASIANPAINT,2022-12-09,TRAIN,BULL,DEMAND,DUAL (2-TF),2,False,False,False,True,True,10.0,85,-1.0,STOP,2,4,3.523491588416177,2.1602065483727837,False
ASIANPAINT,2022-12-23,TRAIN,SIDEWAYS,SUPPLY,DUAL (2-TF),2,False,False,False,True,True,10.0,85,2.0,T1,4,7,0.4215190630252398,5.704956585861673,True
ASIANPAINT,2022-12-30,TRAIN,SIDEWAYS,DEMAND,SINGLE (1-TF),1,False,False,False,False,True,8.5,78,-1.0,STOP,2,2,1.8428023926845627,0.9810822850885662,False
ASIANPAINT,2023-01-13,TRAIN,BEAR,SUPPLY,SINGLE (1-TF),1,False,False,False,False,True,8.5,78,2.0,T1,5,1,0.4475168784819476,6.0583387780049405,True
ASIANPAINT,2023-01-30,TRAIN,BEAR,SUPPLY,SINGLE (1-TF),1,False,False,False,False,True,8.5,78,-1.0,STOP,9,6,1.8193250266945986,1.4669935746946339,False
ASIANPAINT,2023-02-06,TRAIN,BEAR,SUPPLY,DUAL (2-TF),2,False,False,False,True,True,10.0,85,-1.0,STOP,1,3,2.7917059878038093,0.9387803057005218,False
ASIANPAINT,2023-02-13,TRAIN,BEAR,DEMAND,SINGLE (1-TF),1,False,False,False,False,True,8.5,78,2.0,T1,2,3,0.5060390330033548,2.812329770648238,True
ASIANPAINT,2023-02-20,TRAIN,BEAR,SUPPLY,DUAL (2-TF),2,False,False,False,True,True,10.0,85,-1.0,STOP,1,7,2.241664555169702,3.248103378891972,False
ASIANPAINT,2023-02-27,TRAIN,BEAR,SUPPLY,DUAL (2-TF),2,False,False,False,True,True,10.0,85,-1.0,STOP,2,1,2.0515338153470912,2.4498646195959375,False
ASIANPAINT,2023-03-06,TRAIN,BEAR,DEMAND,SINGLE (1-TF),1,False,False,False,False,True,8.5,78,2.0,T1,6,1,0.35810984556277525,4.23454493200829,True
ASIANPAINT,2023-03-14,TRAIN,BEAR,DEMAND,DUAL (2-TF),2,False,False,False,True,True,10.0,85,2.0,T1,1,1,0.35810984556277525,4.23454493200829,True
ASIANPAINT,2023-03-21,TRAIN,BEAR,SUPPLY,SINGLE (1-TF),1,False,False,False,False,True,8.5,78,2.0,T1,1,8,1.2982084868829271,4.959681833108324,True
ASIANPAINT,2023-03-28,TRAIN,BEAR,SUPPLY,DUAL (2-TF),2,False,False,False,True,True,10.0,85,-1.0,STOP,15,7,3.4843635914518334,0.5608692019601381,False
ASIANPAINT,2023-04-06,TRAIN,BEAR,SUPPLY,DUAL (2-TF),2,False,False,False,True,True,10.0,85,-1.0,STOP,10,7,3.4843635914518334,0.5608692019601381,False
ASIANPAINT,2023-05-02,TRAIN,BEAR,SUPPLY,SINGLE (1-TF),1,False,False,False,False,True,8.5,78,-1.0,STOP,1,1,2.2592745481630403,0.1364036111061158,False
ASIANPAINT,2023-05-23,TRAIN,SIDEWAYS,SUPPLY,SINGLE (1-TF),1,False,False,False,False,True,8.5,78,-1.0,STOP,1,6,3.6610805109574485,0.6649813329761808,False
ASIANPAINT,2023-06-13,TRAIN,BULL,SUPPLY,TRIPLE (3-TF),3,False,False,True,True,True,11.5,92,-1.0,STOP,1,1,2.303170473161809,0.3321448074266709,False
ASIANPAINT,2023-06-20,TRAIN,BULL,DEMAND,DUAL (2-TF),2,False,False,False,True,True,10.0,85,2.0,T1,1,7,1.575361150916721,4.712600067103359,True
ASIANPAINT,2023-06-27,TRAIN,BULL,DEMAND,DUAL (2-TF),2,False,False,False,True,True,10.0,85,2.0,T1,1,14,1.5533835801142046,5.95474061600978,True
ASIANPAINT,2023-07-05,TRAIN,BULL,DEMAND,SINGLE (1-TF),1,False,False,False,False,True,8.5,78,2.0,T1,4,5,0.9637394207624878,4.419597794859855,True
ASIANPAINT,2023-07-12,TRAIN,BULL,SUPPLY,TRIPLE (3-TF),3,False,False,True,True,True,11.5,92,-1.0,STOP,1,2,1.1650662452898897,1.0927434058587588,False
ASIANPAINT,2023-07-19,TRAIN,BULL,DEMAND,SINGLE (1-TF),1,False,False,False,False,True,8.5,78,-1.0,STOP,5,1,2.2959598575980826,0.0,False
ASIANPAINT,2023-07-27,TRAIN,BULL,DEMAND,DUAL (2-TF),2,False,False,False,True,True,10.0,85,-1.0,STOP,1,1,3.16133558219025,0.0,False
ASIANPAINT,2023-08-03,TRAIN,BULL,SUPPLY,TRIPLE (3-TF),3,False,False,True,True,True,11.5,92,2.0,T1,1,39,1.7074702210727826,5.693432472086137,True
ASIANPAINT,2023-08-10,TRAIN,BULL,DEMAND,SINGLE (1-TF),1,False,False,False,False,True,8.5,78,-1.0,STOP,1,1,4.780448876571321,0.0,False
ASIANPAINT,2023-08-25,TRAIN,BULL,SUPPLY,TRIPLE (3-TF),3,False,False,True,True,True,11.5,92,-1.0,STOP,1,1,2.9027458318713992,0.0,False
ASIANPAINT,2023-09-01,TRAIN,BULL,DEMAND,DUAL (2-TF),2,False,False,False,True,True,10.0,85,-1.0,STOP,1,3,2.142597250565556,0.03986521759763857,False
ASIANPAINT,2023-09-08,TRAIN,BULL,SUPPLY,DUAL (2-TF),2,False,False,True,False,True,10.0,85,-1.0,STOP,1,3,1.517468608226185,0.3170305760506175,False
ASIANPAINT,2023-09-15,TRAIN,BULL,DEMAND,DUAL (2-TF),2,False,False,False,True,True,10.0,85,-1.0,STOP,1,1,2.300799148251194,0.0,False
ASIANPAINT,2023-09-25,TRAIN,BULL,SUPPLY,DUAL (2-TF),2,False,False,True,False,True,10.0,85,-1.0,STOP,1,1,2.917997666366999,0.0,False
ASIANPAINT,2023-10-03,TRAIN,BULL,DEMAND,DUAL (2-TF),2,False,False,False,True,True,10.0,85,-1.0,STOP,1,1,3.7710197682818025,0.0,False
ASIANPAINT,2023-10-10,TRAIN,SIDEWAYS,SUPPLY,TRIPLE (3-TF),3,False,False,True,True,True,11.5,92,2.0,T1,27,4,0.8618412150189122,2.6715466747427383,True
ASIANPAINT,2023-10-17,TRAIN,SIDEWAYS,SUPPLY,TRIPLE (3-TF),3,False,False,True,True,True,11.5,92,-1.0,STOP,22,10,2.2116800475377425,1.584482325169851,False
ASIANPAINT,2023-10-25,TRAIN,SIDEWAYS,SUPPLY,DUAL (2-TF),2,False,False,True,False,True,10.0,85,-1.0,STOP,12,5,3.8648609194182053,2.188395795732032,False
ASIANPAINT,2023-11-01,TRAIN,BEAR,DEMAND,DUAL (2-TF),2,False,False,False,True,True,10.0,85,2.0,T1,1,24,3.9690143992307774,8.344985661711183,True
ASIANPAINT,2023-11-16,TRAIN,SIDEWAYS,SUPPLY,TRIPLE (3-TF),3,False,False,True,True,True,11.5,92,-1.0,STOP,1,1,5.567058283987757,0.0,False
ASIANPAINT,2023-11-23,TRAIN,SIDEWAYS,SUPPLY,TRIPLE (3-TF),3,False,False,True,True,True,11.5,92,-1.0,STOP,1,7,3.4170352638301904,1.0189371923568133,False
ASIANPAINT,2023-12-01,TRAIN,SIDEWAYS,DEMAND,SINGLE (1-TF),1,False,False,False,False,True,8.5,78,2.0,T1,1,2,0.2460076979772408,3.1656702972729462,True
ASIANPAINT,2023-12-08,TRAIN,BULL,DEMAND,SINGLE (1-TF),1,False,False,False,False,True,8.5,78,-1.0,STOP,30,1,5.471178379936391,0.0,False
ASIANPAINT,2023-12-15,TRAIN,BULL,SUPPLY,TRIPLE (3-TF),3,False,False,True,True,True,11.5,92,-1.0,STOP,1,1,2.583235291319557,0.301261174411193,False
ASIANPAINT,2023-12-22,TRAIN,BULL,SUPPLY,DUAL (2-TF),2,False,False,True,False,True,10.0,85,-1.0,STOP,1,1,1.6769602660879994,1.4673788724644607,False
ASIANPAINT,2024-01-01,TRAIN,BULL,DEMAND,SINGLE (1-TF),1,False,False,False,False,True,8.5,78,-1.0,STOP,6,4,2.9118572927597035,1.0536386642799929,False
ASIANPAINT,2024-01-15,TRAIN,BULL,SUPPLY,TRIPLE (3-TF),3,False,False,True,True,True,11.5,92,2.0,T1,2,3,0.6549740511473856,8.393359594822728,True
ASIANPAINT,2024-02-01,TRAIN,BEAR,SUPPLY,SINGLE (1-TF),1,False,False,False,False,True,8.5,78,-1.0,STOP,1,11,3.22964199656973,1.2717942962165423,False
ASIANPAINT,2024-02-08,TRAIN,BEAR,SUPPLY,SINGLE (1-TF),1,False,False,False,False,True,8.5,78,-1.0,STOP,1,5,3.0037296397491007,0.8769218882793877,False
ASIANPAINT,2024-02-15,TRAIN,BEAR,SUPPLY,SINGLE (1-TF),1,False,False,False,False,True,8.5,78,-1.0,STOP,1,1,2.6378102408693147,0.0,False
ASIANPAINT,2024-02-22,TRAIN,BEAR,SUPPLY,DUAL (2-TF),2,False,False,False,True,True,10.0,85,2.0,T1,1,2,1.583824710018547,4.436231763696269,True
ASIANPAINT,2024-02-29,TRAIN,BEAR,SUPPLY,SINGLE (1-TF),1,False,False,False,False,True,8.5,78,2.0,T1,6,7,0.9444155284742519,2.498339824470087,True
ASIANPAINT,2024-03-07,TRAIN,BEAR,SUPPLY,SINGLE (1-TF),1,False,False,False,False,True,8.5,78,-1.0,STOP,1,1,2.2883611852574655,0.23815853201120013,False
ASIANPAINT,2024-03-15,TRAIN,BEAR,DEMAND,SINGLE (1-TF),1,False,False,False,False,True,8.5,78,2.0,T1,2,28,2.185320103996873,5.6592971823847185,True
ASIANPAINT,2024-03-22,TRAIN,BEAR,SUPPLY,SINGLE (1-TF),1,False,False,False,False,True,8.5,78,-1.0,STOP,1,7,3.398807410573896,1.352712307725753,False
ASIANPAINT,2024-04-02,TRAIN,BEAR,SUPPLY,DUAL (2-TF),2,False,False,True,False,True,10.0,85,-1.0,STOP,1,1,2.7458579524017113,0.0,False
ASIANPAINT,2024-04-09,TRAIN,BEAR,SUPPLY,TRIPLE (3-TF),3,False,False,True,True,True,11.5,92,-1.0,STOP,1,14,4.111513531381606,3.618189396225866,False
ASIANPAINT,2024-04-18,TRAIN,BEAR,SUPPLY,DUAL (2-TF),2,False,False,False,True,True,10.0,85,-1.0,STOP,9,1,3.6311810190053215,0.9813809431843399,False
ASIANPAINT,2024-04-25,TRAIN,BEAR,DEMAND,SINGLE (1-TF),1,False,False,False,False,True,8.5,78,-1.0,STOP,1,9,6.200393411266917,5.283520559904668,False
ASIANPAINT,2024-05-03,TRAIN,BEAR,SUPPLY,TRIPLE (3-TF),3,False,False,True,True,True,11.5,92,-1.0,STOP,1,1,4.425185760071297,0.0,False
ASIANPAINT,2024-05-13,TRAIN,BEAR,SUPPLY,SINGLE (1-TF),1,False,False,False,False,True,8.5,78,2.0,T1,1,3,1.172667548389653,3.751527098566777,True
ASIANPAINT,2024-05-21,TRAIN,BEAR,SUPPLY,DUAL (2-TF),2,False,False,False,True,True,10.0,85,-1.0,STOP,1,2,1.9223365941937842,2.2731279434992007,False
ASIANPAINT,2024-05-28,TRAIN,BEAR,SUPPLY,TRIPLE (3-TF),3,False,False,True,True,True,11.5,92,-1.0,STOP,1,4,2.252913990370687,1.0190477211719662,False
ASIANPAINT,2024-06-04,TRAIN,BEAR,DEMAND,SINGLE (1-TF),1,False,False,False,False,True,8.5,78,2.0,T1,1,1,3.883207404339194,4.826960707297211,True
ASIANPAINT,2024-06-11,TRAIN,BEAR,SUPPLY,TRIPLE (3-TF),3,False,False,True,True,True,11.5,92,-1.0,STOP,1,20,6.800992141347745,0.0,False
ASIANPAINT,2024-06-19,TRAIN,BEAR,SUPPLY,TRIPLE (3-TF),3,False,False,True,True,True,11.5,92,2.0,T1,1,5,0.7637558652443638,2.1253712458042724,True
ASIANPAINT,2024-06-26,TRAIN,BEAR,SUPPLY,TRIPLE (3-TF),3,False,False,True,True,True,11.5,92,-1.0,STOP,2,4,2.216455794787547,1.3866566599876828,False
ASIANPAINT,2024-07-03,TRAIN,SIDEWAYS,DEMAND,SINGLE (1-TF),1,False,False,False,False,True,8.5,78,2.0,T1,1,18,2.5726850036412534,6.2030838608481345,True
ASIANPAINT,2024-07-11,TRAIN,SIDEWAYS,SUPPLY,DUAL (2-TF),2,False,False,True,False,True,10.0,85,-1.0,STOP,1,1,3.9542617806875366,0.0,False
ASIANPAINT,2024-07-19,TRAIN,SIDEWAYS,SUPPLY,DUAL (2-TF),2,False,False,True,False,True,10.0,85,-1.0,STOP,8,1,3.2957041426163265,0.9718887810525944,False
ASIANPAINT,2024-07-26,TRAIN,SIDEWAYS,SUPPLY,DUAL (2-TF),2,False,False,True,False,True,10.0,85,-1.0,STOP,1,2,3.3567115086754353,1.145124519239139,False
ASIANPAINT,2024-08-02,TRAIN,BULL,DEMAND,SINGLE (1-TF),1,False,False,False,False,True,8.5,78,2.0,T1,5,9,1.299314826395498,6.442535142336657,True
ASIANPAINT,2024-08-09,TRAIN,SIDEWAYS,DEMAND,TRIPLE (3-TF),3,False,False,True,True,True,11.5,92,2.0,T1,1,22,4.30262368766187,9.150283722064426,True
ASIANPAINT,2024-08-19,TRAIN,BULL,SUPPLY,DUAL (2-TF),2,False,False,True,False,True,10.0,85,-1.0,STOP,1,1,2.8593555543531255,0.0,False
ASIANPAINT,2024-08-26,TRAIN,BULL,DEMAND,SINGLE (1-TF),1,False,False,False,False,True,8.5,78,2.0,T1,4,6,0.338661743071256,5.887250981592471,True
ASIANPAINT,2024-09-02,TRAIN,BULL,SUPPLY,DUAL (2-TF),2,False,False,True,False,True,10.0,85,-1.0,STOP,1,2,3.107351950676132,0.45625874307029723,False
ASIANPAINT,2024-09-09,TRAIN,BULL,DEMAND,SINGLE (1-TF),1,False,False,False,False,True,8.5,78,-1.0,STOP,18,1,3.4883458270542005,1.9255281729909768,False
ASIANPAINT,2024-09-16,TRAIN,BULL,DEMAND,SINGLE (1-TF),1,False,False,False,False,True,8.5,78,-1.0,STOP,3,4,1.6371847365533623,0.9059998078276158,False
ASIANPAINT,2024-09-23,TRAIN,BULL,SUPPLY,DUAL (2-TF),2,False,False,True,False,True,10.0,85,2.0,T1,1,8,1.3645122007614805,7.795538976153411,True
ASIANPAINT,2024-09-30,TRAIN,BULL,SUPPLY,DUAL (2-TF),2,False,False,True,False,True,10.0,85,2.0,T1,1,2,2.4577443721486767,4.60573878792412,True
ASIANPAINT,2024-10-15,TRAIN,SIDEWAYS,SUPPLY,SINGLE (1-TF),1,False,False,False,False,True,8.5,78,2.0,T1,1,17,1.4529671980636,7.6527835739921475,True
ASIANPAINT,2024-10-22,TRAIN,SIDEWAYS,SUPPLY,SINGLE (1-TF),1,False,False,False,False,True,8.5,78,2.0,T1,1,7,0.06884888672018427,4.478185597882388,True
ASIANPAINT,2024-10-29,TRAIN,SIDEWAYS,SUPPLY,SINGLE (1-TF),1,False,False,False,False,True,8.5,78,2.0,T1,1,7,0.6966049424647032,6.0541117013327534,True
ASIANPAINT,2024-11-12,TRAIN,BEAR,DEMAND,DUAL (2-TF),2,False,False,False,True,True,10.0,85,-1.0,STOP,1,1,7.021954989752787,0.0,False
ASIANPAINT,2024-11-21,TRAIN,BEAR,SUPPLY,SINGLE (1-TF),1,False,False,False,False,True,8.5,78,-1.0,STOP,2,2,1.5919571199973788,2.2431375130092,False
ASIANPAINT,2024-11-28,TRAIN,BEAR,DEMAND,DUAL (2-TF),2,False,False,False,True,True,10.0,85,-1.0,STOP,1,7,4.710776093645713,0.0398873386190848,False
ASIANPAINT,2024-12-12,TRAIN,BEAR,SUPPLY,DUAL (2-TF),2,False,False,False,True,True,10.0,85,2.0,T1,1,24,1.1747956043206538,7.694996461972599,True
ASIANPAINT,2024-12-27,TRAIN,BEAR,SUPPLY,SINGLE (1-TF),1,False,False,False,False,True,8.5,78,-1.0,STOP,1,4,2.8741947876741154,1.1194796608503734,False
ASIANPAINT,2025-01-03,TRAIN,BEAR,DEMAND,SINGLE (1-TF),1,False,False,False,False,True,8.5,78,2.0,T1,2,3,1.0806414129676896,3.5087327267201873,True
ASIANPAINT,2025-01-10,TRAIN,BEAR,DEMAND,DUAL (2-TF),2,False,False,False,True,True,10.0,85,-1.0,STOP,2,1,2.425075269391049,0.4055875015009357,False
ASIANPAINT,2025-01-17,TRAIN,BEAR,SUPPLY,DUAL (2-TF),2,False,False,False,True,True,10.0,85,-1.0,STOP,1,2,3.350554177382286,1.2253351236941952,False
ASIANPAINT,2025-01-24,TRAIN,BEAR,DEMAND,DUAL (2-TF),2,False,False,False,True,True,10.0,85,3.5,T2,3,4,1.2035409513574484,6.69939253740858,True
ASIANPAINT,2025-01-31,TRAIN,BEAR,SUPPLY,SINGLE (1-TF),1,False,False,False,False,True,8.5,78,-1.0,STOP,1,1,6.565943686697557,0.31017341513665203,False
ASIANPAINT,2025-02-07,TRAIN,BEAR,SUPPLY,SINGLE (1-TF),1,False,False,False,False,True,8.5,78,-1.0,STOP,29,10,4.671417609652424,1.476878842134034,False
ASIANPAINT,2025-02-14,TRAIN,BEAR,SUPPLY,SINGLE (1-TF),1,False,False,False,False,True,8.5,78,-1.0,STOP,14,2,1.0069299415693023,3.8345976097764773,False
ASIANPAINT,2025-02-21,TRAIN,BEAR,DEMAND,DUAL (2-TF),2,False,False,False,True,True,10.0,85,-1.0,STOP,3,2,2.709861543581613,0.9254742485650674,False
ASIANPAINT,2025-03-03,TRAIN,BEAR,SUPPLY,SINGLE (1-TF),1,False,False,False,False,True,8.5,78,-1.0,STOP,4,1,1.426826887719657,2.796453588403793,False
ASIANPAINT,2025-03-10,TRAIN,BEAR,SUPPLY,TRIPLE (3-TF),3,False,False,True,True,True,11.5,92,-1.0,STOP,1,1,3.5847196890141646,0.0,False
ASIANPAINT,2025-03-18,TRAIN,BEAR,SUPPLY,TRIPLE (3-TF),3,False,False,True,True,True,11.5,92,-1.0,STOP,2,2,2.806950803635722,0.0,False
ASIANPAINT,2025-03-25,TRAIN,BEAR,SUPPLY,DUAL (2-TF),2,False,False,True,False,True,10.0,85,-1.0,STOP,1,1,4.139776911267197,0.0,False
ASIANPAINT,2025-04-02,TRAIN,BEAR,DEMAND,TRIPLE (3-TF),3,False,False,True,True,True,11.5,92,2.0,T1,1,3,0.4605006559585804,5.199358224302397,True
ASIANPAINT,2025-04-11,TRAIN,BEAR,DEMAND,SINGLE (1-TF),1,False,False,False,False,True,8.5,78,-1.0,STOP,16,2,4.7130455855497315,2.1074769995066607,False
ASIANPAINT,2025-04-22,TRAIN,BEAR,DEMAND,DUAL (2-TF),2,False,False,False,True,True,10.0,85,-1.0,STOP,1,10,4.023500314434879,3.116914908434026,False
ASIANPAINT,2025-04-29,TRAIN,BEAR,SUPPLY,DUAL (2-TF),2,False,False,True,False,True,10.0,85,2.0,T1,1,5,1.0204039168196017,5.36710820359804,True
ASIANPAINT,2025-05-07,TRAIN,BEAR,DEMAND,DUAL (2-TF),2,False,False,False,True,True,10.0,85,-1.0,STOP,1,1,6.930906081919734,0.0,False
ASIANPAINT,2025-05-14,TRAIN,BEAR,DEMAND,TRIPLE (3-TF),3,False,False,True,True,True,11.5,92,-1.0,STOP,1,1,2.3254282239190687,0.5813570559797772,False
ASIANPAINT,2025-05-21,TRAIN,BEAR,DEMAND,TRIPLE (3-TF),3,False,False,True,True,True,11.5,92,-1.0,STOP,1,7,2.7601792050085847,1.4055898245321041,False
ASIANPAINT,2025-05-28,TRAIN,BEAR,DEMAND,DUAL (2-TF),2,False,False,True,False,True,10.0,85,-1.0,STOP,1,2,3.9406021438126513,0.0,False
ASIANPAINT,2025-06-04,TRAIN,BEAR,DEMAND,DUAL (2-TF),2,False,False,True,False,True,10.0,85,-1.0,STOP,1,1,2.765026060858996,0.0,False
ASIANPAINT,2025-06-11,TRAIN,BEAR,DEMAND,DUAL (2-TF),2,False,False,True,False,True,10.0,85,-1.0,STOP,1,1,3.001660436330708,0.0,False
ASIANPAINT,2025-07-04,TRAIN,SIDEWAYS,SUPPLY,DUAL (2-TF),2,False,False,False,True,True,10.0,85,-1.0,STOP,1,1,2.8883575997537516,0.0,False
ASIANPAINT,2025-07-11,TRAIN,SIDEWAYS,SUPPLY,DUAL (2-TF),2,False,False,False,True,True,10.0,85,2.0,T1,1,11,1.8151787857965,4.93761745883248,True
ASIANPAINT,2025-07-18,TRAIN,SIDEWAYS,DEMAND,DUAL (2-TF),2,False,False,True,False,True,10.0,85,-1.0,STOP,1,1,2.037351443123935,0.0,False
ASIANPAINT,2025-07-25,TRAIN,SIDEWAYS,SUPPLY,DUAL (2-TF),2,False,False,False,True,True,10.0,85,-1.0,STOP,3,1,2.879258282652142,2.121804958958888,False
ASIANPAINT,2025-08-08,TRAIN,BULL,DEMAND,SINGLE (1-TF),1,False,False,False,False,True,8.5,78,2.0,T1,2,4,0.4021469724078009,5.4064146545639575,True
ASIANPAINT,2025-08-18,TRAIN,BULL,SUPPLY,TRIPLE (3-TF),3,False,False,True,True,True,11.5,92,-1.0,STOP,1,1,4.464191305055105,0.0,False
ASIANPAINT,2025-08-25,TRAIN,BULL,DEMAND,DUAL (2-TF),2,False,False,False,True,True,10.0,85,-1.0,STOP,1,20,3.9823574533367356,2.8988749680388626,False
ASIANPAINT,2025-09-02,VALIDATION,BULL,DEMAND,SINGLE (1-TF),1,False,False,False,False,True,8.5,78,-1.0,STOP,11,5,2.45114155251141,0.8393708777270356,False
ASIANPAINT,2025-09-09,VALIDATION,BULL,DEMAND,DUAL (2-TF),2,False,False,False,True,True,10.0,85,-1.0,STOP,1,4,2.7637410388803367,0.0,False
ASIANPAINT,2025-09-16,VALIDATION,BULL,DEMAND,SINGLE (1-TF),1,False,False,False,False,True,8.5,78,-1.0,STOP,1,1,2.705461767626619,0.0,False
ASIANPAINT,2025-09-23,VALIDATION,BULL,SUPPLY,DUAL (2-TF),2,False,False,False,True,True,10.0,85,2.0,T1,1,2,0.07245138023948622,3.7874162535309943,True
ASIANPAINT,2025-09-30,VALIDATION,SIDEWAYS,SUPPLY,SINGLE (1-TF),1,False,False,False,False,True,8.5,78,-1.0,STOP,12,1,5.536621547228327,1.5435302423506378,False
ASIANPAINT,2025-10-08,VALIDATION,SIDEWAYS,DEMAND,DUAL (2-TF),2,False,False,False,True,True,10.0,85,-1.0,STOP,1,4,1.9291527868402099,0.6799684055084372,False
ASIANPAINT,2025-10-15,VALIDATION,SIDEWAYS,SUPPLY,DUAL (2-TF),2,False,False,True,False,True,10.0,85,-1.0,STOP,1,1,2.8901684464539485,1.181658529882821,False
ASIANPAINT,2025-10-24,VALIDATION,BULL,SUPPLY,TRIPLE (3-TF),3,False,False,True,True,True,11.5,92,-1.0,STOP,1,1,5.241194985732948,0.0,False
ASIANPAINT,2025-10-31,VALIDATION,BULL,DEMAND,SINGLE (1-TF),1,False,False,False,False,True,8.5,78,3.5,T2,2,2,0.8755280225504938,5.172803708878862,True
ASIANPAINT,2025-11-25,VALIDATION,BULL,SUPPLY,ATZ (4-TF),4,True,True,True,True,True,13.0,100,-1.0,STOP,1,5,2.3602120739958394,1.579400517984807,False
ASIANPAINT,2025-12-02,VALIDATION,BULL,SUPPLY,ATZ (4-TF),4,True,True,True,True,True,13.0,100,-1.0,STOP,1,1,3.2406725447696676,0.5145093748027213,False
ASIANPAINT,2025-12-09,VALIDATION,BULL,DEMAND,DUAL (2-TF),2,False,False,False,True,True,10.0,85,-1.0,STOP,1,1,3.0995986610350634,1.2439755340962948,False
ASIANPAINT,2025-12-16,VALIDATION,BULL,SUPPLY,ATZ (4-TF),4,True,True,True,True,True,13.0,100,-1.0,STOP,1,14,2.482680031500761,1.5971750940848912,False
ASIANPAINT,2025-12-23,VALIDATION,BULL,DEMAND,SINGLE (1-TF),1,False,False,False,False,True,8.5,78,-1.0,STOP,3,1,1.6185973607538262,0.5177624823572518,False
ASIANPAINT,2025-12-31,VALIDATION,BULL,SUPPLY,ATZ (4-TF),4,True,True,True,True,True,13.0,100,-1.0,STOP,1,4,2.2581603018605607,1.4144281813770558,False
ASIANPAINT,2026-01-07,VALIDATION,BULL,DEMAND,SINGLE (1-TF),1,False,False,False,False,True,8.5,78,2.0,T1,2,1,0.09022282855843632,3.0333788085493447,True
ASIANPAINT,2026-01-14,VALIDATION,BULL,DEMAND,SINGLE (1-TF),1,False,False,False,False,True,8.5,78,-1.0,STOP,1,2,2.654576610024264,2.0701842067685363,False
ASIANPAINT,2026-01-21,VALIDATION,BULL,SUPPLY,DUAL (2-TF),2,False,False,True,False,True,10.0,85,5.0,T3,3,1,1.0127045729139916,11.034306008128,True
ASIANPAINT,2026-01-30,VALIDATION,BEAR,SUPPLY,SINGLE (1-TF),1,False,False,False,False,True,8.5,78,2.0,T1,3,3,1.311683738925978,4.261252109580835,True
ASIANPAINT,2026-02-06,VALIDATION,BEAR,SUPPLY,SINGLE (1-TF),1,False,False,False,False,True,8.5,78,2.0,T1,1,20,3.2635794892268812,8.939166776387035,True
ASIANPAINT,2026-02-13,VALIDATION,BEAR,SUPPLY,SINGLE (1-TF),1,False,False,False,False,True,8.5,78,2.0,T1,1,11,2.0135776983367646,5.012335733346761,True
ASIANPAINT,2026-02-20,VALIDATION,BEAR,DEMAND,TRIPLE (3-TF),3,False,True,True,False,True,11.5,92,-1.0,STOP,1,6,4.742949953294221,2.060944718881755,False
ASIANPAINT,2026-02-27,VALIDATION,BEAR,DEMAND,ATZ (4-TF),4,True,True,True,True,True,13.0,100,-1.0,STOP,1,1,5.640260422310944,0.0,False
ASIANPAINT,2026-03-09,TEST_OOS,BEAR,DEMAND,TRIPLE (3-TF),3,False,True,True,False,True,11.5,92,-1.0,STOP,1,1,8.80476393024245,0.0,False
ASIANPAINT,2026-03-16,TEST_OOS,BEAR,SUPPLY,SINGLE (1-TF),1,False,False,False,False,True,8.5,78,2.0,T1,2,4,0.8350394000618159,6.066579160749567,True
ASIANPAINT,2026-03-23,TEST_OOS,BEAR,SUPPLY,SINGLE (1-TF),1,False,False,False,False,True,8.5,78,-1.0,STOP,3,7,4.55439825261296,4.147787786342234,False
ASIANPAINT,2026-04-01,TEST_OOS,BEAR,SUPPLY,SINGLE (1-TF),1,False,False,False,False,True,8.5,78,-1.0,STOP,1,4,5.024569801809649,3.7167491704292113,False
ASIANPAINT,2026-04-09,TEST_OOS,BEAR,SUPPLY,TRIPLE (3-TF),3,False,True,False,True,True,11.5,92,-1.0,STOP,1,1,6.822426517253259,0.0,False
ASIANPAINT,2026-04-24,TEST_OOS,SIDEWAYS,DEMAND,SINGLE (1-TF),1,False,False,False,False,True,8.5,78,-1.0,STOP,1,3,4.128134765160285,0.0,False
ASIANPAINT,2026-05-01,TEST_OOS,SIDEWAYS,SUPPLY,ATZ (4-TF),4,True,True,True,True,True,13.0,100,-1.0,STOP,2,3,3.784682684667123,1.9328915139549956,False
ASIANPAINT,2026-05-08,TEST_OOS,BULL,SUPPLY,ATZ (4-TF),4,True,True,True,True,True,13.0,100,-1.0,STOP,1,1,5.900254769765125,0.0,False
ASIANPAINT,2026-05-22,TEST_OOS,BULL,DEMAND,DUAL (2-TF),2,False,False,False,True,True,10.0,85,2.0,T1,1,16,1.095768476705326,7.747881168973179,True
ASIANPAINT,2026-05-29,TEST_OOS,BULL,DEMAND,DUAL (2-TF),2,False,False,False,True,True,10.0,85,3.5,T2,1,1,0.8792597470320191,4.86028905188394,True
ASIANPAINT,2026-06-05,TEST_OOS,BULL,DEMAND,DUAL (2-TF),2,False,False,False,True,True,10.0,85,-1.0,STOP,1,27,4.769111513048607,3.6628400575837,False
ASIANPAINT,2026-06-12,TEST_OOS,BULL,DEMAND,DUAL (2-TF),2,False,False,False,True,True,10.0,85,2.0,T1,12,2,0.4676956223234545,3.287524702901385,True
ASIANPAINT,2026-06-26,TEST_OOS,BULL,SUPPLY,ATZ (4-TF),4,True,True,True,True,True,13.0,100,-1.0,STOP,4,1,1.864257268241199,3.1516319171473977,False
ASIANPAINT,2026-07-03,TEST_OOS,BULL,DEMAND,DUAL (2-TF),2,False,True,False,False,True,10.0,85,-1.0,STOP,4,4,2.938299473288183,2.6410835214446884,False
ASIANPAINT,2026-07-10,TEST_OOS,BULL,SUPPLY,DUAL (2-TF),2,False,False,True,False,True,10.0,85,2.0,T1,1,2,0.15418502202642503,5.290014684287809,True
ASIANPAINT,2026-07-17,TEST_OOS,BULL,DEMAND,TRIPLE (3-TF),3,False,True,False,True,True,11.5,92,2.0,T1,6,5,0.7913669064748237,6.399091253313138,True
ASIANPAINT,2026-07-24,TEST_OOS,BULL,DEMAND,TRIPLE (3-TF),3,False,True,False,True,True,11.5,92,2.0,T1,1,5,2.52604166666667,4.538690476190476,True
ASIANPAINT,2026-08-03,TEST_OOS,BULL,DEMAND,DUAL (2-TF),2,False,True,False,False,True,10.0,85,-1.0,STOP,5,8,4.029222935576704,1.8928492362187361,False
ASIANPAINT,2026-08-10,TEST_OOS,BULL,SUPPLY,SINGLE (1-TF),1,False,False,False,False,True,8.5,78,2.0,T1,1,6,0.05434782608695652,5.431159420289858,True
ASIANPAINT,2026-08-17,TEST_OOS,BULL,DEMAND,ATZ (4-TF),4,True,True,True,True,True,13.0,100,-1.0,STOP,1,1,4.740875912408763,0.0,False
MARUTI,2022-06-16,TRAIN,SIDEWAYS,DEMAND,SINGLE (1-TF),1,False,False,False,False,True,8.5,78,-1.0,STOP,1,1,3.577602087506785,1.1999730610207482,False
MARUTI,2022-06-23,TRAIN,BULL,SUPPLY,SINGLE (1-TF),1,False,False,False,False,True,8.5,78,-1.0,STOP,1,1,7.102754265609379,0.39060202439324687,False
MARUTI,2022-07-07,TRAIN,BULL,DEMAND,SINGLE (1-TF),1,False,False,False,False,True,8.5,78,2.0,T1,2,5,1.3363248722449264,3.6431319389538537,True
MARUTI,2022-07-14,TRAIN,BULL,SUPPLY,SINGLE (1-TF),1,False,False,False,False,True,8.5,78,-1.0,STOP,1,1,4.109146055888842,0.020195712561734566,False
MARUTI,2022-07-21,TRAIN,BULL,SUPPLY,SINGLE (1-TF),1,False,False,False,False,True,8.5,78,-1.0,STOP,1,1,3.4085288750393,0.0,False
MARUTI,2022-07-28,TRAIN,BULL,SUPPLY,SINGLE (1-TF),1,False,False,False,False,True,8.5,78,-1.0,STOP,1,1,3.7279279410585877,0.0,False
MARUTI,2022-08-04,TRAIN,BULL,DEMAND,SINGLE (1-TF),1,False,False,False,False,True,8.5,78,-1.0,STOP,1,10,3.827110668107346,1.4029056033645424,False
MARUTI,2022-08-12,TRAIN,BULL,DEMAND,SINGLE (1-TF),1,False,False,False,False,True,8.5,78,-1.0,STOP,1,1,3.2542123539178,0.8164245546906876,False
MARUTI,2022-08-22,TRAIN,BULL,DEMAND,SINGLE (1-TF),1,False,False,False,False,True,8.5,78,-1.0,STOP,1,1,2.847505953940445,0.0,False
MARUTI,2022-08-29,TRAIN,BULL,DEMAND,SINGLE (1-TF),1,False,False,False,False,True,8.5,78,2.0,T1,1,1,1.8397833535032704,4.7194080738386015,True
MARUTI,2022-09-06,TRAIN,BULL,DEMAND,SINGLE (1-TF),1,False,False,False,False,True,8.5,78,2.0,T1,2,9,1.1794866359783445,6.74424711752356,True
MARUTI,2022-09-13,TRAIN,BULL,SUPPLY,SINGLE (1-TF),1,False,False,False,False,True,8.5,78,-1.0,STOP,1,2,4.90785052438652,0.7093642874113362,False
MARUTI,2022-09-20,TRAIN,BULL,DEMAND,SINGLE (1-TF),1,False,False,False,False,True,8.5,78,-1.0,STOP,5,1,3.3087075158242616,3.3800558721437493,False
MARUTI,2022-09-27,TRAIN,BULL,DEMAND,SINGLE (1-TF),1,False,False,False,False,True,8.5,78,-1.0,STOP,1,1,3.42530117127318,0.0,False
MARUTI,2022-10-04,TRAIN,BULL,DEMAND,DUAL (2-TF),2,False,False,False,True,True,10.0,85,3.5,T2,1,16,2.3184864480161216,8.88844078049938,True
MARUTI,2022-10-12,TRAIN,BULL,DEMAND,DUAL (2-TF),2,False,False,False,True,True,10.0,85,-1.0,STOP,1,1,2.147206912773875,0.07228455942559306,False
MARUTI,2022-10-19,TRAIN,BULL,DEMAND,SINGLE (1-TF),1,False,False,False,False,True,8.5,78,3.5,T2,1,6,1.7009658559873397,9.017624823199544,True
MARUTI,2022-10-27,TRAIN,BULL,SUPPLY,DUAL (2-TF),2,False,False,False,True,True,10.0,85,-1.0,STOP,1,1,8.954869584207673,0.0,False
MARUTI,2022-11-18,TRAIN,BULL,SUPPLY,DUAL (2-TF),2,False,False,False,True,True,10.0,85,2.0,T1,7,19,0.07524566336828323,10.710957163718787,True
MARUTI,2022-11-25,TRAIN,BULL,SUPPLY,DUAL (2-TF),2,False,False,False,True,True,10.0,85,2.0,T1,1,18,1.309187815025852,7.768881870949669,True
MARUTI,2022-12-09,TRAIN,SIDEWAYS,SUPPLY,DUAL (2-TF),2,False,False,False,True,True,10.0,85,2.0,T1,1,8,0.5322506924629288,4.921767501918371,True
MARUTI,2022-12-16,TRAIN,SIDEWAYS,SUPPLY,DUAL (2-TF),2,False,False,False,True,True,10.0,85,-1.0,STOP,28,4,2.598242618005102,3.445428193295312,False
MARUTI,2022-12-23,TRAIN,BEAR,SUPPLY,SINGLE (1-TF),1,False,False,False,False,True,8.5,78,-1.0,STOP,9,14,2.271787004865757,3.228341748037278,False
MARUTI,2022-12-30,TRAIN,SIDEWAYS,DEMAND,SINGLE (1-TF),1,False,False,False,False,True,8.5,78,2.0,T1,3,17,0.6777669639021099,7.026180017210352,True
MARUTI,2023-01-06,TRAIN,SIDEWAYS,SUPPLY,SINGLE (1-TF),1,False,False,False,False,True,8.5,78,-1.0,STOP,1,5,1.5537646570432138,1.4437669191435818,False
MARUTI,2023-01-13,TRAIN,SIDEWAYS,SUPPLY,SINGLE (1-TF),1,False,False,False,False,True,8.5,78,-1.0,STOP,1,1,2.6666666666666656,0.0,False
MARUTI,2023-01-20,TRAIN,SIDEWAYS,SUPPLY,SINGLE (1-TF),1,False,False,False,False,True,8.5,78,-1.0,STOP,1,2,3.822795536933283,0.22746475906823288,False
MARUTI,2023-01-30,TRAIN,BULL,DEMAND,DUAL (2-TF),2,False,False,False,True,True,10.0,85,-1.0,STOP,31,3,2.198774192282019,2.6526861775213026,False
MARUTI,2023-02-06,TRAIN,BULL,DEMAND,SINGLE (1-TF),1,False,False,False,False,True,8.5,78,-1.0,STOP,1,12,3.938700796796503,0.0,False
MARUTI,2023-02-20,TRAIN,SIDEWAYS,SUPPLY,DUAL (2-TF),2,False,False,False,True,True,10.0,85,2.0,T1,1,16,0.8496158588636994,3.8116522811344,True
MARUTI,2023-02-27,TRAIN,SIDEWAYS,SUPPLY,SINGLE (1-TF),1,False,False,False,False,True,8.5,78,2.0,T1,31,5,0.7169867613177747,3.8948861416498697,True
MARUTI,2023-03-06,TRAIN,SIDEWAYS,SUPPLY,DUAL (2-TF),2,False,False,False,True,True,10.0,85,2.0,T1,1,9,1.3573612135270192,5.684455456418292,True
MARUTI,2023-03-14,TRAIN,SIDEWAYS,SUPPLY,DUAL (2-TF),2,False,False,False,True,True,10.0,85,2.0,T1,2,2,0.9269377643008992,3.842962148131526,True
MARUTI,2023-03-21,TRAIN,BEAR,SUPPLY,SINGLE (1-TF),1,False,False,False,False,True,8.5,78,-1.0,STOP,9,7,4.8894883890679495,0.7152491967163418,False
MARUTI,2023-03-28,TRAIN,BEAR,SUPPLY,SINGLE (1-TF),1,False,False,False,False,True,8.5,78,-1.0,STOP,1,3,3.8116854424810622,1.5004286399462168,False
MARUTI,2023-04-06,TRAIN,SIDEWAYS,SUPPLY,DUAL (2-TF),2,False,False,False,True,True,10.0,85,-1.0,STOP,1,1,3.53096089620367,0.0,False
MARUTI,2023-04-17,TRAIN,SIDEWAYS,DEMAND,SINGLE (1-TF),1,False,False,False,False,True,8.5,78,2.0,T1,6,8,1.3491590457280755,5.305709030675106,True
MARUTI,2023-04-24,TRAIN,SIDEWAYS,DEMAND,DUAL (2-TF),2,False,False,False,True,True,10.0,85,-1.0,STOP,1,1,3.1076452694573518,0.0,False
MARUTI,2023-05-02,TRAIN,SIDEWAYS,SUPPLY,DUAL (2-TF),2,False,False,False,True,True,10.0,85,-1.0,STOP,1,1,3.149474216490802,0.0,False
MARUTI,2023-05-23,TRAIN,BULL,SUPPLY,SINGLE (1-TF),1,False,False,False,False,True,8.5,78,-1.0,STOP,1,1,2.6194829774850876,0.0,False
MARUTI,2023-05-30,TRAIN,BULL,DEMAND,DUAL (2-TF),2,False,False,False,True,True,10.0,85,2.0,T1,2,3,0.6448011853671584,3.858607753978035,True
MARUTI,2023-06-13,TRAIN,BULL,SUPPLY,DUAL (2-TF),2,False,False,True,False,True,10.0,85,-1.0,STOP,13,3,3.3937429873039897,1.7151969341859603,False
MARUTI,2023-06-20,TRAIN,BULL,SUPPLY,DUAL (2-TF),2,False,False,True,False,True,10.0,85,-1.0,STOP,7,1,3.173200934172224,1.2344885581330491,False
MARUTI,2023-06-27,TRAIN,BULL,SUPPLY,TRIPLE (3-TF),3,False,False,True,True,True,11.5,92,-1.0,STOP,1,2,4.790433074002282,0.08507917120273283,False
MARUTI,2023-07-05,TRAIN,BULL,SUPPLY,SINGLE (1-TF),1,False,False,False,False,True,8.5,78,-1.0,STOP,1,1,4.890217173869551,0.0,False
MARUTI,2023-07-12,TRAIN,BULL,SUPPLY,DUAL (2-TF),2,False,False,True,False,True,10.0,85,2.0,T1,1,23,1.0126197258069032,5.129106902775617,True
MARUTI,2023-07-19,TRAIN,BULL,SUPPLY,DUAL (2-TF),2,False,False,False,True,True,10.0,85,-1.0,STOP,1,30,5.308799330577137,3.1750139642816375,False
MARUTI,2023-07-26,TRAIN,BULL,SUPPLY,TRIPLE (3-TF),3,False,False,True,True,True,11.5,92,2.0,T1,1,13,1.7696103089914716,3.8577376301734794,True
MARUTI,2023-08-02,TRAIN,BULL,DEMAND,SINGLE (1-TF),1,False,False,False,False,True,8.5,78,-1.0,STOP,1,6,3.173185694279907,0.559094254489366,False
MARUTI,2023-08-09,TRAIN,BULL,DEMAND,DUAL (2-TF),2,False,False,True,False,True,10.0,85,-1.0,STOP,1,1,3.173185694279907,0.0,False
MARUTI,2023-08-17,TRAIN,BULL,SUPPLY,DUAL (2-TF),2,False,False,False,True,True,10.0,85,-1.0,STOP,5,4,1.5178474006998302,0.9848182850376961,False
MARUTI,2023-09-08,TRAIN,BULL,SUPPLY,SINGLE (1-TF),1,False,False,False,False,True,8.5,78,-1.0,STOP,1,1,2.8055019372877203,0.0,False
MARUTI,2023-09-15,TRAIN,BULL,DEMAND,SINGLE (1-TF),1,False,False,False,False,True,8.5,78,-1.0,STOP,3,9,2.971439218399095,3.0868002767079776,False
MARUTI,2023-09-25,TRAIN,BULL,SUPPLY,SINGLE (1-TF),1,False,False,False,False,True,8.5,78,-1.0,STOP,1,2,2.09479687085914,0.0,False
MARUTI,2023-10-03,TRAIN,BULL,DEMAND,DUAL (2-TF),2,False,False,False,True,True,10.0,85,-1.0,STOP,1,1,5.096917034055714,0.7326454724875041,False
MARUTI,2023-10-10,TRAIN,BULL,SUPPLY,DUAL (2-TF),2,False,False,False,True,True,10.0,85,-1.0,STOP,1,4,4.483988246426616,0.7421684346830043,False
MARUTI,2023-10-17,TRAIN,BULL,DEMAND,DUAL (2-TF),2,False,False,False,True,True,10.0,85,-1.0,STOP,1,8,3.1745815293355615,2.496067325440389,False
MARUTI,2023-10-25,TRAIN,BULL,DEMAND,DUAL (2-TF),2,False,False,False,True,True,10.0,85,-1.0,STOP,1,1,3.6701585985399277,0.0,False
MARUTI,2023-11-01,TRAIN,BULL,SUPPLY,SINGLE (1-TF),1,False,False,False,False,True,8.5,78,-1.0,STOP,7,18,4.720288176870626,1.181059221768444,False
MARUTI,2023-11-08,TRAIN,BULL,SUPPLY,DUAL (2-TF),2,False,False,False,True,True,10.0,85,-1.0,STOP,1,1,1.686390532544375,0.15274295456824355,False
MARUTI,2023-11-16,TRAIN,BULL,SUPPLY,DUAL (2-TF),2,False,False,False,True,True,10.0,85,-1.0,STOP,1,1,3.130279678935407,0.0,False
MARUTI,2023-11-23,TRAIN,BULL,SUPPLY,DUAL (2-TF),2,False,False,False,True,True,10.0,85,-1.0,STOP,1,5,2.4666128782123495,1.0091224433307173,False
MARUTI,2023-12-01,TRAIN,BULL,SUPPLY,DUAL (2-TF),2,False,False,False,True,True,10.0,85,-1.0,STOP,1,1,2.4666128782123495,0.7143656397783174,False
MARUTI,2023-12-08,TRAIN,BULL,SUPPLY,DUAL (2-TF),2,False,False,False,True,True,10.0,85,2.0,T1,1,2,0.9117061639348818,3.284251635545895,True
MARUTI,2023-12-18,TRAIN,BULL,SUPPLY,DUAL (2-TF),2,False,False,False,True,True,10.0,85,-1.0,STOP,31,2,2.9881009759917507,1.3446649922716376,False
MARUTI,2023-12-26,TRAIN,BULL,SUPPLY,DUAL (2-TF),2,False,False,False,True,True,10.0,85,2.0,T1,2,16,0.9873712978581863,5.413874053347875,True
MARUTI,2024-01-02,TRAIN,BULL,DEMAND,SINGLE (1-TF),1,False,False,False,False,True,8.5,78,-1.0,STOP,3,10,2.748528621628787,2.2685679819008775,False
MARUTI,2024-01-09,TRAIN,BULL,SUPPLY,DUAL (2-TF),2,False,False,False,True,True,10.0,85,-1.0,STOP,3,13,6.290696187968203,3.3738143328305132,False
MARUTI,2024-01-16,TRAIN,BULL,SUPPLY,DUAL (2-TF),2,False,False,False,True,True,10.0,85,-1.0,STOP,1,9,2.2864660972978355,2.731508552886238,False
MARUTI,2024-01-24,TRAIN,SIDEWAYS,DEMAND,DUAL (2-TF),2,False,False,False,True,True,10.0,85,2.0,T1,1,5,1.92082117514423,7.697066284236369,True
MARUTI,2024-03-01,TRAIN,BULL,SUPPLY,SINGLE (1-TF),1,False,False,False,False,True,8.5,78,-1.0,STOP,1,1,2.2978781802242025,1.0512041040568396,False
MARUTI,2024-03-11,TRAIN,BULL,SUPPLY,SINGLE (1-TF),1,False,False,False,False,True,8.5,78,-1.0,STOP,6,2,3.6991380735437023,1.9812399013823891,False
MARUTI,2024-03-18,TRAIN,BULL,DEMAND,SINGLE (1-TF),1,False,False,False,False,True,8.5,78,2.0,T1,1,2,1.292664044285119,4.427618242109369,True
MARUTI,2024-04-10,TRAIN,BULL,DEMAND,SINGLE (1-TF),1,False,False,False,False,True,8.5,78,-1.0,STOP,2,1,3.6748156899499054,1.3447868471596123,False
MARUTI,2024-04-26,TRAIN,BULL,DEMAND,SINGLE (1-TF),1,False,False,False,False,True,8.5,78,-1.0,STOP,1,25,5.165222970805266,2.135154437571246,False
MARUTI,2024-05-06,TRAIN,BULL,SUPPLY,SINGLE (1-TF),1,False,False,False,False,True,8.5,78,2.0,T1,13,6,1.0524317745709717,4.584968951827077,True
MARUTI,2024-05-13,TRAIN,BULL,DEMAND,SINGLE (1-TF),1,False,False,False,False,True,8.5,78,-1.0,STOP,4,12,2.7845306423971303,4.699112367850895,False
MARUTI,2024-05-21,TRAIN,BULL,SUPPLY,DUAL (2-TF),2,False,False,False,True,True,10.0,85,-1.0,STOP,3,1,2.088876331934133,2.3047303842428173,False
MARUTI,2024-05-28,TRAIN,BULL,DEMAND,DUAL (2-TF),2,False,False,False,True,True,10.0,85,-1.0,STOP,1,5,6.260567207038389,0.3946418583304955,False
MARUTI,2024-06-05,TRAIN,BULL,SUPPLY,DUAL (2-TF),2,False,False,False,True,True,10.0,85,-1.0,STOP,1,3,2.5559301457083907,3.7537641947261626,False
MARUTI,2024-06-12,TRAIN,BULL,DEMAND,SINGLE (1-TF),1,False,False,False,False,True,8.5,78,-1.0,STOP,4,4,4.990737563206569,1.6294244603146528,False
MARUTI,2024-06-20,TRAIN,BULL,DEMAND,SINGLE (1-TF),1,False,False,False,False,True,8.5,78,-1.0,STOP,1,2,4.990737563206569,0.0,False
MARUTI,2024-06-27,TRAIN,BULL,SUPPLY,DUAL (2-TF),2,False,False,False,True,True,10.0,85,-1.0,STOP,1,8,9.186386126885926,1.8143482763522198,False
MARUTI,2024-07-04,TRAIN,BULL,SUPPLY,DUAL (2-TF),2,False,False,True,False,True,10.0,85,-1.0,STOP,1,3,10.41921219526387,0.6559335202050786,False
MARUTI,2024-07-12,TRAIN,BULL,SUPPLY,TRIPLE (3-TF),3,False,False,True,True,True,11.5,92,-1.0,STOP,1,11,5.936068830818971,0.0,False
MARUTI,2024-07-22,TRAIN,BULL,SUPPLY,TRIPLE (3-TF),3,False,False,True,True,True,11.5,92,-1.0,STOP,1,1,4.547631295730983,0.0,False
MARUTI,2024-07-29,TRAIN,BULL,DEMAND,SINGLE (1-TF),1,False,False,False,False,True,8.5,78,2.0,T1,1,2,0.24537755350095303,5.86507823856767,True
MARUTI,2024-08-05,TRAIN,BULL,DEMAND,DUAL (2-TF),2,False,False,True,False,True,10.0,85,-1.0,STOP,1,1,2.9414454458347135,1.313277698913371,False
MARUTI,2024-08-12,TRAIN,BULL,SUPPLY,DUAL (2-TF),2,False,False,False,True,True,10.0,85,-1.0,STOP,9,20,2.696879018002293,2.2374547549214663,False
MARUTI,2024-08-20,TRAIN,BULL,SUPPLY,DUAL (2-TF),2,False,False,False,True,True,10.0,85,-1.0,STOP,1,5,2.704914740203654,0.40897587820603615,False
MARUTI,2024-08-27,TRAIN,BULL,SUPPLY,DUAL (2-TF),2,False,False,False,True,True,10.0,85,-1.0,STOP,1,1,2.704914740203654,0.0,False
MARUTI,2024-09-03,TRAIN,BULL,SUPPLY,TRIPLE (3-TF),3,False,False,True,True,True,11.5,92,-1.0,STOP,1,13,3.7578042663322506,1.227504369055093,False
MARUTI,2024-09-10,TRAIN,BULL,SUPPLY,TRIPLE (3-TF),3,False,False,True,True,True,11.5,92,-1.0,STOP,3,6,2.68442198532694,1.7914300166435515,False
MARUTI,2024-09-17,TRAIN,BULL,DEMAND,SINGLE (1-TF),1,False,False,False,False,True,8.5,78,2.0,T1,1,3,0.8838178800529242,3.6308734165935914,True
MARUTI,2024-09-24,TRAIN,BULL,DEMAND,DUAL (2-TF),2,False,False,False,True,True,10.0,85,-1.0,STOP,15,1,2.279101485813472,0.837511107437331,False
MARUTI,2024-10-31,TRAIN,BEAR,SUPPLY,SINGLE (1-TF),1,False,False,False,False,True,8.5,78,2.0,T1,8,29,0.3038940762882627,6.603161280800618,True
MARUTI,2024-11-07,TRAIN,BEAR,SUPPLY,SINGLE (1-TF),1,False,False,False,False,True,8.5,78,-1.0,STOP,1,1,2.4752452500746696,0.0,False
MARUTI,2024-11-14,TRAIN,BEAR,SUPPLY,SINGLE (1-TF),1,False,False,False,False,True,8.5,78,2.0,T1,15,11,0.39229819708613667,5.084018849054395,True
MARUTI,2024-11-25,TRAIN,BEAR,DEMAND,TRIPLE (3-TF),3,False,False,True,True,True,11.5,92,-1.0,STOP,1,20,2.7100411160818063,2.9032460647883114,False
MARUTI,2024-12-02,TRAIN,BEAR,SUPPLY,SINGLE (1-TF),1,False,False,False,False,True,8.5,78,-1.0,STOP,1,1,3.60272720567847,0.0,False
MARUTI,2024-12-09,TRAIN,BEAR,SUPPLY,SINGLE (1-TF),1,False,False,False,False,True,8.5,78,2.0,T1,1,7,1.0569132253005837,2.4880024104083143,True
MARUTI,2024-12-16,TRAIN,BEAR,SUPPLY,SINGLE (1-TF),1,False,False,False,False,True,8.5,78,2.0,T1,1,3,0.8865198255507925,3.3610656784726918,True
MARUTI,2024-12-23,TRAIN,BEAR,SUPPLY,SINGLE (1-TF),1,False,False,False,False,True,8.5,78,-1.0,STOP,4,4,8.473272409936095,3.22674036541171,False
MARUTI,2024-12-31,TRAIN,BEAR,DEMAND,TRIPLE (3-TF),3,False,False,True,True,True,11.5,92,2.0,T1,1,1,0.6597375201303465,4.176262091178311,True
MARUTI,2025-01-08,TRAIN,SIDEWAYS,SUPPLY,DUAL (2-TF),2,False,False,False,True,True,10.0,85,-1.0,STOP,1,5,2.8899323654848583,3.2231938999698477,False
MARUTI,2025-01-15,TRAIN,SIDEWAYS,DEMAND,DUAL (2-TF),2,False,False,True,False,True,10.0,85,-1.0,STOP,34,1,1.5932583762226178,0.6324397653667552,False
MARUTI,2025-01-22,TRAIN,SIDEWAYS,SUPPLY,SINGLE (1-TF),1,False,False,False,False,True,8.5,78,-1.0,STOP,2,4,1.8079383934235864,2.4033853920602652,False
MARUTI,2025-01-29,TRAIN,SIDEWAYS,DEMAND,SINGLE (1-TF),1,False,False,False,False,True,8.5,78,5.0,T3,1,3,1.098454822657624,12.017498472834289,True
MARUTI,2025-02-05,TRAIN,BULL,SUPPLY,TRIPLE (3-TF),3,False,False,True,True,True,11.5,92,-1.0,STOP,1,1,4.88238450783248,0.0,False
MARUTI,2025-02-19,TRAIN,BULL,DEMAND,SINGLE (1-TF),1,False,False,False,False,True,8.5,78,-1.0,STOP,1,1,2.519718082271294,0.5444932064966131,False
MARUTI,2025-03-06,TRAIN,BEAR,SUPPLY,DUAL (2-TF),2,False,False,True,False,True,10.0,85,-1.0,STOP,11,25,8.079381428997513,6.08166690943394,False
MARUTI,2025-03-13,TRAIN,BEAR,SUPPLY,DUAL (2-TF),2,False,False,True,False,True,10.0,85,-1.0,STOP,6,25,8.079381428997513,6.08166690943394,False
MARUTI,2025-03-21,TRAIN,SIDEWAYS,SUPPLY,DUAL (2-TF),2,False,False,True,False,True,10.0,85,-1.0,STOP,1,1,3.776309301417244,0.0,False
MARUTI,2025-03-28,TRAIN,BEAR,DEMAND,DUAL (2-TF),2,False,False,False,True,True,10.0,85,-1.0,STOP,1,1,4.159649991029638,0.0,False
MARUTI,2025-04-07,TRAIN,BEAR,DEMAND,DUAL (2-TF),2,False,False,False,True,True,10.0,85,2.0,T1,1,10,3.672579395886076,4.868019595864203,True
MARUTI,2025-04-16,TRAIN,SIDEWAYS,DEMAND,DUAL (2-TF),2,False,False,False,True,True,10.0,85,2.0,T1,8,1,1.4929628158002106,4.18756559218721,True
MARUTI,2025-04-24,TRAIN,SIDEWAYS,SUPPLY,DUAL (2-TF),2,False,False,True,False,True,10.0,85,-1.0,STOP,1,1,2.1713264367696627,1.6284515292116848,False
MARUTI,2025-05-09,TRAIN,SIDEWAYS,DEMAND,DUAL (2-TF),2,False,False,False,True,True,10.0,85,-1.0,STOP,1,12,3.7039471602016794,4.014029586456671,False
MARUTI,2025-05-16,TRAIN,BULL,DEMAND,SINGLE (1-TF),1,False,False,False,False,True,8.5,78,-1.0,STOP,4,4,2.4603075566762813,1.6508199404593205,False
MARUTI,2025-05-23,TRAIN,BULL,DEMAND,DUAL (2-TF),2,False,False,False,True,True,10.0,85,-1.0,STOP,1,2,2.999186120534747,0.0,False
MARUTI,2025-05-30,TRAIN,SIDEWAYS,SUPPLY,TRIPLE (3-TF),3,False,False,True,True,True,11.5,92,2.0,T1,1,4,0.6122234138446094,3.2060307789481977,True
MARUTI,2025-06-06,TRAIN,BULL,SUPPLY,DUAL (2-TF),2,False,False,False,True,True,10.0,85,-1.0,STOP,1,1,4.103294725282844,0.5016304037558055,False
MARUTI,2025-06-20,TRAIN,BULL,DEMAND,DUAL (2-TF),2,False,False,False,True,True,10.0,85,2.0,T1,7,31,1.1283550109478413,5.571093442079335,True
MARUTI,2025-06-27,TRAIN,BULL,SUPPLY,DUAL (2-TF),2,False,False,True,False,True,10.0,85,-1.0,STOP,1,32,3.1519258150956944,3.394004394558349,False
MARUTI,2025-07-04,TRAIN,BULL,DEMAND,DUAL (2-TF),2,False,False,False,True,True,10.0,85,2.0,T1,3,18,1.4618401176951066,3.7535816148962473,True
MARUTI,2025-07-11,TRAIN,BULL,SUPPLY,DUAL (2-TF),2,False,False,True,False,True,10.0,85,-1.0,STOP,1,15,3.1734213828989946,2.0128372091506237,False
MARUTI,2025-07-18,TRAIN,BULL,DEMAND,DUAL (2-TF),2,False,False,False,True,True,10.0,85,-1.0,STOP,1,7,1.6198876517646856,1.9968380055036163,False
MARUTI,2025-07-25,TRAIN,BULL,SUPPLY,TRIPLE (3-TF),3,False,False,True,True,True,11.5,92,-1.0,STOP,1,4,2.276407993983481,1.6672272373521864,False
MARUTI,2025-08-01,TRAIN,BULL,DEMAND,SINGLE (1-TF),1,False,False,False,False,True,8.5,78,2.0,T1,1,7,0.8956973936425826,5.054684295122422,True
MARUTI,2025-08-25,TRAIN,BULL,SUPPLY,SINGLE (1-TF),1,False,False,False,False,True,8.5,78,-1.0,STOP,1,1,5.366005987035267,0.0,False
MARUTI,2025-09-02,VALIDATION,BULL,SUPPLY,SINGLE (1-TF),1,False,False,False,False,True,8.5,78,-1.0,STOP,1,1,3.729583528441543,0.0,False
MARUTI,2025-09-09,VALIDATION,BULL,DEMAND,SINGLE (1-TF),1,False,False,False,False,True,8.5,78,2.0,T1,1,30,1.3255154432490506,9.31757825677487,True
MARUTI,2025-09-23,VALIDATION,BULL,SUPPLY,SINGLE (1-TF),1,False,False,False,False,True,8.5,78,-1.0,STOP,1,1,3.527838602581275,0.0,False
MARUTI,2025-09-30,VALIDATION,BULL,SUPPLY,SINGLE (1-TF),1,False,False,False,False,True,8.5,78,-1.0,STOP,1,1,1.8461365553556823,0.0,False
MARUTI,2025-10-08,VALIDATION,BULL,SUPPLY,DUAL (2-TF),2,False,False,False,True,True,10.0,85,-1.0,STOP,1,7,1.9341067354669874,2.3529309294699243,False
MARUTI,2025-10-15,VALIDATION,BULL,DEMAND,DUAL (2-TF),2,False,False,False,True,True,10.0,85,-1.0,STOP,10,3,3.3602950558163545,2.7753876284474033,False
MARUTI,2025-10-23,VALIDATION,BULL,SUPPLY,SINGLE (1-TF),1,False,False,False,False,True,8.5,78,2.0,T1,1,7,2.221127358475936,4.712272906150557,True
MARUTI,2025-10-30,VALIDATION,BULL,SUPPLY,SINGLE (1-TF),1,False,False,False,False,True,8.5,78,2.0,T1,2,1,0.7503388786198438,5.26444855206408,True
MARUTI,2025-11-07,VALIDATION,BULL,SUPPLY,DUAL (2-TF),2,False,False,False,True,True,10.0,85,-1.0,STOP,3,29,6.65772636747212,0.8881356894764696,False
MARUTI,2025-11-21,VALIDATION,BULL,SUPPLY,SINGLE (1-TF),1,False,False,False,False,True,8.5,78,-1.0,STOP,1,1,1.7130912486673082,0.8880339335832065,False
MARUTI,2025-11-28,VALIDATION,BULL,DEMAND,DUAL (2-TF),2,False,False,False,True,True,10.0,85,2.0,T1,1,10,0.676800851681687,3.621989033712189,True
MARUTI,2025-12-05,VALIDATION,BULL,SUPPLY,SINGLE (1-TF),1,False,False,False,False,True,8.5,78,-1.0,STOP,1,5,2.53609868068756,1.2526109108673391,False
MARUTI,2025-12-12,VALIDATION,BULL,DEMAND,DUAL (2-TF),2,False,False,False,True,True,10.0,85,-1.0,STOP,24,3,2.3850932770926287,1.1458436200531759,False
MARUTI,2025-12-19,VALIDATION,BULL,SUPPLY,SINGLE (1-TF),1,False,False,False,False,True,8.5,78,-1.0,STOP,1,1,2.738828479141438,0.0,False
MARUTI,2025-12-29,VALIDATION,BULL,SUPPLY,SINGLE (1-TF),1,False,False,False,False,True,8.5,78,-1.0,STOP,1,1,2.150207143553875,0.0,False
MARUTI,2026-01-05,VALIDATION,BULL,DEMAND,SINGLE (1-TF),1,False,False,False,False,True,8.5,78,-1.0,STOP,3,2,2.258717056963334,0.9670854801874554,False
MARUTI,2026-01-13,VALIDATION,BULL,SUPPLY,DUAL (2-TF),2,False,False,False,True,True,10.0,85,2.0,T1,1,9,0.3720381057211155,9.907620841164954,True
MARUTI,2026-02-04,VALIDATION,BULL,SUPPLY,SINGLE (1-TF),1,False,False,False,False,True,8.5,78,2.0,T1,1,22,3.9120569648613555,10.163363903244461,True
MARUTI,2026-02-11,VALIDATION,BULL,SUPPLY,SINGLE (1-TF),1,False,False,False,False,True,8.5,78,-1.0,STOP,1,1,3.0806418155319255,0.0,False
MARUTI,2026-02-18,VALIDATION,BULL,SUPPLY,SINGLE (1-TF),1,False,False,False,False,True,8.5,78,2.0,T1,1,8,0.27562891518345384,6.779556527791584,True
MARUTI,2026-02-25,VALIDATION,BULL,SUPPLY,DUAL (2-TF),2,False,False,False,True,True,10.0,85,2.0,T1,2,1,0.395651299321541,2.374041011854886,True
MARUTI,2026-03-05,TEST_OOS,SIDEWAYS,DEMAND,TRIPLE (3-TF),3,False,False,True,True,True,11.5,92,-1.0,STOP,1,2,12.072343021331848,0.0,False
MARUTI,2026-03-12,TEST_OOS,BEAR,DEMAND,TRIPLE (3-TF),3,False,False,True,True,True,11.5,92,-1.0,STOP,1,1,11.26670361829164,0.0,False
MARUTI,2026-03-27,TEST_OOS,BEAR,SUPPLY,DUAL (2-TF),2,False,True,False,False,True,10.0,85,-1.0,STOP,1,6,9.078601538509638,3.1744085106178237,False
MARUTI,2026-04-22,TEST_OOS,BEAR,SUPPLY,DUAL (2-TF),2,False,True,False,False,True,10.0,85,-1.0,STOP,9,3,2.3882145404712642,2.124567494531716,False
MARUTI,2026-04-29,TEST_OOS,BEAR,SUPPLY,DUAL (2-TF),2,False,True,False,False,True,10.0,85,-1.0,STOP,1,3,6.200557979607273,1.4437626399266166,False
MARUTI,2026-05-06,TEST_OOS,BEAR,SUPPLY,TRIPLE (3-TF),3,False,True,False,True,True,11.5,92,-1.0,STOP,1,1,5.45122106676128,0.0,False
MARUTI,2026-05-13,TEST_OOS,BEAR,SUPPLY,TRIPLE (3-TF),3,False,True,False,True,True,11.5,92,-1.0,STOP,24,11,4.734888834923242,2.640310246137943,False
MARUTI,2026-05-20,TEST_OOS,BEAR,DEMAND,DUAL (2-TF),2,False,False,True,False,True,10.0,85,-1.0,STOP,1,9,4.035059199032854,2.070458793458613,False
MARUTI,2026-05-27,TEST_OOS,BEAR,SUPPLY,TRIPLE (3-TF),3,False,True,False,True,True,11.5,92,-1.0,STOP,1,1,3.128338343436357,0.0,False
MARUTI,2026-06-03,TEST_OOS,BEAR,SUPPLY,TRIPLE (3-TF),3,False,True,False,True,True,11.5,92,-1.0,STOP,1,8,6.353258728517266,2.178743782931993,False
MARUTI,2026-06-10,TEST_OOS,BEAR,DEMAND,DUAL (2-TF),2,False,False,True,False,True,10.0,85,2.0,T1,1,3,1.7575514108082297,5.76512673362028,True
MARUTI,2026-06-17,TEST_OOS,BEAR,DEMAND,DUAL (2-TF),2,False,False,True,False,True,10.0,85,2.0,T1,3,8,1.2344802049406456,8.850836160839107,True
MARUTI,2026-06-24,TEST_OOS,BEAR,SUPPLY,DUAL (2-TF),2,False,True,False,False,True,10.0,85,-1.0,STOP,2,2,3.211177886325999,1.1717664437191826,False
MARUTI,2026-07-01,TEST_OOS,SIDEWAYS,SUPPLY,TRIPLE (3-TF),3,False,False,True,True,True,11.5,92,-1.0,STOP,1,1,5.849431928825949,0.0,False
MARUTI,2026-07-08,TEST_OOS,BEAR,DEMAND,DUAL (2-TF),2,False,True,False,False,True,10.0,85,-1.0,STOP,1,12,6.5037049228424255,2.7275817283438233,False
MARUTI,2026-07-22,TEST_OOS,BEAR,SUPPLY,DUAL (2-TF),2,False,False,False,True,True,10.0,85,-1.0,STOP,4,2,1.6727048881680178,1.8108787889472664,False
MARUTI,2026-07-29,TEST_OOS,BEAR,DEMAND,DUAL (2-TF),2,False,True,False,False,True,10.0,85,-1.0,STOP,24,1,4.638745328117557,1.7933115625239502,False
MARUTI,2026-08-05,TEST_OOS,SIDEWAYS,DEMAND,TRIPLE (3-TF),3,False,True,False,True,True,11.5,92,-1.0,STOP,8,7,2.6019402852133777,0.9681149890906969,False
MARUTI,2026-08-12,TEST_OOS,BEAR,DEMAND,TRIPLE (3-TF),3,False,True,False,True,True,11.5,92,-1.0,STOP,1,2,1.9943019943019942,0.19230769230769232,False
SUNPHARMA,2022-06-16,TRAIN,BEAR,DEMAND,SINGLE (1-TF),1,False,False,False,False,True,8.5,78,-1.0,STOP,1,1,9.725878891125909,0.0,False
SUNPHARMA,2022-06-30,TRAIN,BEAR,SUPPLY,SINGLE (1-TF),1,False,False,False,False,True,8.5,78,-1.0,STOP,1,5,3.007603988317049,0.7364790009064385,False
SUNPHARMA,2022-07-21,TRAIN,SIDEWAYS,SUPPLY,SINGLE (1-TF),1,False,False,False,False,True,8.5,78,-1.0,STOP,1,4,3.4117675335288165,1.267845983752338,False
SUNPHARMA,2022-07-28,TRAIN,SIDEWAYS,SUPPLY,DUAL (2-TF),2,False,False,False,True,True,10.0,85,-1.0,STOP,1,1,7.385971180183397,0.0,False
SUNPHARMA,2022-08-05,TRAIN,BULL,SUPPLY,SINGLE (1-TF),1,False,False,False,False,True,8.5,78,2.0,T1,1,28,1.2807691433506807,6.283382957928958,True
SUNPHARMA,2022-08-16,TRAIN,BULL,SUPPLY,SINGLE (1-TF),1,False,False,False,False,True,8.5,78,2.0,T1,1,5,1.0970877101139178,4.420216458591771,True
SUNPHARMA,2022-08-23,TRAIN,SIDEWAYS,SUPPLY,DUAL (2-TF),2,False,False,False,True,True,10.0,85,-1.0,STOP,20,7,5.3437038224951,3.3322260277895546,False
SUNPHARMA,2022-08-30,TRAIN,SIDEWAYS,SUPPLY,DUAL (2-TF),2,False,False,False,True,True,10.0,85,-1.0,STOP,1,14,3.830459702337418,2.7466566030615462,False
SUNPHARMA,2022-09-07,TRAIN,SIDEWAYS,DEMAND,SINGLE (1-TF),1,False,False,False,False,True,8.5,78,-1.0,STOP,7,2,1.8437403289927883,2.0163306115647455,False
SUNPHARMA,2022-09-14,TRAIN,SIDEWAYS,DEMAND,DUAL (2-TF),2,False,False,False,True,True,10.0,85,-1.0,STOP,1,3,3.486494077992612,1.1200318337156425,False
SUNPHARMA,2022-09-28,TRAIN,BULL,SUPPLY,SINGLE (1-TF),1,False,False,False,False,True,8.5,78,-1.0,STOP,1,1,5.860278797785269,1.1695233271557293,False
SUNPHARMA,2022-10-13,TRAIN,BULL,SUPPLY,SINGLE (1-TF),1,False,False,False,False,True,8.5,78,-1.0,STOP,1,1,3.5894337964742653,0.0,False
SUNPHARMA,2022-11-14,TRAIN,BULL,SUPPLY,SINGLE (1-TF),1,False,False,False,False,True,8.5,78,2.0,T1,11,8,1.7694428902565777,6.241507473423391,True
SUNPHARMA,2022-11-21,TRAIN,BULL,DEMAND,SINGLE (1-TF),1,False,False,False,False,True,8.5,78,-1.0,STOP,1,1,2.788593503786911,0.0,False
SUNPHARMA,2022-11-28,TRAIN,BULL,DEMAND,SINGLE (1-TF),1,False,False,False,False,True,8.5,78,-1.0,STOP,8,1,4.191084883507246,1.9163620770628695,False
SUNPHARMA,2022-12-05,TRAIN,BULL,DEMAND,DUAL (2-TF),2,False,False,False,True,True,10.0,85,-1.0,STOP,1,2,1.8746485661498877,1.0824162583340113,False
SUNPHARMA,2022-12-12,TRAIN,BULL,SUPPLY,SINGLE (1-TF),1,False,False,False,False,True,8.5,78,-1.0,STOP,9,21,2.922740822410073,3.0023684103066652,False
SUNPHARMA,2022-12-19,TRAIN,BULL,DEMAND,DUAL (2-TF),2,False,False,False,True,True,10.0,85,2.0,T1,1,18,2.131436866234331,4.074897918690016,True
SUNPHARMA,2022-12-26,TRAIN,BULL,DEMAND,SINGLE (1-TF),1,False,False,False,False,True,8.5,78,2.0,T1,6,7,0.11668734100035885,4.522422891743581,True
SUNPHARMA,2023-01-02,TRAIN,BULL,DEMAND,SINGLE (1-TF),1,False,False,False,False,True,8.5,78,2.0,T1,1,7,0.11668734100035885,4.522422891743581,True
SUNPHARMA,2023-01-09,TRAIN,BULL,DEMAND,SINGLE (1-TF),1,False,False,False,False,True,8.5,78,2.0,T1,1,14,0.3603622102215551,5.9444364592102925,True
SUNPHARMA,2023-01-16,TRAIN,BULL,DEMAND,SINGLE (1-TF),1,False,False,False,False,True,8.5,78,-1.0,STOP,12,1,2.263082004765459,2.7508769059281883,False
SUNPHARMA,2023-01-23,TRAIN,BULL,DEMAND,DUAL (2-TF),2,False,False,False,True,True,10.0,85,2.0,T1,1,4,1.2502633981878242,3.545088752646529,True
SUNPHARMA,2023-01-31,TRAIN,BULL,DEMAND,SINGLE (1-TF),1,False,False,False,False,True,8.5,78,-1.0,STOP,1,1,4.276667326340791,0.9806055808430603,False
SUNPHARMA,2023-02-07,TRAIN,BULL,DEMAND,DUAL (2-TF),2,False,False,False,True,True,10.0,85,-1.0,STOP,1,9,2.7405997633866557,1.8733604238465138,False
SUNPHARMA,2023-02-14,TRAIN,BULL,SUPPLY,SINGLE (1-TF),1,False,False,False,False,True,8.5,78,2.0,T1,1,4,0.5582039685450045,3.6986106018009264,True
SUNPHARMA,2023-02-21,TRAIN,BULL,SUPPLY,DUAL (2-TF),2,False,False,False,True,True,10.0,85,-1.0,STOP,26,5,2.1906735751295323,1.994818652849741,False
SUNPHARMA,2023-02-28,TRAIN,SIDEWAYS,SUPPLY,DUAL (2-TF),2,False,False,False,True,True,10.0,85,-1.0,STOP,19,6,3.007636946478511,2.173753627287679,False
SUNPHARMA,2023-03-08,TRAIN,SIDEWAYS,DEMAND,SINGLE (1-TF),1,False,False,False,False,True,8.5,78,-1.0,STOP,1,1,2.270018304882725,0.0,False
SUNPHARMA,2023-03-15,TRAIN,SIDEWAYS,DEMAND,SINGLE (1-TF),1,False,False,False,False,True,8.5,78,2.0,T1,1,8,1.0597852427059022,3.4927678273325458,True
SUNPHARMA,2023-03-22,TRAIN,BULL,DEMAND,SINGLE (1-TF),1,False,False,False,False,True,8.5,78,2.0,T1,1,9,1.2329642248722361,4.693356047700163,True
SUNPHARMA,2023-03-29,TRAIN,BULL,DEMAND,DUAL (2-TF),2,False,False,False,True,True,10.0,85,-1.0,STOP,15,15,2.797725912627164,2.850089766606818,False
SUNPHARMA,2023-04-10,TRAIN,BULL,DEMAND,SINGLE (1-TF),1,False,False,False,False,True,8.5,78,-1.0,STOP,10,1,2.217012866874098,0.1934235976789202,False
SUNPHARMA,2023-04-18,TRAIN,BULL,SUPPLY,DUAL (2-TF),2,False,False,False,True,True,10.0,85,2.0,T1,33,3,0.21630294598519345,3.175489728148831,True
SUNPHARMA,2023-04-25,TRAIN,SIDEWAYS,SUPPLY,DUAL (2-TF),2,False,False,False,True,True,10.0,85,2.0,T1,4,12,0.48130128834226676,5.962498172934374,True
SUNPHARMA,2023-05-03,TRAIN,SIDEWAYS,DEMAND,SINGLE (1-TF),1,False,False,False,False,True,8.5,78,-1.0,STOP,1,4,2.6949050442281473,0.1490123965632001,False
SUNPHARMA,2023-05-10,TRAIN,SIDEWAYS,DEMAND,SINGLE (1-TF),1,False,False,False,False,True,8.5,78,-1.0,STOP,1,1,1.946678851119452,0.0,False
SUNPHARMA,2023-05-17,TRAIN,BEAR,DEMAND,SINGLE (1-TF),1,False,False,False,False,True,8.5,78,-1.0,STOP,1,1,3.6099137931034484,0.0,False
SUNPHARMA,2023-06-01,TRAIN,SIDEWAYS,SUPPLY,SINGLE (1-TF),1,False,False,False,False,True,8.5,78,-1.0,STOP,1,1,7.238951508941255,0.0,False
SUNPHARMA,2023-06-08,TRAIN,SIDEWAYS,DEMAND,DUAL (2-TF),2,False,False,True,False,True,10.0,85,2.0,T1,1,15,1.0524447414306073,6.8137444271589205,True
SUNPHARMA,2023-06-15,TRAIN,SIDEWAYS,SUPPLY,DUAL (2-TF),2,False,False,False,True,True,10.0,85,-1.0,STOP,10,1,3.981257495985197,1.9321854735429826,False
SUNPHARMA,2023-06-22,TRAIN,SIDEWAYS,SUPPLY,DUAL (2-TF),2,False,False,False,True,True,10.0,85,-1.0,STOP,1,4,3.054922279792748,1.7937823834196835,False
SUNPHARMA,2023-06-30,TRAIN,BULL,SUPPLY,DUAL (2-TF),2,False,False,False,True,True,10.0,85,-1.0,STOP,1,1,6.01347150259067,0.0,False
SUNPHARMA,2023-07-07,TRAIN,BULL,SUPPLY,DUAL (2-TF),2,False,False,False,True,True,10.0,85,-1.0,STOP,1,2,3.341629564993212,1.0818153873612992,False
SUNPHARMA,2023-07-28,TRAIN,BULL,DEMAND,SINGLE (1-TF),1,False,False,False,False,True,8.5,78,2.0,T1,20,13,0.5276995828571808,4.575564164738891,True
SUNPHARMA,2023-08-04,TRAIN,BULL,DEMAND,SINGLE (1-TF),1,False,False,False,False,True,8.5,78,2.0,T1,15,13,0.5276995828571808,4.575564164738891,True
SUNPHARMA,2023-08-21,TRAIN,BULL,SUPPLY,SINGLE (1-TF),1,False,False,False,False,True,8.5,78,2.0,T1,17,9,0.5824600898703741,2.7640053957959294,True
SUNPHARMA,2023-09-04,TRAIN,BULL,SUPPLY,DUAL (2-TF),2,False,False,False,True,True,10.0,85,-1.0,STOP,1,1,2.3384125455925635,0.7248523448927003,False
SUNPHARMA,2023-09-11,TRAIN,BULL,SUPPLY,DUAL (2-TF),2,False,False,False,True,True,10.0,85,-1.0,STOP,1,2,1.7325681232771335,0.9941705454381129,False
SUNPHARMA,2023-09-18,TRAIN,BULL,SUPPLY,DUAL (2-TF),2,False,False,False,True,True,10.0,85,-1.0,STOP,1,1,1.7587780740205192,0.0,False
SUNPHARMA,2023-09-26,TRAIN,BULL,SUPPLY,DUAL (2-TF),2,False,False,False,True,True,10.0,85,-1.0,STOP,3,1,1.8541265073743727,1.508943381001473,False
SUNPHARMA,2023-10-04,TRAIN,BULL,DEMAND,TRIPLE (3-TF),3,False,False,True,True,True,11.5,92,-1.0,STOP,1,1,2.725131266633096,0.0,False
SUNPHARMA,2023-10-11,TRAIN,BULL,SUPPLY,DUAL (2-TF),2,False,False,False,True,True,10.0,85,-1.0,STOP,3,14,2.8124381065557547,3.850447433335132,False
SUNPHARMA,2023-10-18,TRAIN,BULL,DEMAND,TRIPLE (3-TF),3,False,False,True,True,True,11.5,92,-1.0,STOP,4,1,1.5572302573566068,1.662681926856537,False
SUNPHARMA,2023-10-26,TRAIN,BULL,DEMAND,TRIPLE (3-TF),3,False,False,True,True,True,11.5,92,-1.0,STOP,1,1,3.613555344975404,0.0,False
SUNPHARMA,2023-11-06,TRAIN,BULL,SUPPLY,DUAL (2-TF),2,False,False,True,False,True,10.0,85,-1.0,STOP,1,1,4.753256283250773,0.0,False
SUNPHARMA,2023-11-29,TRAIN,BULL,DEMAND,DUAL (2-TF),2,False,False,False,True,True,10.0,85,2.0,T1,1,1,0.9614558452047349,2.939356967332844,True
SUNPHARMA,2023-12-13,TRAIN,BULL,DEMAND,DUAL (2-TF),2,False,False,False,True,True,10.0,85,-1.0,STOP,1,6,3.2032921810699646,1.5539094650205851,False
SUNPHARMA,2023-12-20,TRAIN,BULL,DEMAND,SINGLE (1-TF),1,False,False,False,False,True,8.5,78,-1.0,STOP,1,1,2.6141680122552198,1.1286382643977875,False
SUNPHARMA,2023-12-28,TRAIN,BULL,SUPPLY,SINGLE (1-TF),1,False,False,False,False,True,8.5,78,-1.0,STOP,1,3,4.341725134131235,0.0,False
SUNPHARMA,2024-01-11,TRAIN,BULL,SUPPLY,SINGLE (1-TF),1,False,False,False,False,True,8.5,78,-1.0,STOP,1,2,2.760528306644809,0.0,False
SUNPHARMA,2024-01-18,TRAIN,BULL,SUPPLY,SINGLE (1-TF),1,False,False,False,False,True,8.5,78,-1.0,STOP,1,2,4.574481244394971,2.9486346909113474,False
SUNPHARMA,2024-02-20,TRAIN,BULL,SUPPLY,DUAL (2-TF),2,False,False,False,True,True,10.0,85,-1.0,STOP,1,2,2.670734821704593,0.5362975308807926,False
SUNPHARMA,2024-02-27,TRAIN,BULL,DEMAND,DUAL (2-TF),2,False,False,False,True,True,10.0,85,-1.0,STOP,31,5,2.3531395427261144,2.1777837728468312,False
SUNPHARMA,2024-03-05,TRAIN,BULL,SUPPLY,SINGLE (1-TF),1,False,False,False,False,True,8.5,78,-1.0,STOP,1,1,2.015673859168814,2.5145644924809583,False
SUNPHARMA,2024-03-13,TRAIN,BULL,SUPPLY,SINGLE (1-TF),1,False,False,False,False,True,8.5,78,-1.0,STOP,8,3,1.7626920188868977,2.4658597737136168,False
SUNPHARMA,2024-03-20,TRAIN,BULL,DEMAND,SINGLE (1-TF),1,False,False,False,False,True,8.5,78,-1.0,STOP,1,15,4.1405588484335265,4.4688334527454,False
SUNPHARMA,2024-03-28,TRAIN,BULL,DEMAND,DUAL (2-TF),2,False,False,False,True,True,10.0,85,-1.0,STOP,10,1,3.9234118668520597,1.9036054914709912,False
SUNPHARMA,2024-04-05,TRAIN,BULL,DEMAND,DUAL (2-TF),2,False,False,False,True,True,10.0,85,-1.0,STOP,5,1,3.9234118668520597,1.9036054914709912,False
SUNPHARMA,2024-04-15,TRAIN,BULL,DEMAND,DUAL (2-TF),2,False,False,False,True,True,10.0,85,-1.0,STOP,1,2,3.9234118668520597,0.0,False
SUNPHARMA,2024-04-24,TRAIN,BULL,DEMAND,DUAL (2-TF),2,False,False,False,True,True,10.0,85,-1.0,STOP,1,1,4.282720367052537,0.0,False
SUNPHARMA,2024-05-02,TRAIN,BULL,SUPPLY,SINGLE (1-TF),1,False,False,False,False,True,8.5,78,-1.0,STOP,1,1,3.1545092337971377,0.0,False
SUNPHARMA,2024-05-09,TRAIN,BULL,SUPPLY,SINGLE (1-TF),1,False,False,False,False,True,8.5,78,-1.0,STOP,1,3,1.9729003856949539,1.8577977019850256,False
SUNPHARMA,2024-05-16,TRAIN,BULL,DEMAND,DUAL (2-TF),2,False,False,False,True,True,10.0,85,-1.0,STOP,1,4,3.806288650814386,2.554052514857331,False
SUNPHARMA,2024-05-24,TRAIN,BULL,SUPPLY,SINGLE (1-TF),1,False,False,False,False,True,8.5,78,2.0,T1,12,7,0.31826222126929676,4.203071397941683,True
SUNPHARMA,2024-05-31,TRAIN,BULL,SUPPLY,SINGLE (1-TF),1,False,False,False,False,True,8.5,78,-1.0,STOP,2,4,2.3539518900343643,3.6790378006872833,False
SUNPHARMA,2024-06-10,TRAIN,BULL,SUPPLY,SINGLE (1-TF),1,False,False,False,False,True,8.5,78,-1.0,STOP,1,1,5.1938623756863285,0.0,False
SUNPHARMA,2024-06-18,TRAIN,BULL,SUPPLY,SINGLE (1-TF),1,False,False,False,False,True,8.5,78,-1.0,STOP,1,1,1.1068042462386283,0.8657248588638838,False
SUNPHARMA,2024-06-25,TRAIN,BULL,SUPPLY,DUAL (2-TF),2,False,False,False,True,True,10.0,85,-1.0,STOP,1,3,2.3241594369297474,0.7778902529332268,False
SUNPHARMA,2024-07-02,TRAIN,BULL,DEMAND,DUAL (2-TF),2,False,False,False,True,True,10.0,85,2.0,T1,2,4,0.45821736474102237,5.627588079560118,True
SUNPHARMA,2024-07-16,TRAIN,BULL,SUPPLY,TRIPLE (3-TF),3,False,False,True,True,True,11.5,92,2.0,T1,1,3,0.5561828025968074,2.0605065304970296,True
SUNPHARMA,2024-08-07,TRAIN,BULL,DEMAND,SINGLE (1-TF),1,False,False,False,False,True,8.5,78,2.0,T1,1,17,0.9326706255976739,6.4619907205175755,True
SUNPHARMA,2024-08-14,TRAIN,BULL,SUPPLY,SINGLE (1-TF),1,False,False,False,False,True,8.5,78,-1.0,STOP,1,3,2.063532132981869,0.36574125714017447,False
SUNPHARMA,2024-08-22,TRAIN,BULL,DEMAND,SINGLE (1-TF),1,False,False,False,False,True,8.5,78,2.0,T1,1,4,0.2533543299765895,4.002533543299759,True
SUNPHARMA,2024-09-05,TRAIN,BULL,DEMAND,DUAL (2-TF),2,False,False,False,True,True,10.0,85,2.0,T1,2,11,0.27125435442027335,3.596652653734241,True
SUNPHARMA,2024-09-12,TRAIN,BULL,DEMAND,SINGLE (1-TF),1,False,False,False,False,True,8.5,78,2.0,T1,34,1,0.0,3.3461305992702304,True
SUNPHARMA,2024-09-19,TRAIN,BULL,SUPPLY,SINGLE (1-TF),1,False,False,False,False,True,8.5,78,-1.0,STOP,1,5,2.68701787135916,1.0860076317017582,False
SUNPHARMA,2024-09-26,TRAIN,BULL,DEMAND,SINGLE (1-TF),1,False,False,False,False,True,8.5,78,2.0,T1,19,3,0.8993500402776498,3.7888568874764044,True
SUNPHARMA,2024-10-04,TRAIN,BULL,SUPPLY,SINGLE (1-TF),1,False,False,False,False,True,8.5,78,2.0,T1,1,21,1.788094593231054,8.230439562190323,True
SUNPHARMA,2024-10-11,TRAIN,BULL,DEMAND,SINGLE (1-TF),1,False,False,False,False,True,8.5,78,-1.0,STOP,1,5,2.318538746798998,0.3389614391516338,False
SUNPHARMA,2024-10-18,TRAIN,BULL,SUPPLY,DUAL (2-TF),2,False,False,False,True,True,10.0,85,2.0,T1,1,3,0.9222139557786911,3.731139573844023,True
SUNPHARMA,2024-10-25,TRAIN,BULL,SUPPLY,DUAL (2-TF),2,False,False,False,True,True,10.0,85,2.0,T1,2,5,1.8622245245958249,6.752250210451343,True
SUNPHARMA,2024-11-01,TRAIN,BULL,SUPPLY,DUAL (2-TF),2,False,False,False,True,True,10.0,85,2.0,T1,1,11,0.09402760694273758,7.148831488314881,True
SUNPHARMA,2024-11-08,TRAIN,BULL,SUPPLY,DUAL (2-TF),2,False,False,True,False,True,10.0,85,-1.0,STOP,33,1,2.188486562165434,0.9915721854668211,False
SUNPHARMA,2024-11-18,TRAIN,BULL,SUPPLY,DUAL (2-TF),2,False,False,True,False,True,10.0,85,-1.0,STOP,2,26,3.6779644710556254,4.245024080225917,False
SUNPHARMA,2024-11-26,TRAIN,BULL,DEMAND,SINGLE (1-TF),1,False,False,False,False,True,8.5,78,-1.0,STOP,1,2,4.202194517104326,0.43086365231963747,False
SUNPHARMA,2024-12-03,TRAIN,BULL,DEMAND,SINGLE (1-TF),1,False,False,False,False,True,8.5,78,2.0,T1,29,8,0.49488233444730373,5.161331641029827,True
SUNPHARMA,2024-12-10,TRAIN,BULL,SUPPLY,TRIPLE (3-TF),3,False,False,True,True,True,11.5,92,-1.0,STOP,1,1,1.46388940759728,0.2223844364846319,False
SUNPHARMA,2024-12-17,TRAIN,BULL,SUPPLY,TRIPLE (3-TF),3,False,False,True,True,True,11.5,92,-1.0,STOP,1,6,1.7114461382969772,1.7035851652208174,False
SUNPHARMA,2024-12-24,TRAIN,BULL,DEMAND,SINGLE (1-TF),1,False,False,False,False,True,8.5,78,-1.0,STOP,13,1,3.25408315613265,1.8628692937610312,False
SUNPHARMA,2025-01-01,TRAIN,BULL,DEMAND,SINGLE (1-TF),1,False,False,False,False,True,8.5,78,-1.0,STOP,3,5,4.754999069685985,1.2225420556656204,False
SUNPHARMA,2025-01-15,TRAIN,BULL,SUPPLY,SINGLE (1-TF),1,False,False,False,False,True,8.5,78,2.0,T1,3,26,3.266601228114229,8.010135366493934,True
SUNPHARMA,2025-01-22,TRAIN,BULL,SUPPLY,SINGLE (1-TF),1,False,False,False,False,True,8.5,78,-1.0,STOP,1,1,4.828702924499286,0.0,False
SUNPHARMA,2025-01-29,TRAIN,SIDEWAYS,SUPPLY,SINGLE (1-TF),1,False,False,False,False,True,8.5,78,2.0,T1,2,15,1.9372848992762814,5.5826073835046435,True
SUNPHARMA,2025-02-04,TRAIN,SIDEWAYS,DEMAND,SINGLE (1-TF),1,False,False,False,False,True,8.5,78,-1.0,STOP,1,11,6.897794971872012,0.0,False
SUNPHARMA,2025-02-11,TRAIN,SIDEWAYS,SUPPLY,TRIPLE (3-TF),3,False,False,True,True,True,11.5,92,2.0,T1,3,4,0.8011971375834818,5.274741910878472,True
SUNPHARMA,2025-02-18,TRAIN,SIDEWAYS,SUPPLY,DUAL (2-TF),2,False,False,False,True,True,10.0,85,2.0,T1,1,9,1.749757309018582,8.470659702576992,True
SUNPHARMA,2025-02-25,TRAIN,BEAR,SUPPLY,DUAL (2-TF),2,False,False,False,True,True,10.0,85,2.0,T1,3,1,0.23077296798328442,5.095224214157319,True
SUNPHARMA,2025-03-05,TRAIN,BEAR,DEMAND,TRIPLE (3-TF),3,False,False,True,True,True,11.5,92,-1.0,STOP,1,1,6.206854382585831,0.0,False
SUNPHARMA,2025-03-12,TRAIN,SIDEWAYS,SUPPLY,DUAL (2-TF),2,False,False,False,True,True,10.0,85,-1.0,STOP,1,1,6.4377874297394095,0.0,False
SUNPHARMA,2025-03-20,TRAIN,SIDEWAYS,SUPPLY,TRIPLE (3-TF),3,False,False,True,True,True,11.5,92,-1.0,STOP,1,1,5.458313729460606,0.0,False
SUNPHARMA,2025-03-27,TRAIN,SIDEWAYS,SUPPLY,TRIPLE (3-TF),3,False,False,True,True,True,11.5,92,3.5,T2,5,1,1.5633863538381347,9.227723446257167,True
SUNPHARMA,2025-04-07,TRAIN,BEAR,DEMAND,DUAL (2-TF),2,False,False,True,False,True,10.0,85,-1.0,STOP,1,1,6.406387085453587,0.0,False
SUNPHARMA,2025-04-24,TRAIN,SIDEWAYS,DEMAND,TRIPLE (3-TF),3,False,False,True,True,True,11.5,92,-1.0,STOP,2,10,8.270698195879232,4.58809531981101,False
SUNPHARMA,2025-05-02,TRAIN,BULL,SUPPLY,TRIPLE (3-TF),3,False,False,True,True,True,11.5,92,2.0,T1,1,6,3.5697090194345775,9.163876946431705,True
SUNPHARMA,2025-05-30,TRAIN,BEAR,SUPPLY,SINGLE (1-TF),1,False,False,False,False,True,8.5,78,-1.0,STOP,1,9,3.0667842559257728,1.6170536641940694,False
SUNPHARMA,2025-06-06,TRAIN,BEAR,SUPPLY,DUAL (2-TF),2,False,False,True,False,True,10.0,85,-1.0,STOP,1,4,3.1590084643289,0.33434099153566943,False
SUNPHARMA,2025-06-13,TRAIN,BEAR,DEMAND,DUAL (2-TF),2,False,False,False,True,True,10.0,85,-1.0,STOP,1,2,2.6053464882500976,0.8904805109747779,False
SUNPHARMA,2025-06-20,TRAIN,BEAR,SUPPLY,DUAL (2-TF),2,False,False,False,True,True,10.0,85,-1.0,STOP,1,17,4.299734877046192,1.1650816043587235,False
SUNPHARMA,2025-06-27,TRAIN,BEAR,DEMAND,TRIPLE (3-TF),3,False,False,True,True,True,11.5,92,-1.0,STOP,26,1,1.7704660220417452,0.28688675652099577,False
SUNPHARMA,2025-07-04,TRAIN,BEAR,DEMAND,DUAL (2-TF),2,False,False,False,True,True,10.0,85,2.0,T1,1,7,1.3890567223336643,3.63426541315224,True
SUNPHARMA,2025-07-11,TRAIN,BEAR,SUPPLY,SINGLE (1-TF),1,False,False,False,False,True,8.5,78,-1.0,STOP,1,1,1.4895645980951961,0.5854447569498823,False
SUNPHARMA,2025-07-18,TRAIN,BEAR,SUPPLY,DUAL (2-TF),2,False,False,True,False,True,10.0,85,-1.0,STOP,1,8,2.082186591854736,1.9709156767698264,False
SUNPHARMA,2025-07-25,TRAIN,SIDEWAYS,SUPPLY,DUAL (2-TF),2,False,False,True,False,True,10.0,85,-1.0,STOP,2,2,2.1783433453002985,0.5574710600836552,False
SUNPHARMA,2025-08-04,TRAIN,BEAR,DEMAND,DUAL (2-TF),2,False,False,False,True,True,10.0,85,-1.0,STOP,1,1,5.204560140859263,0.0,False
SUNPHARMA,2025-08-12,TRAIN,BEAR,DEMAND,TRIPLE (3-TF),3,False,False,True,True,True,11.5,92,-1.0,STOP,1,10,3.8106442923929507,1.8898417907675147,False
SUNPHARMA,2025-08-20,TRAIN,BEAR,SUPPLY,SINGLE (1-TF),1,False,False,False,False,True,8.5,78,-1.0,STOP,2,2,1.2621849153209919,0.9698700275699088,False
SUNPHARMA,2025-08-28,TRAIN,BEAR,SUPPLY,SINGLE (1-TF),1,False,False,False,False,True,8.5,78,-1.0,STOP,16,1,1.725580937376918,0.737864316660103,False
SUNPHARMA,2025-09-04,VALIDATION,BEAR,SUPPLY,SINGLE (1-TF),1,False,False,False,False,True,8.5,78,-1.0,STOP,1,5,2.2767746012293335,1.265087541249396,False
SUNPHARMA,2025-09-11,VALIDATION,BEAR,DEMAND,DUAL (2-TF),2,False,False,True,False,True,10.0,85,2.0,T1,1,6,0.4131030736384773,4.412749346235955,True
SUNPHARMA,2025-09-18,VALIDATION,BEAR,DEMAND,DUAL (2-TF),2,False,False,True,False,True,10.0,85,-1.0,STOP,7,1,4.243525159647185,0.14232476263600272,False
SUNPHARMA,2025-09-25,VALIDATION,BEAR,SUPPLY,SINGLE (1-TF),1,False,False,False,False,True,8.5,78,-1.0,STOP,5,6,1.9832793164407885,2.6762914947947305,False
SUNPHARMA,2025-10-03,VALIDATION,BEAR,SUPPLY,DUAL (2-TF),2,False,False,False,True,True,10.0,85,-1.0,STOP,1,5,1.9832793164407885,2.6762914947947305,False
SUNPHARMA,2025-10-10,VALIDATION,SIDEWAYS,SUPPLY,SINGLE (1-TF),1,False,False,False,False,True,8.5,78,-1.0,STOP,1,1,1.6494643523588708,0.024472764871798863,False
SUNPHARMA,2025-10-17,VALIDATION,SIDEWAYS,SUPPLY,SINGLE (1-TF),1,False,False,False,False,True,8.5,78,-1.0,STOP,1,1,2.06925855109411,0.3484172509029111,False
SUNPHARMA,2025-10-27,VALIDATION,SIDEWAYS,SUPPLY,DUAL (2-TF),2,False,False,True,False,True,10.0,85,-1.0,STOP,1,2,1.8934734579327661,0.6389204036543886,False
SUNPHARMA,2025-11-03,VALIDATION,SIDEWAYS,DEMAND,DUAL (2-TF),2,False,False,False,True,True,10.0,85,-1.0,STOP,1,2,1.4779118382050334,1.8852620341267556,False
SUNPHARMA,2025-11-11,VALIDATION,SIDEWAYS,SUPPLY,DUAL (2-TF),2,False,False,True,False,True,10.0,85,-1.0,STOP,1,1,3.310977213494959,0.0,False
SUNPHARMA,2025-11-25,VALIDATION,BULL,SUPPLY,TRIPLE (3-TF),3,False,False,True,True,True,11.5,92,-1.0,STOP,1,1,2.5486097190802095,0.0,False
SUNPHARMA,2025-12-02,VALIDATION,BULL,DEMAND,DUAL (2-TF),2,False,False,False,True,True,10.0,85,-1.0,STOP,1,12,4.104419372101327,0.7124063503389211,False
SUNPHARMA,2025-12-09,VALIDATION,BULL,SUPPLY,TRIPLE (3-TF),3,False,False,True,True,True,11.5,92,2.0,T1,3,5,0.1880548874739886,4.003281195069279,True
SUNPHARMA,2025-12-16,VALIDATION,BULL,SUPPLY,TRIPLE (3-TF),3,False,False,True,True,True,11.5,92,2.0,T1,1,20,1.6084817045138466,4.994579745843999,True
SUNPHARMA,2025-12-23,VALIDATION,BULL,SUPPLY,TRIPLE (3-TF),3,False,False,True,True,True,11.5,92,2.0,T1,11,2,1.4374915008385776,3.0319341824940063,True
SUNPHARMA,2025-12-31,VALIDATION,SIDEWAYS,SUPPLY,SINGLE (1-TF),1,False,False,False,False,True,8.5,78,-1.0,STOP,4,2,4.0069018404908,0.7831381297638977,False
SUNPHARMA,2026-01-07,VALIDATION,BULL,DEMAND,SINGLE (1-TF),1,False,False,False,False,True,8.5,78,-1.0,STOP,4,2,1.8533936863830327,1.3479759838641592,False
SUNPHARMA,2026-01-14,VALIDATION,SIDEWAYS,SUPPLY,TRIPLE (3-TF),3,False,False,True,True,True,11.5,92,-1.0,STOP,30,6,3.216488227607242,2.1343909764093634,False
SUNPHARMA,2026-01-21,VALIDATION,BEAR,SUPPLY,SINGLE (1-TF),1,False,False,False,False,True,8.5,78,-1.0,STOP,9,1,4.000121399738982,0.0,False
SUNPHARMA,2026-01-29,VALIDATION,BEAR,SUPPLY,SINGLE (1-TF),1,False,False,False,False,True,8.5,78,-1.0,STOP,3,1,5.705169034029422,2.0653874456599093,False
SUNPHARMA,2026-02-05,VALIDATION,SIDEWAYS,SUPPLY,TRIPLE (3-TF),3,False,False,True,True,True,11.5,92,-1.0,STOP,1,1,6.64961636828644,0.0,False
SUNPHARMA,2026-02-12,VALIDATION,SIDEWAYS,SUPPLY,TRIPLE (3-TF),3,False,False,True,True,True,11.5,92,-1.0,STOP,1,4,1.860069870644886,0.3298791426682985,False
SUNPHARMA,2026-02-19,VALIDATION,SIDEWAYS,DEMAND,SINGLE (1-TF),1,False,False,False,False,True,8.5,78,-1.0,STOP,28,1,4.73335102149111,0.0,False
SUNPHARMA,2026-02-26,VALIDATION,BULL,DEMAND,DUAL (2-TF),2,False,False,False,True,True,10.0,85,3.5,T2,3,2,0.5926529661757038,4.22134249286837,True
SUNPHARMA,2026-03-06,TEST_OOS,BULL,DEMAND,SINGLE (1-TF),1,False,False,False,False,True,8.5,78,-1.0,STOP,10,8,7.560414664286699,3.794796100508028,False
SUNPHARMA,2026-03-13,TEST_OOS,BULL,DEMAND,SINGLE (1-TF),1,False,False,False,False,True,8.5,78,-1.0,STOP,1,4,3.417841421964682,1.8838803142586475,False
SUNPHARMA,2026-03-20,TEST_OOS,BULL,SUPPLY,SINGLE (1-TF),1,False,False,False,False,True,8.5,78,2.0,T1,4,3,1.3881670494744032,4.509307537121177,True
SUNPHARMA,2026-03-30,TEST_OOS,BULL,DEMAND,DUAL (2-TF),2,False,False,False,True,True,10.0,85,-1.0,STOP,1,1,3.481777717526372,0.8450258704444314,False
SUNPHARMA,2026-04-08,TEST_OOS,SIDEWAYS,DEMAND,DUAL (2-TF),2,False,False,True,False,True,10.0,85,-1.0,STOP,1,1,5.042477236268328,0.0,False
SUNPHARMA,2026-04-16,TEST_OOS,SIDEWAYS,SUPPLY,SINGLE (1-TF),1,False,False,False,False,True,8.5,78,-1.0,STOP,1,7,3.5942882378919454,5.2330340055939875,False
SUNPHARMA,2026-04-23,TEST_OOS,SIDEWAYS,SUPPLY,SINGLE (1-TF),1,False,False,False,False,True,8.5,78,-1.0,STOP,1,2,5.276102254775245,3.694528220594558,False
SUNPHARMA,2026-05-15,TEST_OOS,BULL,SUPPLY,TRIPLE (3-TF),3,False,False,True,True,True,11.5,92,-1.0,STOP,1,1,3.537438616313931,0.0,False
SUNPHARMA,2026-05-22,TEST_OOS,BULL,DEMAND,DUAL (2-TF),2,False,False,False,True,True,10.0,85,-1.0,STOP,1,2,3.3171585819600744,1.3206711187269462,False
SUNPHARMA,2026-05-29,TEST_OOS,BULL,SUPPLY,DUAL (2-TF),2,False,False,True,False,True,10.0,85,-1.0,STOP,18,8,1.7870395894739095,1.8718590300896936,False
SUNPHARMA,2026-06-05,TEST_OOS,BULL,SUPPLY,DUAL (2-TF),2,False,False,True,False,True,10.0,85,-1.0,STOP,12,1,3.150346837149632,0.5583099571618056,False
SUNPHARMA,2026-06-12,TEST_OOS,BULL,SUPPLY,TRIPLE (3-TF),3,False,False,True,True,True,11.5,92,-1.0,STOP,7,1,3.150346837149632,0.5583099571618056,False
SUNPHARMA,2026-06-19,TEST_OOS,BULL,SUPPLY,DUAL (2-TF),2,False,False,True,False,True,10.0,85,-1.0,STOP,1,1,3.220365315045385,0.0,False
SUNPHARMA,2026-07-03,TEST_OOS,BULL,SUPPLY,DUAL (2-TF),2,False,False,True,False,True,10.0,85,-1.0,STOP,1,1,2.68303117813786,0.17059735814749744,False
SUNPHARMA,2026-07-17,TEST_OOS,BULL,DEMAND,SINGLE (1-TF),1,False,False,False,False,True,8.5,78,2.0,T1,1,6,0.17654083804974768,2.653304948335838,True
SUNPHARMA,2026-07-24,TEST_OOS,BULL,DEMAND,SINGLE (1-TF),1,False,False,False,False,True,8.5,78,2.0,T1,1,5,0.805665315338433,5.039256940524455,True
SUNPHARMA,2026-07-31,TEST_OOS,BULL,DEMAND,SINGLE (1-TF),1,False,False,False,False,True,8.5,78,-1.0,STOP,2,9,1.5578406169665786,2.210796915167095,False
SUNPHARMA,2026-08-14,TEST_OOS,BULL,DEMAND,SINGLE (1-TF),1,False,False,False,False,True,8.5,78,-1.0,STOP,1,1,4.441508283362124,0.0,False
SUNPHARMA,2026-08-21,TEST_OOS,BULL,DEMAND,DUAL (2-TF),2,False,False,True,False,True,10.0,85,2.0,T1,1,6,0.3809523809523833,5.015873015873013,True
TITAN,2022-06-16,TRAIN,BEAR,DEMAND,SINGLE (1-TF),1,False,False,False,False,True,8.5,78,-1.0,STOP,1,1,10.709806753187518,0.247496532198303,False
TITAN,2022-06-23,TRAIN,BEAR,SUPPLY,SINGLE (1-TF),1,False,False,False,False,True,8.5,78,2.0,T1,2,5,1.1013020319589628,11.446044584730714,True
TITAN,2022-06-30,TRAIN,BEAR,SUPPLY,SINGLE (1-TF),1,False,False,False,False,True,8.5,78,-1.0,STOP,4,2,9.682420707853755,1.9873091495281905,False
TITAN,2022-07-07,TRAIN,BEAR,SUPPLY,SINGLE (1-TF),1,False,False,False,False,True,8.5,78,-1.0,STOP,1,1,6.435574508788015,0.0,False
TITAN,2022-07-14,TRAIN,BEAR,SUPPLY,SINGLE (1-TF),1,False,False,False,False,True,8.5,78,-1.0,STOP,1,1,11.162506545644968,0.0,False
TITAN,2022-07-21,TRAIN,BULL,SUPPLY,DUAL (2-TF),2,False,False,False,True,True,10.0,85,-1.0,STOP,1,1,7.424184404449467,0.0,False
TITAN,2022-07-28,TRAIN,BULL,SUPPLY,DUAL (2-TF),2,False,False,False,True,True,10.0,85,-1.0,STOP,1,1,2.733041356604494,1.0220635245099532,False
TITAN,2022-08-04,TRAIN,BULL,SUPPLY,SINGLE (1-TF),1,False,False,False,False,True,8.5,78,-1.0,STOP,1,1,9.688145951289652,0.0,False
TITAN,2022-08-12,TRAIN,BULL,SUPPLY,SINGLE (1-TF),1,False,False,False,False,True,8.5,78,-1.0,STOP,1,1,2.1474665441435223,0.48843687781212264,False
TITAN,2022-08-22,TRAIN,BULL,DEMAND,SINGLE (1-TF),1,False,False,False,False,True,8.5,78,-1.0,STOP,1,1,2.912398590510527,1.2115873145947786,False
TITAN,2022-08-29,TRAIN,BULL,SUPPLY,SINGLE (1-TF),1,False,False,False,False,True,8.5,78,-1.0,STOP,1,1,8.97775234279993,0.0,False
TITAN,2022-09-13,TRAIN,BULL,SUPPLY,SINGLE (1-TF),1,False,False,False,False,True,8.5,78,-1.0,STOP,1,1,3.666314482482047,0.0,False
TITAN,2022-09-20,TRAIN,BULL,SUPPLY,SINGLE (1-TF),1,False,False,False,False,True,8.5,78,-1.0,STOP,1,2,3.7788014903826017,0.37451032200993895,False
TITAN,2022-09-27,TRAIN,BULL,SUPPLY,SINGLE (1-TF),1,False,False,False,False,True,8.5,78,-1.0,STOP,1,20,3.9471179109137973,5.362840889186728,False
TITAN,2022-10-04,TRAIN,BULL,DEMAND,DUAL (2-TF),2,False,False,False,True,True,10.0,85,2.0,T1,1,17,0.8938713215633807,7.559262887946021,True
TITAN,2022-10-12,TRAIN,BULL,DEMAND,DUAL (2-TF),2,False,False,False,True,True,10.0,85,2.0,T1,2,4,0.27133973996608396,3.0389271164304716,True
TITAN,2022-10-19,TRAIN,BULL,SUPPLY,DUAL (2-TF),2,False,False,False,True,True,10.0,85,-1.0,STOP,4,2,3.1677286229337263,0.6753437185853643,False
TITAN,2022-10-27,TRAIN,BULL,SUPPLY,SINGLE (1-TF),1,False,False,False,False,True,8.5,78,-1.0,STOP,1,1,4.339650045483383,0.0,False
TITAN,2022-11-03,TRAIN,BULL,DEMAND,DUAL (2-TF),2,False,False,False,True,True,10.0,85,-1.0,STOP,5,1,2.803563267477323,0.2700920785477226,False
TITAN,2022-11-11,TRAIN,BULL,DEMAND,DUAL (2-TF),2,False,False,False,True,True,10.0,85,-1.0,STOP,1,1,2.9811272691855253,0.0,False
TITAN,2022-11-18,TRAIN,BULL,SUPPLY,SINGLE (1-TF),1,False,False,False,False,True,8.5,78,2.0,T1,9,12,0.4976853620154997,6.4786946358455655,True
TITAN,2022-11-25,TRAIN,BULL,DEMAND,SINGLE (1-TF),1,False,False,False,False,True,8.5,78,-1.0,STOP,11,4,2.2852239763526923,2.1974518532513048,False
TITAN,2022-12-02,TRAIN,BULL,DEMAND,SINGLE (1-TF),1,False,False,False,False,True,8.5,78,-1.0,STOP,1,7,1.8651062757939239,1.4403906144038912,False
TITAN,2022-12-09,TRAIN,BULL,SUPPLY,DUAL (2-TF),2,False,False,False,True,True,10.0,85,3.5,T2,1,4,0.4930798526178817,3.914837291389296,True
TITAN,2022-12-16,TRAIN,SIDEWAYS,SUPPLY,SINGLE (1-TF),1,False,False,False,False,True,8.5,78,2.0,T1,9,8,1.609439537271426,4.520695033348752,True
TITAN,2022-12-23,TRAIN,SIDEWAYS,SUPPLY,SINGLE (1-TF),1,False,False,False,False,True,8.5,78,-1.0,STOP,2,2,3.5028207520120924,1.5107277419042138,False
TITAN,2022-12-30,TRAIN,BULL,DEMAND,SINGLE (1-TF),1,False,False,False,False,True,8.5,78,-1.0,STOP,7,1,1.8990593708910712,1.0547183169819019,False
TITAN,2023-01-06,TRAIN,BULL,SUPPLY,SINGLE (1-TF),1,False,False,False,False,True,8.5,78,2.0,T1,1,3,0.6389574738303457,5.334900488289732,True
TITAN,2023-01-13,TRAIN,SIDEWAYS,SUPPLY,DUAL (2-TF),2,False,False,False,True,True,10.0,85,-1.0,STOP,15,8,3.1380675872540476,1.4625438578492675,False
TITAN,2023-01-20,TRAIN,SIDEWAYS,SUPPLY,SINGLE (1-TF),1,False,False,False,False,True,8.5,78,-1.0,STOP,10,5,4.41609050911376,0.0,False
TITAN,2023-01-30,TRAIN,BEAR,SUPPLY,SINGLE (1-TF),1,False,False,False,False,True,8.5,78,-1.0,STOP,2,3,4.581877514757515,4.288862881111228,False
TITAN,2023-02-07,TRAIN,SIDEWAYS,SUPPLY,DUAL (2-TF),2,False,False,False,True,True,10.0,85,-1.0,STOP,1,4,4.41609050911376,0.0,False
TITAN,2023-02-14,TRAIN,BULL,DEMAND,SINGLE (1-TF),1,False,False,False,False,True,8.5,78,-1.0,STOP,5,2,2.1324727898278524,1.6315839173615385,False
TITAN,2023-02-21,TRAIN,SIDEWAYS,DEMAND,SINGLE (1-TF),1,False,False,False,False,True,8.5,78,-1.0,STOP,1,1,2.1919044785918005,0.706973308987958,False
TITAN,2023-02-28,TRAIN,SIDEWAYS,SUPPLY,DUAL (2-TF),2,False,False,False,True,True,10.0,85,-1.0,STOP,12,3,3.701050123507184,0.7631202955841563,False
TITAN,2023-03-08,TRAIN,SIDEWAYS,DEMAND,SINGLE (1-TF),1,False,False,False,False,True,8.5,78,-1.0,STOP,1,2,1.86132333371598,1.0747888048501437,False
TITAN,2023-03-15,TRAIN,SIDEWAYS,SUPPLY,DUAL (2-TF),2,False,False,False,True,True,10.0,85,-1.0,STOP,1,1,5.399709239808337,0.0,False
TITAN,2023-03-22,TRAIN,SIDEWAYS,SUPPLY,DUAL (2-TF),2,False,False,False,True,True,10.0,85,-1.0,STOP,1,1,3.966392715366952,0.0,False
TITAN,2023-03-29,TRAIN,SIDEWAYS,SUPPLY,DUAL (2-TF),2,False,False,False,True,True,10.0,85,-1.0,STOP,1,2,1.3804819782738544,0.637580101044329,False
TITAN,2023-04-10,TRAIN,BULL,SUPPLY,DUAL (2-TF),2,False,False,False,True,True,10.0,85,-1.0,STOP,1,1,3.725001210595127,0.0,False
TITAN,2023-04-18,TRAIN,BULL,SUPPLY,DUAL (2-TF),2,False,False,False,True,True,10.0,85,-1.0,STOP,1,1,1.861134959980076,0.0,False
TITAN,2023-04-25,TRAIN,BULL,SUPPLY,DUAL (2-TF),2,False,False,False,True,True,10.0,85,-1.0,STOP,1,1,2.7156166622788285,0.0,False
TITAN,2023-05-03,TRAIN,BULL,SUPPLY,SINGLE (1-TF),1,False,False,False,False,True,8.5,78,-1.0,STOP,1,1,2.016138310846577,0.0,False
TITAN,2023-05-10,TRAIN,BULL,DEMAND,SINGLE (1-TF),1,False,False,False,False,True,8.5,78,2.0,T1,10,4,0.3621010934848234,5.302626555844076,True
TITAN,2023-05-17,TRAIN,BULL,SUPPLY,SINGLE (1-TF),1,False,False,False,False,True,8.5,78,-1.0,STOP,1,8,3.8150530261814484,1.7696509886047662,False
TITAN,2023-05-24,TRAIN,BULL,SUPPLY,DUAL (2-TF),2,False,False,False,True,True,10.0,85,-1.0,STOP,4,1,2.8782939966487127,0.629558062706479,False
TITAN,2023-06-07,TRAIN,BULL,SUPPLY,SINGLE (1-TF),1,False,False,False,False,True,8.5,78,-1.0,STOP,1,1,3.2454564325748136,0.0,False
TITAN,2023-06-14,TRAIN,BULL,SUPPLY,SINGLE (1-TF),1,False,False,False,False,True,8.5,78,-1.0,STOP,1,2,2.911906807713439,0.0,False
TITAN,2023-06-21,TRAIN,BULL,DEMAND,DUAL (2-TF),2,False,False,False,True,True,10.0,85,2.0,T1,31,4,0.6617769860268323,2.939723320158111,True
TITAN,2023-06-28,TRAIN,BULL,DEMAND,DUAL (2-TF),2,False,False,False,True,True,10.0,85,-1.0,STOP,18,8,2.696652185024274,2.767527046596807,False
TITAN,2023-07-06,TRAIN,BULL,DEMAND,SINGLE (1-TF),1,False,False,False,False,True,8.5,78,-1.0,STOP,3,6,2.5277615429573466,3.43930981350618,False
TITAN,2023-07-20,TRAIN,BULL,SUPPLY,DUAL (2-TF),2,False,False,False,True,True,10.0,85,-1.0,STOP,17,16,3.3365052932080412,2.536576662305221,False
TITAN,2023-07-27,TRAIN,BULL,DEMAND,SINGLE (1-TF),1,False,False,False,False,True,8.5,78,-1.0,STOP,2,4,3.2288563789229605,1.6212058057060803,False
TITAN,2023-08-03,TRAIN,BULL,SUPPLY,DUAL (2-TF),2,False,False,False,True,True,10.0,85,-1.0,STOP,1,6,3.9812181507681594,2.2898934622874245,False
TITAN,2023-08-10,TRAIN,BULL,SUPPLY,DUAL (2-TF),2,False,False,False,True,True,10.0,85,-1.0,STOP,2,3,2.583255419757984,0.7947184685442193,False
TITAN,2023-08-18,TRAIN,BULL,SUPPLY,DUAL (2-TF),2,False,False,False,True,True,10.0,85,-1.0,STOP,1,1,2.6848233323692203,0.0,False
TITAN,2023-08-25,TRAIN,BULL,DEMAND,SINGLE (1-TF),1,False,False,False,False,True,8.5,78,2.0,T1,1,11,1.0761420652195364,4.916124704907576,True
TITAN,2023-09-08,TRAIN,BULL,DEMAND,DUAL (2-TF),2,False,False,False,True,True,10.0,85,2.0,T1,16,3,0.6934183205369635,5.8557470986849545,True
TITAN,2023-09-15,TRAIN,BULL,DEMAND,SINGLE (1-TF),1,False,False,False,False,True,8.5,78,-1.0,STOP,8,1,2.3101626437376885,1.5828020178999176,False
TITAN,2023-09-25,TRAIN,BULL,DEMAND,SINGLE (1-TF),1,False,False,False,False,True,8.5,78,-1.0,STOP,1,2,2.3178285215485652,1.6340567261291201,False
TITAN,2023-10-03,TRAIN,BULL,SUPPLY,SINGLE (1-TF),1,False,False,False,False,True,8.5,78,-1.0,STOP,3,7,3.5606155778894437,1.541143216080407,False
TITAN,2023-10-10,TRAIN,BULL,DEMAND,DUAL (2-TF),2,False,False,False,True,True,10.0,85,-1.0,STOP,10,2,3.8691877436486557,1.8170461465062078,False
TITAN,2023-10-17,TRAIN,BULL,SUPPLY,SINGLE (1-TF),1,False,False,False,False,True,8.5,78,2.0,T1,1,6,1.8653153918645538,5.369463455329134,True
TITAN,2023-10-25,TRAIN,BULL,SUPPLY,SINGLE (1-TF),1,False,False,False,False,True,8.5,78,2.0,T1,9,4,0.46414261781317667,2.582842286108383,True
TITAN,2023-11-01,TRAIN,BULL,SUPPLY,DUAL (2-TF),2,False,False,False,True,True,10.0,85,-1.0,STOP,1,3,3.83175616615362,0.6118648576749187,False
TITAN,2023-11-08,TRAIN,BULL,SUPPLY,SINGLE (1-TF),1,False,False,False,False,True,8.5,78,-1.0,STOP,1,1,3.7020937477359914,0.0,False
TITAN,2023-11-16,TRAIN,BULL,SUPPLY,DUAL (2-TF),2,False,False,False,True,True,10.0,85,-1.0,STOP,1,1,2.3411864016575854,0.9046120788887976,False
TITAN,2023-12-01,TRAIN,BULL,SUPPLY,SINGLE (1-TF),1,False,False,False,False,True,8.5,78,-1.0,STOP,1,1,3.8635699031449158,0.0,False
TITAN,2023-12-08,TRAIN,BULL,DEMAND,SINGLE (1-TF),1,False,False,False,False,True,8.5,78,2.0,T1,9,11,0.879056500211868,5.633810827951207,True
TITAN,2023-12-15,TRAIN,BULL,SUPPLY,SINGLE (1-TF),1,False,False,False,False,True,8.5,78,2.0,T1,2,2,1.0108453837597307,2.465239154616243,True
TITAN,2023-12-22,TRAIN,BULL,SUPPLY,SINGLE (1-TF),1,False,False,False,False,True,8.5,78,-1.0,STOP,1,2,2.341910551600329,1.381936948777175,False
TITAN,2024-01-08,TRAIN,BULL,DEMAND,SINGLE (1-TF),1,False,False,False,False,True,8.5,78,2.0,T1,1,14,1.6194861099388205,4.826057716655276,True
TITAN,2024-01-15,TRAIN,BULL,SUPPLY,SINGLE (1-TF),1,False,False,False,False,True,8.5,78,-1.0,STOP,1,1,4.045175712064741,0.0,False
TITAN,2024-01-23,TRAIN,BULL,SUPPLY,SINGLE (1-TF),1,False,False,False,False,True,8.5,78,-1.0,STOP,1,4,1.7807574563931234,2.9640517519417524,False
TITAN,2024-01-31,TRAIN,BULL,DEMAND,SINGLE (1-TF),1,False,False,False,False,True,8.5,78,-1.0,STOP,1,1,4.492886731270265,0.12210241071930492,False
TITAN,2024-02-07,TRAIN,BULL,SUPPLY,SINGLE (1-TF),1,False,False,False,False,True,8.5,78,-1.0,STOP,1,17,4.473640817535703,3.028448297545887,False
TITAN,2024-02-21,TRAIN,BULL,DEMAND,SINGLE (1-TF),1,False,False,False,False,True,8.5,78,-1.0,STOP,2,36,3.5106636232513297,6.477433448628355,False
TITAN,2024-02-28,TRAIN,BULL,SUPPLY,DUAL (2-TF),2,False,False,False,True,True,10.0,85,-1.0,STOP,3,1,2.7777548658137845,1.252917838613629,False
TITAN,2024-03-06,TRAIN,BULL,SUPPLY,DUAL (2-TF),2,False,False,False,True,True,10.0,85,-1.0,STOP,1,1,5.351118478324344,0.0,False
TITAN,2024-03-14,TRAIN,BULL,SUPPLY,SINGLE (1-TF),1,False,False,False,False,True,8.5,78,-1.0,STOP,1,9,5.738268006485859,2.2850722150682463,False
TITAN,2024-03-21,TRAIN,BULL,SUPPLY,SINGLE (1-TF),1,False,False,False,False,True,8.5,78,-1.0,STOP,1,1,2.5790011893249734,1.1876576967110102,False
TITAN,2024-04-01,TRAIN,BULL,DEMAND,SINGLE (1-TF),1,False,False,False,False,True,8.5,78,-1.0,STOP,4,6,2.925696002795479,2.9770192134445024,False
TITAN,2024-04-08,TRAIN,BULL,SUPPLY,SINGLE (1-TF),1,False,False,False,False,True,8.5,78,2.0,T1,1,6,1.4463482262198406,6.739584706037386,True
TITAN,2024-04-24,TRAIN,BULL,SUPPLY,DUAL (2-TF),2,False,False,False,True,True,10.0,85,3.5,T2,1,7,1.5561619173535037,10.086359672564628,True
TITAN,2024-05-02,TRAIN,BULL,SUPPLY,SINGLE (1-TF),1,False,False,False,False,True,8.5,78,3.5,T2,1,2,0.27848884638105403,10.086359672564628,True
TITAN,2024-05-10,TRAIN,BEAR,DEMAND,TRIPLE (3-TF),3,False,False,True,True,True,11.5,92,2.0,T1,1,8,1.35886654253548,5.661121866406892,True
TITAN,2024-05-17,TRAIN,SIDEWAYS,SUPPLY,SINGLE (1-TF),1,False,False,False,False,True,8.5,78,-1.0,STOP,1,1,4.009170208007156,0.0,False
TITAN,2024-05-27,TRAIN,SIDEWAYS,DEMAND,TRIPLE (3-TF),3,False,False,True,True,True,11.5,92,-1.0,STOP,3,1,3.862983544065937,0.9822256822337307,False
TITAN,2024-06-03,TRAIN,BEAR,DEMAND,TRIPLE (3-TF),3,False,False,True,True,True,11.5,92,-1.0,STOP,1,1,4.763292192442049,0.0,False
TITAN,2024-06-11,TRAIN,SIDEWAYS,DEMAND,TRIPLE (3-TF),3,False,False,True,True,True,11.5,92,-1.0,STOP,18,1,5.787642879021757,0.4176055462383652,False
TITAN,2024-06-19,TRAIN,SIDEWAYS,DEMAND,DUAL (2-TF),2,False,False,False,True,True,10.0,85,-1.0,STOP,1,10,3.437708078308682,3.536567990904891,False
TITAN,2024-06-26,TRAIN,BEAR,DEMAND,DUAL (2-TF),2,False,False,True,False,True,10.0,85,-1.0,STOP,1,5,2.2695035460992874,0.8916747594243897,False
TITAN,2024-07-03,TRAIN,BEAR,DEMAND,TRIPLE (3-TF),3,False,False,True,True,True,11.5,92,-1.0,STOP,1,1,2.1797930172130866,0.6680678354897709,False
TITAN,2024-07-10,TRAIN,BEAR,SUPPLY,SINGLE (1-TF),1,False,False,False,False,True,8.5,78,-1.0,STOP,7,2,8.660830809386622,1.4115633695304266,False
TITAN,2024-07-18,TRAIN,BEAR,SUPPLY,SINGLE (1-TF),1,False,False,False,False,True,8.5,78,-1.0,STOP,1,1,0.9871010531144018,1.2610719576522817,False
TITAN,2024-07-26,TRAIN,SIDEWAYS,SUPPLY,DUAL (2-TF),2,False,False,False,True,True,10.0,85,-1.0,STOP,1,1,7.10706458841201,0.0,False
TITAN,2024-08-02,TRAIN,SIDEWAYS,DEMAND,SINGLE (1-TF),1,False,False,False,False,True,8.5,78,-1.0,STOP,1,1,5.107511401851934,0.0,False
TITAN,2024-08-09,TRAIN,BEAR,SUPPLY,SINGLE (1-TF),1,False,False,False,False,True,8.5,78,-1.0,STOP,1,5,5.070272945067027,1.4992969688191975,False
TITAN,2024-08-26,TRAIN,BULL,DEMAND,SINGLE (1-TF),1,False,False,False,False,True,8.5,78,-1.0,STOP,31,2,1.8648375893887368,3.304599778498117,False
TITAN,2024-09-02,TRAIN,SIDEWAYS,SUPPLY,DUAL (2-TF),2,False,False,True,False,True,10.0,85,-1.0,STOP,1,3,5.708116440588142,0.0,False
TITAN,2024-09-09,TRAIN,BULL,DEMAND,SINGLE (1-TF),1,False,False,False,False,True,8.5,78,-1.0,STOP,20,1,3.539640345763452,3.888862545361232,False
TITAN,2024-09-16,TRAIN,BULL,SUPPLY,TRIPLE (3-TF),3,False,False,True,True,True,11.5,92,-1.0,STOP,1,1,3.0189278072964303,0.0,False
TITAN,2024-09-23,TRAIN,BULL,DEMAND,DUAL (2-TF),2,False,False,False,True,True,10.0,85,-1.0,STOP,3,5,3.1558712020078032,2.6002563144123423,False
TITAN,2024-09-30,TRAIN,BULL,SUPPLY,DUAL (2-TF),2,False,False,True,False,True,10.0,85,2.0,T1,1,3,2.0780601935552565,4.224715516324568,True
TITAN,2024-10-08,TRAIN,SIDEWAYS,DEMAND,TRIPLE (3-TF),3,False,False,True,True,True,11.5,92,-1.0,STOP,1,1,3.539640345763452,0.0,False
TITAN,2024-10-15,TRAIN,SIDEWAYS,SUPPLY,SINGLE (1-TF),1,False,False,False,False,True,8.5,78,2.0,T1,1,8,1.0303665766020078,7.474118412941652,True
TITAN,2024-10-29,TRAIN,BEAR,SUPPLY,DUAL (2-TF),2,False,False,False,True,True,10.0,85,2.0,T1,2,5,0.6285857126308504,5.6664166956267294,True
TITAN,2024-11-05,TRAIN,BEAR,SUPPLY,SINGLE (1-TF),1,False,False,False,False,True,8.5,78,-1.0,STOP,10,3,3.337982706799402,3.4543199056958955,False
TITAN,2024-11-12,TRAIN,BEAR,DEMAND,DUAL (2-TF),2,False,False,True,False,True,10.0,85,2.0,T1,2,6,1.3838213468603748,5.970083130543745,True
TITAN,2024-11-21,TRAIN,BEAR,DEMAND,DUAL (2-TF),2,False,False,True,False,True,10.0,85,2.0,T1,1,1,1.2389950408631614,4.051277032977791,True
TITAN,2024-11-28,TRAIN,BEAR,SUPPLY,SINGLE (1-TF),1,False,False,False,False,True,8.5,78,-1.0,STOP,1,3,5.161063338161707,0.0,False
TITAN,2024-12-05,TRAIN,SIDEWAYS,DEMAND,DUAL (2-TF),2,False,False,True,False,True,10.0,85,2.0,T1,16,6,2.2999558754165186,6.7026763842186075,True
TITAN,2024-12-12,TRAIN,SIDEWAYS,DEMAND,DUAL (2-TF),2,False,False,False,True,True,10.0,85,-1.0,STOP,6,6,3.477319359450622,1.6214130610340445,False
TITAN,2024-12-19,TRAIN,BEAR,SUPPLY,SINGLE (1-TF),1,False,False,False,False,True,8.5,78,-1.0,STOP,11,2,4.581900140940796,1.2296275808497041,False
TITAN,2024-12-27,TRAIN,BEAR,SUPPLY,SINGLE (1-TF),1,False,False,False,False,True,8.5,78,-1.0,STOP,6,2,4.581900140940796,1.2296275808497041,False
TITAN,2025-01-03,TRAIN,SIDEWAYS,SUPPLY,DUAL (2-TF),2,False,False,False,True,True,10.0,85,-1.0,STOP,1,1,6.627073906485665,0.0,False
TITAN,2025-01-10,TRAIN,SIDEWAYS,DEMAND,DUAL (2-TF),2,False,False,False,True,True,10.0,85,-1.0,STOP,2,22,5.203505031579142,7.761904903302821,False
TITAN,2025-01-17,TRAIN,SIDEWAYS,SUPPLY,SINGLE (1-TF),1,False,False,False,False,True,8.5,78,-1.0,STOP,2,9,4.36222029033833,2.38028605113671,False
TITAN,2025-01-24,TRAIN,SIDEWAYS,SUPPLY,SINGLE (1-TF),1,False,False,False,False,True,8.5,78,-1.0,STOP,1,5,4.54492584186558,2.209384515817318,False
TITAN,2025-01-31,TRAIN,SIDEWAYS,SUPPLY,SINGLE (1-TF),1,False,False,False,False,True,8.5,78,-1.0,STOP,1,1,7.06597453303163,0.28661431296863377,False
TITAN,2025-02-07,TRAIN,SIDEWAYS,DEMAND,TRIPLE (3-TF),3,False,False,True,True,True,11.5,92,-1.0,STOP,2,1,2.9386036930334014,1.612455404457308,False
TITAN,2025-02-21,TRAIN,BEAR,DEMAND,TRIPLE (3-TF),3,False,False,True,True,True,11.5,92,-1.0,STOP,1,1,3.253690874491607,0.0,False
TITAN,2025-03-03,TRAIN,BEAR,SUPPLY,DUAL (2-TF),2,False,False,False,True,True,10.0,85,-1.0,STOP,13,17,5.038082770993077,7.869488457893412,False
TITAN,2025-03-10,TRAIN,BEAR,DEMAND,DUAL (2-TF),2,False,False,True,False,True,10.0,85,-1.0,STOP,1,2,1.768781550034647,1.082186809198579,False
TITAN,2025-03-18,TRAIN,BEAR,DEMAND,SINGLE (1-TF),1,False,False,False,False,True,8.5,78,-1.0,STOP,1,9,3.1819310489035217,4.058195457278027,False
TITAN,2025-03-25,TRAIN,BEAR,SUPPLY,SINGLE (1-TF),1,False,False,False,False,True,8.5,78,-1.0,STOP,4,6,4.10473318422769,5.645022544382734,False
TITAN,2025-04-02,TRAIN,BEAR,SUPPLY,DUAL (2-TF),2,False,False,False,True,True,10.0,85,-1.0,STOP,1,1,3.394453304804082,2.5068764095401184,False
TITAN,2025-04-09,TRAIN,BEAR,DEMAND,DUAL (2-TF),2,False,False,True,False,True,10.0,85,2.0,T1,1,1,0.26789193401740485,4.632095077282767,True
TITAN,2025-04-21,TRAIN,SIDEWAYS,DEMAND,SINGLE (1-TF),1,False,False,False,False,True,8.5,78,2.0,T1,11,3,0.8521626856036231,7.839158904362262,True
TITAN,2025-04-28,TRAIN,SIDEWAYS,DEMAND,SINGLE (1-TF),1,False,False,False,False,True,8.5,78,-1.0,STOP,1,5,3.330056230292432,1.5400386058723983,False
TITAN,2025-05-06,TRAIN,SIDEWAYS,DEMAND,SINGLE (1-TF),1,False,False,False,False,True,8.5,78,-1.0,STOP,1,1,3.330056230292432,0.7058760056110316,False
TITAN,2025-05-13,TRAIN,BULL,SUPPLY,TRIPLE (3-TF),3,False,False,True,True,True,11.5,92,-1.0,STOP,1,32,6.004254779420242,3.0907686276318462,False
TITAN,2025-05-20,TRAIN,BULL,DEMAND,DUAL (2-TF),2,False,False,False,True,True,10.0,85,-1.0,STOP,3,7,2.4499490241154063,2.1553903114753683,False
TITAN,2025-05-27,TRAIN,BULL,DEMAND,DUAL (2-TF),2,False,False,False,True,True,10.0,85,-1.0,STOP,1,4,2.4992378651190617,2.075829597931509,False
TITAN,2025-06-03,TRAIN,BULL,DEMAND,DUAL (2-TF),2,False,False,False,True,True,10.0,85,-1.0,STOP,1,1,2.2161188704596455,0.42058554540630516,False
TITAN,2025-06-10,TRAIN,BULL,DEMAND,DUAL (2-TF),2,False,False,False,True,True,10.0,85,-1.0,STOP,1,2,3.3519821152347937,0.0,False
TITAN,2025-06-17,TRAIN,SIDEWAYS,SUPPLY,TRIPLE (3-TF),3,False,False,True,True,True,11.5,92,-1.0,STOP,4,2,1.191573910983098,1.4750508859725893,False
TITAN,2025-06-24,TRAIN,BULL,DEMAND,DUAL (2-TF),2,False,False,False,True,True,10.0,85,-1.0,STOP,13,1,1.7765826909415412,0.7981705777709951,False
TITAN,2025-07-01,TRAIN,BULL,SUPPLY,TRIPLE (3-TF),3,False,False,True,True,True,11.5,92,-1.0,STOP,1,1,1.9561578361948444,0.0,False
TITAN,2025-07-15,TRAIN,SIDEWAYS,SUPPLY,SINGLE (1-TF),1,False,False,False,False,True,8.5,78,-1.0,STOP,1,5,2.052736884721684,1.5968339093240032,False
TITAN,2025-07-22,TRAIN,BULL,SUPPLY,SINGLE (1-TF),1,False,False,False,False,True,8.5,78,-1.0,STOP,1,1,2.094669554651603,0.0,False
TITAN,2025-07-29,TRAIN,SIDEWAYS,DEMAND,TRIPLE (3-TF),3,False,False,True,True,True,11.5,92,-1.0,STOP,1,1,3.660171509141756,0.0,False
TITAN,2025-08-05,TRAIN,SIDEWAYS,SUPPLY,DUAL (2-TF),2,False,False,False,True,True,10.0,85,-1.0,STOP,1,1,3.6646761267377177,0.0,False
TITAN,2025-08-12,TRAIN,BULL,DEMAND,DUAL (2-TF),2,False,False,False,True,True,10.0,85,-1.0,STOP,29,3,3.8957778711877085,0.823466909532471,False
TITAN,2025-08-20,TRAIN,BULL,DEMAND,DUAL (2-TF),2,False,False,False,True,True,10.0,85,-1.0,STOP,22,1,1.415760252329644,0.6276613791299107,False
TITAN,2025-08-28,TRAIN,BULL,DEMAND,DUAL (2-TF),2,False,False,False,True,True,10.0,85,2.0,T1,1,5,1.1933334077538698,4.033500407452479,True
TITAN,2025-09-04,VALIDATION,BULL,DEMAND,DUAL (2-TF),2,False,False,True,False,True,10.0,85,-1.0,STOP,2,5,2.700215294098322,1.0156622347856077,False
TITAN,2025-09-11,VALIDATION,BULL,SUPPLY,DUAL (2-TF),2,False,False,False,True,True,10.0,85,-1.0,STOP,26,1,2.652806196014877,0.5473695774570602,False
TITAN,2025-09-18,VALIDATION,BULL,SUPPLY,DUAL (2-TF),2,False,False,False,True,True,10.0,85,-1.0,STOP,20,1,3.649285650304547,1.2333169115012526,False
TITAN,2025-09-25,VALIDATION,SIDEWAYS,SUPPLY,SINGLE (1-TF),1,False,False,False,False,True,8.5,78,-1.0,STOP,9,6,4.007063220394185,1.4612180054974349,False
TITAN,2025-10-03,VALIDATION,SIDEWAYS,SUPPLY,ATZ (4-TF),4,True,True,True,True,True,13.0,100,-1.0,STOP,1,1,3.9766353449211698,0.0,False
TITAN,2025-10-17,VALIDATION,BULL,SUPPLY,ATZ (4-TF),4,True,True,True,True,True,13.0,100,-1.0,STOP,1,1,4.623118953780003,0.0,False
TITAN,2025-11-03,VALIDATION,BULL,DEMAND,SINGLE (1-TF),1,False,False,False,False,True,8.5,78,2.0,T1,1,12,2.8527766334896985,4.794759012929713,True
TITAN,2025-11-18,VALIDATION,BULL,DEMAND,SINGLE (1-TF),1,False,False,False,False,True,8.5,78,2.0,T1,15,9,0.6357221639004444,4.951031852550728,True
TITAN,2025-11-25,VALIDATION,BULL,SUPPLY,ATZ (4-TF),4,True,True,True,True,True,13.0,100,-1.0,STOP,1,18,2.0345201798356736,3.39698206811017,False
TITAN,2025-12-02,VALIDATION,BULL,DEMAND,SINGLE (1-TF),1,False,False,False,False,True,8.5,78,-1.0,STOP,1,1,2.2842094087365,0.6504856631613264,False
TITAN,2025-12-09,VALIDATION,BULL,DEMAND,DUAL (2-TF),2,False,False,True,False,True,10.0,85,2.0,T1,1,5,1.4193579007319574,3.4820807053810605,True
TITAN,2025-12-16,VALIDATION,BULL,DEMAND,TRIPLE (3-TF),3,False,False,True,True,True,11.5,92,2.0,T1,1,8,0.43708232543453807,4.860877348175872,True
TITAN,2025-12-23,VALIDATION,BULL,DEMAND,DUAL (2-TF),2,False,False,False,True,True,10.0,85,2.0,T1,1,10,0.7635653472550274,9.722629973322439,True
TITAN,2025-12-31,VALIDATION,BULL,DEMAND,DUAL (2-TF),2,False,False,False,True,True,10.0,85,3.5,T2,21,3,2.1065893850179873,5.532640251880924,True
TITAN,2026-01-07,VALIDATION,BULL,DEMAND,SINGLE (1-TF),1,False,False,False,False,True,8.5,78,-1.0,STOP,12,2,2.3868068194480525,1.8831482375663975,False
TITAN,2026-01-21,VALIDATION,BULL,DEMAND,DUAL (2-TF),2,False,False,False,True,True,10.0,85,-1.0,STOP,1,3,3.0567878889227758,1.18385976647419,False
TITAN,2026-01-29,VALIDATION,BULL,SUPPLY,SINGLE (1-TF),1,False,False,False,False,True,8.5,78,-1.0,STOP,4,4,4.757801864520675,0.7705241287292305,False
TITAN,2026-02-05,VALIDATION,BULL,SUPPLY,DUAL (2-TF),2,False,False,False,True,True,10.0,85,-1.0,STOP,1,2,4.757801864520675,0.3042708700029818,False
TITAN,2026-02-12,VALIDATION,BULL,DEMAND,SINGLE (1-TF),1,False,False,False,False,True,8.5,78,2.0,T1,3,7,0.2946121827952265,5.022943892854194,True
TITAN,2026-02-19,VALIDATION,BULL,DEMAND,SINGLE (1-TF),1,False,False,False,False,True,8.5,78,-1.0,STOP,9,6,3.5230345800649356,2.9034680846468928,False
TITAN,2026-02-26,VALIDATION,BULL,DEMAND,DUAL (2-TF),2,False,False,False,True,True,10.0,85,-1.0,STOP,3,1,4.428315483724014,1.3410101133436632,False
TITAN,2026-03-06,TEST_OOS,BULL,DEMAND,DUAL (2-TF),2,False,False,False,True,True,10.0,85,-1.0,STOP,1,1,3.7447783728951958,0.6856504169083443,False
TITAN,2026-03-13,TEST_OOS,BULL,DEMAND,TRIPLE (3-TF),3,False,False,True,True,True,11.5,92,-1.0,STOP,1,1,3.7931791269031656,0.0,False
TITAN,2026-03-20,TEST_OOS,BULL,DEMAND,TRIPLE (3-TF),3,False,False,True,True,True,11.5,92,-1.0,STOP,1,1,6.49061101954321,1.452250608272507,False
TITAN,2026-03-30,TEST_OOS,BULL,DEMAND,TRIPLE (3-TF),3,False,False,True,True,True,11.5,92,2.0,T1,1,3,0.9163453870340156,7.786650005841452,True
TITAN,2026-04-16,TEST_OOS,BULL,DEMAND,SINGLE (1-TF),1,False,False,False,False,True,8.5,78,-1.0,STOP,1,15,4.782125209624319,1.7655525562959045,False
TITAN,2026-04-30,TEST_OOS,BULL,SUPPLY,TRIPLE (3-TF),3,False,False,True,True,True,11.5,92,2.0,T1,1,6,0.8251887266664845,5.914610707892743,True
TITAN,2026-05-07,TEST_OOS,BULL,SUPPLY,DUAL (2-TF),2,False,False,False,True,True,10.0,85,2.0,T1,31,3,0.4932537953076304,3.5338127406115936,True
TITAN,2026-05-15,TEST_OOS,BULL,SUPPLY,SINGLE (1-TF),1,False,False,False,False,True,8.5,78,-1.0,STOP,15,10,4.860145281916088,5.773345897396142,False
TITAN,2026-05-22,TEST_OOS,BULL,DEMAND,TRIPLE (3-TF),3,False,False,True,True,True,11.5,92,-1.0,STOP,1,6,3.1260535998855277,0.8147434855691497,False
TITAN,2026-05-29,TEST_OOS,BULL,DEMAND,TRIPLE (3-TF),3,False,False,True,True,True,11.5,92,-1.0,STOP,1,1,3.490063600688198,0.2745075296255626,False
TITAN,2026-06-05,TEST_OOS,BULL,DEMAND,DUAL (2-TF),2,False,False,False,True,True,10.0,85,-1.0,STOP,3,2,3.3463107382928063,2.853724009504254,False
TITAN,2026-06-12,TEST_OOS,BULL,SUPPLY,DUAL (2-TF),2,False,False,True,False,True,10.0,85,-1.0,STOP,1,1,4.679980544889735,1.2714256734132228,False
TITAN,2026-06-19,TEST_OOS,BULL,DEMAND,SINGLE (1-TF),1,False,False,False,False,True,8.5,78,2.0,T1,3,10,2.6048785677446533,7.328259104817271,True
TITAN,2026-06-26,TEST_OOS,BULL,SUPPLY,DUAL (2-TF),2,False,False,True,False,True,10.0,85,-1.0,STOP,3,1,3.018906888164853,2.229819650314336,False
TITAN,2026-07-03,TEST_OOS,BULL,SUPPLY,DUAL (2-TF),2,False,False,False,True,True,10.0,85,-1.0,STOP,1,1,5.381716003949792,0.0,False
TITAN,2026-07-24,TEST_OOS,BULL,DEMAND,SINGLE (1-TF),1,False,False,False,False,True,8.5,78,3.5,T2,1,2,0.8463625791445767,4.664685359865624,True
TITAN,2026-08-24,TEST_OOS,BULL,DEMAND,SINGLE (1-TF),1,False,False,False,False,True,8.5,78,2.0,T1,1,3,0.1976284584980237,2.503952569169957,True
BAJFINANCE,2022-06-16,TRAIN,BEAR,SUPPLY,SINGLE (1-TF),1,False,False,False,False,True,8.5,78,-1.0,STOP,8,8,6.019867190185843,5.524092134546832,False
BAJFINANCE,2022-06-23,TRAIN,BEAR,DEMAND,SINGLE (1-TF),1,False,False,False,False,True,8.5,78,2.0,T1,1,20,3.989533233825341,13.315643024305746,True
BAJFINANCE,2022-06-30,TRAIN,BEAR,SUPPLY,SINGLE (1-TF),1,False,False,False,False,True,8.5,78,-1.0,STOP,1,1,2.3442285205189592,3.0866603559960644,False
BAJFINANCE,2022-07-07,TRAIN,BEAR,SUPPLY,SINGLE (1-TF),1,False,False,False,False,True,8.5,78,-1.0,STOP,1,3,6.019867190185843,0.0,False
BAJFINANCE,2022-07-14,TRAIN,BEAR,SUPPLY,DUAL (2-TF),2,False,False,False,True,True,10.0,85,-1.0,STOP,1,2,7.458338610744211,0.0,False
BAJFINANCE,2022-07-29,TRAIN,BULL,SUPPLY,SINGLE (1-TF),1,False,False,False,False,True,8.5,78,-1.0,STOP,1,1,16.279031969704352,0.0,False
BAJFINANCE,2022-08-05,TRAIN,BULL,DEMAND,SINGLE (1-TF),1,False,False,False,False,True,8.5,78,2.0,T1,3,4,2.148767308341774,5.191095350669817,True
BAJFINANCE,2022-08-16,TRAIN,BULL,DEMAND,SINGLE (1-TF),1,False,False,False,False,True,8.5,78,-1.0,STOP,1,5,4.328836261283125,3.6494224983014565,False
BAJFINANCE,2022-08-23,TRAIN,BULL,DEMAND,SINGLE (1-TF),1,False,False,False,False,True,8.5,78,-1.0,STOP,1,2,4.6671565840739975,0.0,False
BAJFINANCE,2022-08-30,TRAIN,BULL,SUPPLY,SINGLE (1-TF),1,False,False,False,False,True,8.5,78,-1.0,STOP,1,1,4.0843252961389505,0.6698467471835995,False
BAJFINANCE,2022-09-07,TRAIN,BULL,DEMAND,DUAL (2-TF),2,False,False,False,True,True,10.0,85,2.0,T1,35,4,0.4782863849765244,3.9583333333333357,True
BAJFINANCE,2022-09-14,TRAIN,BULL,DEMAND,DUAL (2-TF),2,False,False,False,True,True,10.0,85,2.0,T1,1,4,1.493456505003859,5.685492336762545,True
BAJFINANCE,2022-09-21,TRAIN,BULL,DEMAND,SINGLE (1-TF),1,False,False,False,False,True,8.5,78,-1.0,STOP,4,3,4.020642804764994,1.0155374462138762,False
BAJFINANCE,2022-09-28,TRAIN,BULL,DEMAND,DUAL (2-TF),2,False,False,False,True,True,10.0,85,-1.0,STOP,1,1,4.020642804764994,0.0,False
BAJFINANCE,2022-10-06,TRAIN,BULL,DEMAND,DUAL (2-TF),2,False,False,False,True,True,10.0,85,-1.0,STOP,2,13,5.2174156047395375,2.4270623742454736,False
BAJFINANCE,2022-10-13,TRAIN,BULL,SUPPLY,SINGLE (1-TF),1,False,False,False,False,True,8.5,78,-1.0,STOP,2,4,2.5329451640577743,0.6610128967835298,False
BAJFINANCE,2022-10-20,TRAIN,BULL,DEMAND,DUAL (2-TF),2,False,False,False,True,True,10.0,85,-1.0,STOP,1,4,5.0542375253691665,2.6034012177199117,False
BAJFINANCE,2022-10-28,TRAIN,BULL,SUPPLY,SINGLE (1-TF),1,False,False,False,False,True,8.5,78,2.0,T1,3,26,0.6125053168864384,8.97065078689919,True
BAJFINANCE,2022-11-04,TRAIN,BULL,SUPPLY,DUAL (2-TF),2,False,False,False,True,True,10.0,85,2.0,T1,1,3,0.7453469057455598,3.2298365915640925,True
BAJFINANCE,2022-11-28,TRAIN,SIDEWAYS,DEMAND,SINGLE (1-TF),1,False,False,False,False,True,8.5,78,-1.0,STOP,3,6,1.8707872896510631,1.2701178412582053,False
BAJFINANCE,2022-12-05,TRAIN,SIDEWAYS,DEMAND,SINGLE (1-TF),1,False,False,False,False,True,8.5,78,-1.0,STOP,1,3,1.8707872896510631,0.7473978632674563,False
BAJFINANCE,2022-12-12,TRAIN,SIDEWAYS,SUPPLY,SINGLE (1-TF),1,False,False,False,False,True,8.5,78,2.0,T1,2,9,1.3402014157708941,4.9089310775589405,True
BAJFINANCE,2022-12-19,TRAIN,SIDEWAYS,DEMAND,SINGLE (1-TF),1,False,False,False,False,True,8.5,78,-1.0,STOP,3,2,2.582620299866558,2.8542271763874636,False
BAJFINANCE,2022-12-26,TRAIN,BEAR,DEMAND,DUAL (2-TF),2,False,False,False,True,True,10.0,85,-1.0,STOP,1,8,8.703979904231108,3.2545725724154018,False
BAJFINANCE,2023-01-02,TRAIN,SIDEWAYS,DEMAND,SINGLE (1-TF),1,False,False,False,False,True,8.5,78,-1.0,STOP,4,1,8.253131803982212,0.0,False
BAJFINANCE,2023-01-10,TRAIN,BEAR,DEMAND,DUAL (2-TF),2,False,False,False,True,True,10.0,85,-1.0,STOP,1,1,4.609504818876705,0.0,False
BAJFINANCE,2023-01-17,TRAIN,BEAR,DEMAND,DUAL (2-TF),2,False,False,False,True,True,10.0,85,-1.0,STOP,4,3,2.193468032106294,1.9149598671464045,False
BAJFINANCE,2023-01-24,TRAIN,BEAR,SUPPLY,DUAL (2-TF),2,False,False,False,True,True,10.0,85,2.0,T1,4,2,1.3901222761117735,4.581938657012079,True
BAJFINANCE,2023-02-01,TRAIN,BEAR,DEMAND,SINGLE (1-TF),1,False,False,False,False,True,8.5,78,-1.0,STOP,1,1,2.9238122012932224,2.8429856620747733,False
BAJFINANCE,2023-02-08,TRAIN,SIDEWAYS,DEMAND,SINGLE (1-TF),1,False,False,False,False,True,8.5,78,-1.0,STOP,20,8,8.788352417518945,1.9078522646189422,False
BAJFINANCE,2023-02-15,TRAIN,SIDEWAYS,SUPPLY,DUAL (2-TF),2,False,False,False,True,True,10.0,85,2.0,T1,1,5,1.3876540073669517,3.8914644989203593,True
BAJFINANCE,2023-03-01,TRAIN,BEAR,DEMAND,DUAL (2-TF),2,False,False,False,True,True,10.0,85,-1.0,STOP,1,4,5.773438002702527,0.0,False
BAJFINANCE,2023-03-09,TRAIN,BEAR,SUPPLY,SINGLE (1-TF),1,False,False,False,False,True,8.5,78,-1.0,STOP,31,2,3.210947706944503,1.423737898227865,False
BAJFINANCE,2023-03-16,TRAIN,BEAR,SUPPLY,SINGLE (1-TF),1,False,False,False,False,True,8.5,78,2.0,T1,5,4,1.1384933354351672,5.328148809836575,True
BAJFINANCE,2023-03-23,TRAIN,BEAR,DEMAND,DUAL (2-TF),2,False,False,False,True,True,10.0,85,2.0,T1,2,22,3.7690499928785,10.377795185870973,True
BAJFINANCE,2023-03-31,TRAIN,BEAR,SUPPLY,SINGLE (1-TF),1,False,False,False,False,True,8.5,78,-1.0,STOP,1,2,6.330038911927506,0.12239902080782607,False
BAJFINANCE,2023-04-11,TRAIN,BEAR,DEMAND,DUAL (2-TF),2,False,False,False,True,True,10.0,85,2.0,T1,1,12,0.7883948281299276,7.955779810084461,True
BAJFINANCE,2023-04-19,TRAIN,BEAR,DEMAND,SINGLE (1-TF),1,False,False,False,False,True,8.5,78,2.0,T1,3,2,0.4937022434667389,4.024632776246456,True
BAJFINANCE,2023-04-26,TRAIN,BEAR,SUPPLY,DUAL (2-TF),2,False,False,False,True,True,10.0,85,-1.0,STOP,1,1,5.7256852686667665,0.0,False
BAJFINANCE,2023-05-04,TRAIN,SIDEWAYS,SUPPLY,SINGLE (1-TF),1,False,False,False,False,True,8.5,78,-1.0,STOP,1,1,3.2695674941498005,0.9883977810142658,False
BAJFINANCE,2023-05-18,TRAIN,SIDEWAYS,SUPPLY,DUAL (2-TF),2,False,False,False,True,True,10.0,85,-1.0,STOP,1,1,3.9511125623921206,0.0,False
BAJFINANCE,2023-05-25,TRAIN,BULL,SUPPLY,DUAL (2-TF),2,False,False,False,True,True,10.0,85,-1.0,STOP,1,1,2.975565996137988,0.0,False
BAJFINANCE,2023-06-08,TRAIN,BULL,DEMAND,SINGLE (1-TF),1,False,False,False,False,True,8.5,78,2.0,T1,1,7,1.0578951932248533,4.65213746856663,True
BAJFINANCE,2023-06-15,TRAIN,BULL,DEMAND,SINGLE (1-TF),1,False,False,False,False,True,8.5,78,2.0,T1,1,2,0.5873461455409094,4.243863816310375,True
BAJFINANCE,2023-06-22,TRAIN,BULL,SUPPLY,DUAL (2-TF),2,False,False,True,False,True,10.0,85,-1.0,STOP,6,2,11.39635044769352,1.2566587328573053,False
BAJFINANCE,2023-06-30,TRAIN,BULL,SUPPLY,TRIPLE (3-TF),3,False,False,True,True,True,11.5,92,-1.0,STOP,1,2,11.486381102272887,1.1768542543990181,False
BAJFINANCE,2023-07-10,TRAIN,BULL,SUPPLY,TRIPLE (3-TF),3,False,False,True,True,True,11.5,92,2.0,T1,1,27,2.7370598723340565,8.433029820478275,True
BAJFINANCE,2023-07-17,TRAIN,BULL,SUPPLY,DUAL (2-TF),2,False,False,True,False,True,10.0,85,-1.0,STOP,1,1,5.2814405217637885,0.0,False
BAJFINANCE,2023-07-24,TRAIN,BULL,DEMAND,SINGLE (1-TF),1,False,False,False,False,True,8.5,78,-1.0,STOP,3,1,4.122525740417533,0.7698448133565966,False
BAJFINANCE,2023-08-01,TRAIN,BULL,DEMAND,DUAL (2-TF),2,False,False,False,True,True,10.0,85,-1.0,STOP,1,1,4.987079054538569,0.0,False
BAJFINANCE,2023-08-08,TRAIN,BULL,SUPPLY,DUAL (2-TF),2,False,False,True,False,True,10.0,85,-1.0,STOP,13,10,2.4800212733201814,2.320471371989201,False
BAJFINANCE,2023-08-16,TRAIN,BULL,SUPPLY,TRIPLE (3-TF),3,False,False,True,True,True,11.5,92,-1.0,STOP,5,3,2.507738163475868,1.3670755474034273,False
BAJFINANCE,2023-08-30,TRAIN,BULL,DEMAND,SINGLE (1-TF),1,False,False,False,False,True,8.5,78,2.0,T1,2,11,0.21060120953397626,5.805763073639268,True
BAJFINANCE,2023-09-06,TRAIN,BULL,SUPPLY,TRIPLE (3-TF),3,False,False,True,True,True,11.5,92,-1.0,STOP,1,1,3.186340604907948,0.0,False
BAJFINANCE,2023-09-21,TRAIN,BULL,DEMAND,SINGLE (1-TF),1,False,False,False,False,True,8.5,78,3.5,T2,1,2,0.9877213214842919,5.346991384573649,True
BAJFINANCE,2023-09-29,TRAIN,BULL,DEMAND,SINGLE (1-TF),1,False,False,False,False,True,8.5,78,-1.0,STOP,18,2,1.9537344820568452,2.0934807679262013,False
BAJFINANCE,2023-10-16,TRAIN,BULL,SUPPLY,SINGLE (1-TF),1,False,False,False,False,True,8.5,78,2.0,T1,2,1,0.7044995039620267,3.1093418392334633,True
BAJFINANCE,2023-10-23,TRAIN,BULL,SUPPLY,DUAL (2-TF),2,False,False,True,False,True,10.0,85,2.0,T1,1,17,0.44455965264727676,10.189877519279374,True
BAJFINANCE,2023-10-31,TRAIN,BULL,SUPPLY,DUAL (2-TF),2,False,False,False,True,True,10.0,85,2.0,T1,34,3,0.006611482823361612,7.137756856107691,True
BAJFINANCE,2023-11-07,TRAIN,BULL,SUPPLY,TRIPLE (3-TF),3,False,False,True,True,True,11.5,92,2.0,T1,1,8,2.5637173218236926,5.625973174529453,True
BAJFINANCE,2023-11-15,TRAIN,BULL,DEMAND,TRIPLE (3-TF),3,False,False,True,True,True,11.5,92,-1.0,STOP,1,1,5.036225481533834,0.0,False
BAJFINANCE,2023-11-23,TRAIN,SIDEWAYS,DEMAND,TRIPLE (3-TF),3,False,False,True,True,True,11.5,92,-1.0,STOP,1,1,5.759105020582886,0.0,False
BAJFINANCE,2023-12-01,TRAIN,BULL,DEMAND,DUAL (2-TF),2,False,False,True,False,True,10.0,85,-1.0,STOP,36,4,4.262689301766335,3.4739915834072863,False
BAJFINANCE,2023-12-08,TRAIN,BULL,SUPPLY,DUAL (2-TF),2,False,False,True,False,True,10.0,85,-1.0,STOP,1,4,2.332899004740656,1.8117046935211025,False
BAJFINANCE,2023-12-15,TRAIN,BULL,SUPPLY,TRIPLE (3-TF),3,False,False,True,True,True,11.5,92,-1.0,STOP,1,1,2.9779852133327815,0.0,False
BAJFINANCE,2023-12-22,TRAIN,BULL,SUPPLY,DUAL (2-TF),2,False,False,True,False,True,10.0,85,-1.0,STOP,9,1,2.048841611346611,0.9517715748220409,False
BAJFINANCE,2024-01-01,TRAIN,BULL,SUPPLY,TRIPLE (3-TF),3,False,False,True,True,True,11.5,92,-1.0,STOP,1,3,6.012300740554791,0.3068211929765745,False
BAJFINANCE,2024-01-08,TRAIN,BULL,SUPPLY,TRIPLE (3-TF),3,False,False,True,True,True,11.5,92,-1.0,STOP,1,1,6.282368213896064,0.0,False
BAJFINANCE,2024-01-15,TRAIN,BULL,DEMAND,SINGLE (1-TF),1,False,False,False,False,True,8.5,78,-1.0,STOP,2,2,2.8343400661437137,2.276764971164617,False
BAJFINANCE,2024-01-23,TRAIN,SIDEWAYS,DEMAND,DUAL (2-TF),2,False,False,False,True,True,10.0,85,-1.0,STOP,1,1,6.0198977778992475,0.0,False
BAJFINANCE,2024-01-31,TRAIN,BEAR,DEMAND,TRIPLE (3-TF),3,False,False,True,True,True,11.5,92,-1.0,STOP,1,1,2.3290137851639714,0.3985004575375691,False
BAJFINANCE,2024-02-07,TRAIN,BEAR,SUPPLY,DUAL (2-TF),2,False,False,True,False,True,10.0,85,2.0,T1,9,8,0.7681648391372489,5.755211471261586,True
BAJFINANCE,2024-02-14,TRAIN,BEAR,SUPPLY,DUAL (2-TF),2,False,False,True,False,True,10.0,85,-1.0,STOP,1,3,3.448169223156846,0.4561479465611154,False
BAJFINANCE,2024-02-21,TRAIN,BEAR,SUPPLY,DUAL (2-TF),2,False,False,False,True,True,10.0,85,-1.0,STOP,1,2,2.576083615124499,0.8822625268982491,False
BAJFINANCE,2024-02-28,TRAIN,BEAR,SUPPLY,DUAL (2-TF),2,False,False,True,False,True,10.0,85,-1.0,STOP,14,1,1.4635038721873146,1.018354777730359,False
BAJFINANCE,2024-03-07,TRAIN,BEAR,DEMAND,TRIPLE (3-TF),3,False,False,True,True,True,11.5,92,-1.0,STOP,1,4,3.0950591771557368,0.8156428079403902,False
BAJFINANCE,2024-03-15,TRAIN,BEAR,SUPPLY,SINGLE (1-TF),1,False,False,False,False,True,8.5,78,-1.0,STOP,1,1,3.590655643145544,0.0,False
BAJFINANCE,2024-04-02,TRAIN,SIDEWAYS,DEMAND,SINGLE (1-TF),1,False,False,False,False,True,8.5,78,-1.0,STOP,10,7,4.717199814557263,5.6487598516458055,False
BAJFINANCE,2024-04-09,TRAIN,SIDEWAYS,SUPPLY,TRIPLE (3-TF),3,False,False,True,True,True,11.5,92,-1.0,STOP,8,2,1.8676836252898616,1.593887072891343,False
BAJFINANCE,2024-04-18,TRAIN,BEAR,SUPPLY,SINGLE (1-TF),1,False,False,False,False,True,8.5,78,-1.0,STOP,3,2,3.090320482915591,0.41279669762641324,False
BAJFINANCE,2024-04-25,TRAIN,SIDEWAYS,DEMAND,SINGLE (1-TF),1,False,False,False,False,True,8.5,78,-1.0,STOP,2,1,6.012147195426945,0.0,False
BAJFINANCE,2024-05-06,TRAIN,BEAR,DEMAND,DUAL (2-TF),2,False,False,True,False,True,10.0,85,-1.0,STOP,2,2,3.539704304280434,1.706510075116241,False
BAJFINANCE,2024-05-13,TRAIN,BEAR,SUPPLY,SINGLE (1-TF),1,False,False,False,False,True,8.5,78,-1.0,STOP,8,7,2.7832228523545206,3.021143515539652,False
BAJFINANCE,2024-05-21,TRAIN,BEAR,SUPPLY,DUAL (2-TF),2,False,False,False,True,True,10.0,85,-1.0,STOP,3,7,2.7832228523545206,3.021143515539652,False
BAJFINANCE,2024-05-28,TRAIN,BEAR,DEMAND,TRIPLE (3-TF),3,False,False,True,True,True,11.5,92,-1.0,STOP,3,1,2.706678876495575,0.316754987765153,False
BAJFINANCE,2024-06-05,TRAIN,BEAR,SUPPLY,DUAL (2-TF),2,False,False,True,False,True,10.0,85,-1.0,STOP,1,1,3.031390134529144,3.983557548579967,False
BAJFINANCE,2024-06-12,TRAIN,SIDEWAYS,SUPPLY,TRIPLE (3-TF),3,False,False,True,True,True,11.5,92,-1.0,STOP,1,2,5.361376561795467,0.0,False
BAJFINANCE,2024-06-20,TRAIN,SIDEWAYS,SUPPLY,TRIPLE (3-TF),3,False,False,True,True,True,11.5,92,-1.0,STOP,1,7,4.94247356402089,0.0,False
BAJFINANCE,2024-06-27,TRAIN,SIDEWAYS,SUPPLY,TRIPLE (3-TF),3,False,False,True,True,True,11.5,92,2.0,T1,1,17,2.145801569823244,7.685357727709081,True
BAJFINANCE,2024-07-04,TRAIN,SIDEWAYS,SUPPLY,TRIPLE (3-TF),3,False,False,True,True,True,11.5,92,2.0,T1,1,13,3.5328458797773465,7.547898750840643,True
BAJFINANCE,2024-07-11,TRAIN,SIDEWAYS,SUPPLY,TRIPLE (3-TF),3,False,False,True,True,True,11.5,92,-1.0,STOP,34,1,3.617189040015761,1.6544169412294782,False
BAJFINANCE,2024-07-19,TRAIN,SIDEWAYS,SUPPLY,TRIPLE (3-TF),3,False,False,True,True,True,11.5,92,3.5,T2,1,2,0.7806222018138065,6.164619446676621,True
BAJFINANCE,2024-07-26,TRAIN,BEAR,SUPPLY,SINGLE (1-TF),1,False,False,False,False,True,8.5,78,-1.0,STOP,3,21,4.805741007617432,6.670392047292729,False
BAJFINANCE,2024-08-02,TRAIN,BEAR,DEMAND,DUAL (2-TF),2,False,False,False,True,True,10.0,85,-1.0,STOP,2,6,2.9406389912587865,0.7857947796424455,False
BAJFINANCE,2024-08-09,TRAIN,BEAR,SUPPLY,SINGLE (1-TF),1,False,False,False,False,True,8.5,78,-1.0,STOP,11,3,5.9950326447448745,1.130296405359988,False
BAJFINANCE,2024-08-19,TRAIN,BEAR,SUPPLY,SINGLE (1-TF),1,False,False,False,False,True,8.5,78,-1.0,STOP,1,1,2.5078513979318275,0.2206051321332906,False
BAJFINANCE,2024-08-26,TRAIN,BEAR,SUPPLY,DUAL (2-TF),2,False,False,True,False,True,10.0,85,-1.0,STOP,1,1,4.013787820758337,0.0,False
BAJFINANCE,2024-09-03,TRAIN,BULL,DEMAND,SINGLE (1-TF),1,False,False,False,False,True,8.5,78,2.0,T1,1,12,1.1271603907489385,6.501349809356826,True
BAJFINANCE,2024-09-10,TRAIN,BULL,SUPPLY,TRIPLE (3-TF),3,False,False,True,True,True,11.5,92,-1.0,STOP,1,3,5.582998437151149,0.8539852645679845,False
BAJFINANCE,2024-09-17,TRAIN,BULL,DEMAND,DUAL (2-TF),2,False,False,False,True,True,10.0,85,-1.0,STOP,1,12,3.6783144352376813,5.327354993458356,False
BAJFINANCE,2024-09-24,TRAIN,BULL,DEMAND,SINGLE (1-TF),1,False,False,False,False,True,8.5,78,-1.0,STOP,8,1,2.8574962889658537,0.8755291659794388,False
BAJFINANCE,2024-10-01,TRAIN,BULL,DEMAND,SINGLE (1-TF),1,False,False,False,False,True,8.5,78,-1.0,STOP,2,1,6.150659283750953,0.9972247672920888,False
BAJFINANCE,2024-10-24,TRAIN,SIDEWAYS,SUPPLY,SINGLE (1-TF),1,False,False,False,False,True,8.5,78,-1.0,STOP,1,1,3.3338718442039164,0.0,False
BAJFINANCE,2024-10-31,TRAIN,SIDEWAYS,SUPPLY,SINGLE (1-TF),1,False,False,False,False,True,8.5,78,2.0,T1,4,5,0.3767919271246733,5.6677590264043225,True
BAJFINANCE,2024-11-07,TRAIN,SIDEWAYS,SUPPLY,DUAL (2-TF),2,False,False,False,True,True,10.0,85,2.0,T1,1,2,1.6654238130748178,2.4769340995160096,True
BAJFINANCE,2024-11-14,TRAIN,BEAR,SUPPLY,SINGLE (1-TF),1,False,False,False,False,True,8.5,78,-1.0,STOP,6,12,5.697346216454351,4.245754991711602,False
BAJFINANCE,2024-11-25,TRAIN,BEAR,SUPPLY,DUAL (2-TF),2,False,False,False,True,True,10.0,85,-1.0,STOP,1,1,4.072828873639444,0.0,False
BAJFINANCE,2024-12-02,TRAIN,BEAR,SUPPLY,SINGLE (1-TF),1,False,False,False,False,True,8.5,78,-1.0,STOP,1,3,3.607964925100482,2.3900864693703636,False
BAJFINANCE,2024-12-16,TRAIN,BULL,SUPPLY,TRIPLE (3-TF),3,False,False,True,True,True,11.5,92,-1.0,STOP,1,1,3.4921826502475763,0.0,False
BAJFINANCE,2024-12-23,TRAIN,SIDEWAYS,DEMAND,DUAL (2-TF),2,False,False,False,True,True,10.0,85,-1.0,STOP,1,5,2.078376997737723,0.8479894913522672,False
BAJFINANCE,2024-12-31,TRAIN,SIDEWAYS,SUPPLY,TRIPLE (3-TF),3,False,False,True,True,True,11.5,92,-1.0,STOP,1,2,9.223193619248413,1.088030193575019,False
BAJFINANCE,2025-01-08,TRAIN,BULL,SUPPLY,TRIPLE (3-TF),3,False,False,True,True,True,11.5,92,-1.0,STOP,9,6,4.289276124719155,2.8111129376952135,False
BAJFINANCE,2025-01-15,TRAIN,SIDEWAYS,SUPPLY,TRIPLE (3-TF),3,False,False,True,True,True,11.5,92,-1.0,STOP,1,3,2.645855938569399,2.366246557048659,False
BAJFINANCE,2025-02-11,TRAIN,BULL,SUPPLY,SINGLE (1-TF),1,False,False,False,False,True,8.5,78,-1.0,STOP,7,5,2.7226750758612477,2.578687451657056,False
BAJFINANCE,2025-02-18,TRAIN,BULL,DEMAND,SINGLE (1-TF),1,False,False,False,False,True,8.5,78,2.0,T1,15,5,0.0345091079395564,8.094850748108156,True
BAJFINANCE,2025-02-25,TRAIN,BULL,DEMAND,DUAL (2-TF),2,False,False,False,True,True,10.0,85,2.0,T1,1,16,2.346524759508302,8.093042295235906,True
BAJFINANCE,2025-03-05,TRAIN,BULL,SUPPLY,SINGLE (1-TF),1,False,False,False,False,True,8.5,78,-1.0,STOP,4,6,3.9379969899150185,3.878743348778784,False
BAJFINANCE,2025-03-12,TRAIN,BULL,SUPPLY,SINGLE (1-TF),1,False,False,False,False,True,8.5,78,-1.0,STOP,1,4,4.186168064431814,2.9293673231807373,False
BAJFINANCE,2025-03-20,TRAIN,BULL,DEMAND,DUAL (2-TF),2,False,False,False,True,True,10.0,85,2.0,T1,10,6,2.268856520133863,9.29337922656408,True
BAJFINANCE,2025-03-27,TRAIN,BULL,DEMAND,SINGLE (1-TF),1,False,False,False,False,True,8.5,78,-1.0,STOP,4,3,3.716045761220294,1.9606922851276076,False
BAJFINANCE,2025-04-04,TRAIN,BULL,DEMAND,DUAL (2-TF),2,False,False,False,True,True,10.0,85,2.0,T1,2,4,2.268856520133863,9.29337922656408,True
BAJFINANCE,2025-04-15,TRAIN,BULL,DEMAND,SINGLE (1-TF),1,False,False,False,False,True,8.5,78,2.0,T1,11,13,1.86707537968511,6.926060099391572,True
BAJFINANCE,2025-04-23,TRAIN,BULL,DEMAND,SINGLE (1-TF),1,False,False,False,False,True,8.5,78,-1.0,STOP,1,5,6.619377506712197,5.42941429944645,False
BAJFINANCE,2025-04-30,TRAIN,BULL,SUPPLY,SINGLE (1-TF),1,False,False,False,False,True,8.5,78,-1.0,STOP,13,14,5.885170068027216,4.051156462585038,False
BAJFINANCE,2025-05-08,TRAIN,BULL,SUPPLY,SINGLE (1-TF),1,False,False,False,False,True,8.5,78,-1.0,STOP,1,3,3.361766181635727,2.938694521735162,False
BAJFINANCE,2025-05-22,TRAIN,BULL,SUPPLY,SINGLE (1-TF),1,False,False,False,False,True,8.5,78,-1.0,STOP,1,2,1.8494827624236254,1.052120784348321,False
BAJFINANCE,2025-05-29,TRAIN,BULL,SUPPLY,SINGLE (1-TF),1,False,False,False,False,True,8.5,78,2.0,T1,1,5,0.26435086569446276,3.7052815555191514,True
BAJFINANCE,2025-06-05,TRAIN,BULL,SUPPLY,SINGLE (1-TF),1,False,False,False,False,True,8.5,78,-1.0,STOP,2,1,7.342101778699749,0.0,False
BAJFINANCE,2025-06-13,TRAIN,BULL,SUPPLY,DUAL (2-TF),2,False,False,False,True,True,10.0,85,2.0,T1,2,3,0.10430165302316857,6.387686083630961,True
BAJFINANCE,2025-06-20,TRAIN,BULL,SUPPLY,DUAL (2-TF),2,False,False,False,True,True,10.0,85,-1.0,STOP,2,4,4.863592878899508,2.6775601763780936,False
BAJFINANCE,2025-06-27,TRAIN,BULL,DEMAND,SINGLE (1-TF),1,False,False,False,False,True,8.5,78,-1.0,STOP,4,18,4.45657166604694,5.538178875303483,False
BAJFINANCE,2025-07-04,TRAIN,BULL,DEMAND,DUAL (2-TF),2,False,False,False,True,True,10.0,85,2.0,T1,1,13,1.7997896631357562,4.628495224052123,True
BAJFINANCE,2025-07-11,TRAIN,BULL,DEMAND,SINGLE (1-TF),1,False,False,False,False,True,8.5,78,2.0,T1,2,6,1.7625111173778172,3.702900279832533,True
BAJFINANCE,2025-07-18,TRAIN,BULL,DEMAND,SINGLE (1-TF),1,False,False,False,False,True,8.5,78,-1.0,STOP,1,5,3.648886441903894,4.17894657296154,False
BAJFINANCE,2025-07-25,TRAIN,BULL,DEMAND,SINGLE (1-TF),1,False,False,False,False,True,8.5,78,-1.0,STOP,1,1,7.958532191282906,0.0,False
BAJFINANCE,2025-08-01,TRAIN,BULL,DEMAND,DUAL (2-TF),2,False,False,True,False,True,10.0,85,-1.0,STOP,1,1,3.985880113755834,0.0,False
BAJFINANCE,2025-08-08,TRAIN,BULL,SUPPLY,DUAL (2-TF),2,False,False,False,True,True,10.0,85,-1.0,STOP,6,1,3.4473782496010417,1.5754269610783609,False
BAJFINANCE,2025-08-18,TRAIN,BULL,SUPPLY,SINGLE (1-TF),1,False,False,False,False,True,8.5,78,-1.0,STOP,1,1,4.8452035467257035,0.2454719599903631,False
BAJFINANCE,2025-08-25,TRAIN,BULL,SUPPLY,DUAL (2-TF),2,False,False,False,True,True,10.0,85,-1.0,STOP,1,7,5.064730873448642,3.6128859599237257,False
BAJFINANCE,2025-09-02,VALIDATION,BULL,SUPPLY,DUAL (2-TF),2,False,False,False,True,True,10.0,85,-1.0,STOP,3,1,5.239584496816719,0.0,False
BAJFINANCE,2025-09-09,VALIDATION,BULL,SUPPLY,DUAL (2-TF),2,False,False,False,True,True,10.0,85,-1.0,STOP,1,2,7.668228137557449,0.0,False
BAJFINANCE,2025-09-23,VALIDATION,BULL,SUPPLY,SINGLE (1-TF),1,False,False,False,False,True,8.5,78,-1.0,STOP,1,1,2.8292088601274332,0.8428705534583713,False
BAJFINANCE,2025-09-30,VALIDATION,BULL,SUPPLY,DUAL (2-TF),2,False,False,False,True,True,10.0,85,-1.0,STOP,4,6,2.897989190907653,2.0386266094420584,False
BAJFINANCE,2025-10-08,VALIDATION,BULL,DEMAND,SINGLE (1-TF),1,False,False,False,False,True,8.5,78,2.0,T1,33,2,0.853918877706627,5.572837247128183,True
BAJFINANCE,2025-10-15,VALIDATION,BULL,DEMAND,DUAL (2-TF),2,False,False,False,True,True,10.0,85,3.5,T2,1,1,0.5316483062923262,5.591642999636393,True
BAJFINANCE,2025-10-23,VALIDATION,BULL,DEMAND,SINGLE (1-TF),1,False,False,False,False,True,8.5,78,-1.0,STOP,4,9,6.450851553944341,2.5008496657981203,False
BAJFINANCE,2025-10-30,VALIDATION,BULL,DEMAND,SINGLE (1-TF),1,False,False,False,False,True,8.5,78,-1.0,STOP,1,7,6.450851553944341,2.0873456440466653,False
BAJFINANCE,2025-11-07,VALIDATION,BULL,DEMAND,DUAL (2-TF),2,False,False,False,True,True,10.0,85,2.0,T1,1,1,0.8536455972143093,4.3039171240342124,True
BAJFINANCE,2025-11-14,VALIDATION,BULL,DEMAND,DUAL (2-TF),2,False,False,False,True,True,10.0,85,-1.0,STOP,1,2,5.925946905328347,0.0,False
BAJFINANCE,2025-11-21,VALIDATION,BULL,SUPPLY,DUAL (2-TF),2,False,False,False,True,True,10.0,85,2.0,T1,1,2,0.6464582758484824,3.5742441562536933,True
BAJFINANCE,2025-11-28,VALIDATION,BULL,SUPPLY,DUAL (2-TF),2,False,False,False,True,True,10.0,85,-1.0,STOP,1,1,4.979097709351872,0.0,False
BAJFINANCE,2025-12-05,VALIDATION,BULL,SUPPLY,SINGLE (1-TF),1,False,False,False,False,True,8.5,78,2.0,T1,1,3,2.26540982970634,2.910314597152731,True
BAJFINANCE,2025-12-12,VALIDATION,BULL,SUPPLY,SINGLE (1-TF),1,False,False,False,False,True,8.5,78,2.0,T1,9,12,1.0714320723829267,8.432258633703546,True
BAJFINANCE,2025-12-19,VALIDATION,BULL,SUPPLY,SINGLE (1-TF),1,False,False,False,False,True,8.5,78,-1.0,STOP,1,3,2.439121320205458,1.0064480233678748,False
BAJFINANCE,2025-12-29,VALIDATION,BULL,SUPPLY,SINGLE (1-TF),1,False,False,False,False,True,8.5,78,-1.0,STOP,34,1,1.905594579288836,1.9652065056482273,False
BAJFINANCE,2026-01-05,VALIDATION,SIDEWAYS,SUPPLY,SINGLE (1-TF),1,False,False,False,False,True,8.5,78,2.0,T1,1,4,1.2520774493510174,3.354507172935548,True
BAJFINANCE,2026-01-12,VALIDATION,SIDEWAYS,DEMAND,DUAL (2-TF),2,False,False,False,True,True,10.0,85,-1.0,STOP,1,1,4.978822187830901,0.0,False
BAJFINANCE,2026-01-19,VALIDATION,SIDEWAYS,DEMAND,DUAL (2-TF),2,False,False,False,True,True,10.0,85,-1.0,STOP,1,1,4.364733698357394,0.5620540899286501,False
BAJFINANCE,2026-01-27,VALIDATION,BEAR,SUPPLY,SINGLE (1-TF),1,False,False,False,False,True,8.5,78,-1.0,STOP,6,3,3.787485841916393,0.9040002540516018,False
BAJFINANCE,2026-02-03,VALIDATION,SIDEWAYS,DEMAND,TRIPLE (3-TF),3,False,False,True,True,True,11.5,92,-1.0,STOP,24,2,4.30154059200278,2.381209970572961,False
BAJFINANCE,2026-02-10,VALIDATION,SIDEWAYS,SUPPLY,DUAL (2-TF),2,False,False,True,False,True,10.0,85,-1.0,STOP,1,2,5.418708782775295,0.0,False
BAJFINANCE,2026-02-17,VALIDATION,BULL,DEMAND,DUAL (2-TF),2,False,False,False,True,True,10.0,85,-1.0,STOP,9,2,5.785498489425986,1.5810674723061475,False
BAJFINANCE,2026-02-24,VALIDATION,BULL,DEMAND,SINGLE (1-TF),1,False,False,False,False,True,8.5,78,-1.0,STOP,1,3,3.0174700807671937,0.9766738066696852,False
BAJFINANCE,2026-03-11,TEST_OOS,BEAR,DEMAND,TRIPLE (3-TF),3,False,False,True,True,True,11.5,92,-1.0,STOP,1,1,10.587655770178065,0.0,False
BAJFINANCE,2026-03-18,TEST_OOS,BEAR,DEMAND,TRIPLE (3-TF),3,False,False,True,True,True,11.5,92,-1.0,STOP,1,1,3.983686633790641,3.8270970154486177,False
BAJFINANCE,2026-03-25,TEST_OOS,BEAR,SUPPLY,DUAL (2-TF),2,False,False,False,True,True,10.0,85,2.0,T1,1,2,1.4493252942865351,8.800459374102784,True
BAJFINANCE,2026-04-06,TEST_OOS,BEAR,SUPPLY,SINGLE (1-TF),1,False,False,False,False,True,8.5,78,-1.0,STOP,1,2,15.526266239879503,0.0,False
BAJFINANCE,2026-04-13,TEST_OOS,BEAR,SUPPLY,TRIPLE (3-TF),3,False,False,True,True,True,11.5,92,-1.0,STOP,1,12,9.102782062396548,1.4039788783931397,False
BAJFINANCE,2026-04-21,TEST_OOS,SIDEWAYS,SUPPLY,TRIPLE (3-TF),3,False,False,True,True,True,11.5,92,-1.0,STOP,1,1,5.602523942649926,0.0,False
BAJFINANCE,2026-04-28,TEST_OOS,BEAR,DEMAND,SINGLE (1-TF),1,False,False,False,False,True,8.5,78,2.0,T1,1,2,0.37055715131449074,6.238077488104894,True
BAJFINANCE,2026-05-05,TEST_OOS,SIDEWAYS,SUPPLY,DUAL (2-TF),2,False,False,False,True,True,10.0,85,-1.0,STOP,1,1,10.110449340794194,0.0,False
BAJFINANCE,2026-05-12,TEST_OOS,BEAR,SUPPLY,DUAL (2-TF),2,False,False,False,True,True,10.0,85,-1.0,STOP,29,3,2.9955166301741234,1.3053904702325076,False
BAJFINANCE,2026-05-19,TEST_OOS,BEAR,SUPPLY,DUAL (2-TF),2,False,False,False,True,True,10.0,85,-1.0,STOP,5,21,4.450033858953272,8.076703965259638,False
BAJFINANCE,2026-05-26,TEST_OOS,BEAR,DEMAND,DUAL (2-TF),2,False,False,True,False,True,10.0,85,-1.0,STOP,1,3,4.040763506955669,1.6510298716704477,False
BAJFINANCE,2026-06-02,TEST_OOS,BEAR,SUPPLY,SINGLE (1-TF),1,False,False,False,False,True,8.5,78,-1.0,STOP,4,6,5.384547344212986,4.77975321746053,False
BAJFINANCE,2026-06-09,TEST_OOS,BEAR,SUPPLY,SINGLE (1-TF),1,False,False,False,False,True,8.5,78,-1.0,STOP,4,1,7.013821056058925,1.6785116822167507,False
BAJFINANCE,2026-06-16,TEST_OOS,SIDEWAYS,SUPPLY,SINGLE (1-TF),1,False,False,False,False,True,8.5,78,-1.0,STOP,1,1,6.127174033455184,0.0,False
BAJFINANCE,2026-06-30,TEST_OOS,BULL,SUPPLY,TRIPLE (3-TF),3,False,True,False,True,True,11.5,92,-1.0,STOP,1,1,8.326818652411845,0.0,False
BAJFINANCE,2026-07-07,TEST_OOS,BULL,DEMAND,SINGLE (1-TF),1,False,False,False,False,True,8.5,78,2.0,T1,2,17,2.04946300128091,13.45945413341216,True
BAJFINANCE,2026-07-14,TEST_OOS,BULL,DEMAND,SINGLE (1-TF),1,False,False,False,False,True,8.5,78,2.0,T1,1,1,0.8567443713887137,3.3373181908746767,True
BAJFINANCE,2026-07-21,TEST_OOS,BULL,DEMAND,DUAL (2-TF),2,False,False,False,True,True,10.0,85,-1.0,STOP,3,1,3.4984579799537356,2.2744795682344003,False
BAJFINANCE,2026-07-28,TEST_OOS,BULL,SUPPLY,ATZ (4-TF),4,True,True,True,True,True,13.0,100,-1.0,STOP,1,3,10.742450471244474,0.45201000192345125,False
BAJFINANCE,2026-08-18,TEST_OOS,BULL,DEMAND,SINGLE (1-TF),1,False,False,False,False,True,8.5,78,-1.0,STOP,1,5,4.195867026055709,0.0,False
BAJFINANCE,2026-08-25,TEST_OOS,BULL,SUPPLY,TRIPLE (3-TF),3,False,True,True,False,True,11.5,92,2.0,T1,2,3,1.5875929154813209,3.459667798476649,True
ULTRACEMCO,2022-06-17,TRAIN,BEAR,SUPPLY,SINGLE (1-TF),1,False,False,False,False,True,8.5,78,-1.0,STOP,5,2,2.3113326651006543,1.793324814641947,False
ULTRACEMCO,2022-07-01,TRAIN,BEAR,DEMAND,SINGLE (1-TF),1,False,False,False,False,True,8.5,78,2.0,T1,1,3,1.5746232459187695,4.88342956239033,True
ULTRACEMCO,2022-07-08,TRAIN,BEAR,DEMAND,SINGLE (1-TF),1,False,False,False,False,True,8.5,78,2.0,T1,5,2,0.8323755853494744,4.555844751935669,True
ULTRACEMCO,2022-07-15,TRAIN,BEAR,DEMAND,SINGLE (1-TF),1,False,False,False,False,True,8.5,78,2.0,T1,1,1,0.505253801697913,4.555844751935669,True
ULTRACEMCO,2022-08-01,TRAIN,BULL,SUPPLY,SINGLE (1-TF),1,False,False,False,False,True,8.5,78,-1.0,STOP,1,1,5.353876505787969,0.0,False
ULTRACEMCO,2022-08-08,TRAIN,BULL,SUPPLY,SINGLE (1-TF),1,False,False,False,False,True,8.5,78,-1.0,STOP,1,1,4.47930051734705,0.0,False
ULTRACEMCO,2022-08-17,TRAIN,BULL,SUPPLY,DUAL (2-TF),2,False,False,False,True,True,10.0,85,-1.0,STOP,1,15,3.910773390517926,4.130809752459092,False
ULTRACEMCO,2022-08-24,TRAIN,BULL,SUPPLY,DUAL (2-TF),2,False,False,False,True,True,10.0,85,-1.0,STOP,5,6,4.384414854591715,3.257520176082176,False
ULTRACEMCO,2022-09-01,TRAIN,BULL,DEMAND,SINGLE (1-TF),1,False,False,False,False,True,8.5,78,2.0,T1,3,2,1.321881906363241,4.309411442510407,True
ULTRACEMCO,2022-09-08,TRAIN,BULL,SUPPLY,DUAL (2-TF),2,False,False,False,True,True,10.0,85,-1.0,STOP,1,1,6.0342317578292475,0.0,False
ULTRACEMCO,2022-09-15,TRAIN,BULL,DEMAND,SINGLE (1-TF),1,False,False,False,False,True,8.5,78,-1.0,STOP,1,1,6.911949016889059,0.0,False
ULTRACEMCO,2022-09-22,TRAIN,SIDEWAYS,DEMAND,DUAL (2-TF),2,False,False,False,True,True,10.0,85,-1.0,STOP,1,1,5.8274508052657135,0.0,False
ULTRACEMCO,2022-09-29,TRAIN,SIDEWAYS,SUPPLY,SINGLE (1-TF),1,False,False,False,False,True,8.5,78,-1.0,STOP,1,20,7.877221518166312,2.9106336835872813,False
ULTRACEMCO,2022-10-07,TRAIN,SIDEWAYS,DEMAND,SINGLE (1-TF),1,False,False,False,False,True,8.5,78,-1.0,STOP,1,2,2.531311799604472,1.4345435277821823,False
ULTRACEMCO,2022-10-14,TRAIN,SIDEWAYS,DEMAND,DUAL (2-TF),2,False,False,False,True,True,10.0,85,3.5,T2,1,10,1.5928047601138973,8.902715843765115,True
ULTRACEMCO,2022-10-31,TRAIN,BULL,SUPPLY,DUAL (2-TF),2,False,False,False,True,True,10.0,85,-1.0,STOP,1,1,8.461587753298026,0.0,False
ULTRACEMCO,2022-11-15,TRAIN,BULL,SUPPLY,DUAL (2-TF),2,False,False,False,True,True,10.0,85,-1.0,STOP,1,12,5.729059411521556,2.360377287587836,False
ULTRACEMCO,2022-11-22,TRAIN,BULL,SUPPLY,DUAL (2-TF),2,False,False,False,True,True,10.0,85,-1.0,STOP,1,6,2.647520248613191,2.480577094858835,False
ULTRACEMCO,2022-11-29,TRAIN,BULL,SUPPLY,DUAL (2-TF),2,False,False,False,True,True,10.0,85,-1.0,STOP,1,1,5.031844589799292,0.0,False
ULTRACEMCO,2022-12-06,TRAIN,BULL,DEMAND,SINGLE (1-TF),1,False,False,False,False,True,8.5,78,-1.0,STOP,4,9,3.0662981400156877,2.853686610605648,False
ULTRACEMCO,2022-12-13,TRAIN,BULL,SUPPLY,DUAL (2-TF),2,False,False,False,True,True,10.0,85,2.0,T1,1,7,1.3915268201725788,4.444299900264519,True
ULTRACEMCO,2022-12-20,TRAIN,BULL,SUPPLY,DUAL (2-TF),2,False,False,False,True,True,10.0,85,-1.0,STOP,1,19,3.1045100947996564,3.569099891911766,False
ULTRACEMCO,2022-12-27,TRAIN,BULL,SUPPLY,DUAL (2-TF),2,False,False,False,True,True,10.0,85,-1.0,STOP,1,13,3.967928365024445,1.3156564755687055,False
ULTRACEMCO,2023-01-03,TRAIN,BULL,DEMAND,SINGLE (1-TF),1,False,False,False,False,True,8.5,78,2.0,T1,1,9,1.1734566283999417,5.218703853665507,True
ULTRACEMCO,2023-01-10,TRAIN,BULL,DEMAND,SINGLE (1-TF),1,False,False,False,False,True,8.5,78,2.0,T1,1,4,1.1734566283999417,5.218703853665507,True
ULTRACEMCO,2023-01-17,TRAIN,BULL,DEMAND,SINGLE (1-TF),1,False,False,False,False,True,8.5,78,-1.0,STOP,4,1,5.18283085734014,1.56073883772175,False
ULTRACEMCO,2023-01-25,TRAIN,BULL,DEMAND,DUAL (2-TF),2,False,False,False,True,True,10.0,85,-1.0,STOP,1,1,5.950582984823185,0.0,False
ULTRACEMCO,2023-02-02,TRAIN,BULL,SUPPLY,DUAL (2-TF),2,False,False,False,True,True,10.0,85,-1.0,STOP,1,11,8.570087590440032,0.0,False
ULTRACEMCO,2023-02-09,TRAIN,BULL,SUPPLY,DUAL (2-TF),2,False,False,False,True,True,10.0,85,-1.0,STOP,1,6,3.73275794292104,1.116857250181266,False
ULTRACEMCO,2023-02-16,TRAIN,BULL,SUPPLY,DUAL (2-TF),2,False,False,False,True,True,10.0,85,-1.0,STOP,1,1,2.9814309191745663,0.9924130843580009,False
ULTRACEMCO,2023-02-23,TRAIN,BULL,SUPPLY,DUAL (2-TF),2,False,False,False,True,True,10.0,85,-1.0,STOP,5,19,4.095329329061863,4.245986963850693,False
ULTRACEMCO,2023-03-02,TRAIN,BULL,DEMAND,SINGLE (1-TF),1,False,False,False,False,True,8.5,78,-1.0,STOP,2,5,2.288092719495927,1.800579496849557,False
ULTRACEMCO,2023-03-10,TRAIN,BULL,DEMAND,SINGLE (1-TF),1,False,False,False,False,True,8.5,78,-1.0,STOP,1,1,2.6118446215310644,0.19324183592636157,False
ULTRACEMCO,2023-03-17,TRAIN,BULL,SUPPLY,SINGLE (1-TF),1,False,False,False,False,True,8.5,78,-1.0,STOP,1,2,2.2220973151218826,1.416734765056953,False
ULTRACEMCO,2023-04-03,TRAIN,BULL,DEMAND,SINGLE (1-TF),1,False,False,False,False,True,8.5,78,-1.0,STOP,10,3,2.3443706956436126,2.004251147712827,False
ULTRACEMCO,2023-04-12,TRAIN,BULL,DEMAND,SINGLE (1-TF),1,False,False,False,False,True,8.5,78,-1.0,STOP,2,3,2.5081571585491873,1.995865957458321,False
ULTRACEMCO,2023-04-20,TRAIN,BULL,SUPPLY,SINGLE (1-TF),1,False,False,False,False,True,8.5,78,-1.0,STOP,11,5,3.458358184677115,1.9561622295721885,False
ULTRACEMCO,2023-04-27,TRAIN,BULL,DEMAND,SINGLE (1-TF),1,False,False,False,False,True,8.5,78,2.0,T1,1,10,0.8746976883187355,5.599199738780564,True
ULTRACEMCO,2023-05-05,TRAIN,BULL,SUPPLY,SINGLE (1-TF),1,False,False,False,False,True,8.5,78,-1.0,STOP,1,1,3.22151081273354,0.08647424076030072,False
ULTRACEMCO,2023-05-12,TRAIN,BULL,DEMAND,DUAL (2-TF),2,False,False,False,True,True,10.0,85,2.0,T1,5,13,0.5727919082771175,6.438774108336695,True
ULTRACEMCO,2023-05-19,TRAIN,BULL,SUPPLY,SINGLE (1-TF),1,False,False,False,False,True,8.5,78,-1.0,STOP,2,6,3.1195582270544358,1.7964144212605269,False
ULTRACEMCO,2023-05-26,TRAIN,BULL,DEMAND,DUAL (2-TF),2,False,False,False,True,True,10.0,85,2.0,T1,1,2,0.6169704010915535,3.758561528173679,True
ULTRACEMCO,2023-06-16,TRAIN,BULL,DEMAND,SINGLE (1-TF),1,False,False,False,False,True,8.5,78,-1.0,STOP,2,4,2.613441595648773,1.6831145643825263,False
ULTRACEMCO,2023-06-23,TRAIN,BULL,SUPPLY,SINGLE (1-TF),1,False,False,False,False,True,8.5,78,-1.0,STOP,6,1,1.9890244403572905,0.0,False
ULTRACEMCO,2023-07-03,TRAIN,BULL,DEMAND,SINGLE (1-TF),1,False,False,False,False,True,8.5,78,2.0,T1,8,10,1.1172410286397019,3.6186711073258175,True
ULTRACEMCO,2023-07-10,TRAIN,BULL,SUPPLY,SINGLE (1-TF),1,False,False,False,False,True,8.5,78,2.0,T1,1,25,0.9017740873328215,3.9043042537494586,True
ULTRACEMCO,2023-07-17,TRAIN,BULL,SUPPLY,SINGLE (1-TF),1,False,False,False,False,True,8.5,78,-1.0,STOP,3,32,3.764197375456322,3.6241087107979166,False
ULTRACEMCO,2023-07-24,TRAIN,BULL,SUPPLY,DUAL (2-TF),2,False,False,False,True,True,10.0,85,-1.0,STOP,1,1,3.049152413144595,0.9502630441965048,False
ULTRACEMCO,2023-07-31,TRAIN,BULL,SUPPLY,DUAL (2-TF),2,False,False,False,True,True,10.0,85,-1.0,STOP,1,24,4.786136101615565,2.6749349295930616,False
ULTRACEMCO,2023-08-07,TRAIN,BULL,SUPPLY,DUAL (2-TF),2,False,False,False,True,True,10.0,85,-1.0,STOP,10,10,4.015437069205703,2.655385795547537,False
ULTRACEMCO,2023-08-14,TRAIN,BULL,SUPPLY,DUAL (2-TF),2,False,False,False,True,True,10.0,85,-1.0,STOP,2,6,2.0491330980395075,2.0743341045601182,False
ULTRACEMCO,2023-08-22,TRAIN,BULL,DEMAND,SINGLE (1-TF),1,False,False,False,False,True,8.5,78,2.0,T1,4,6,1.000594639099808,5.783627603451963,True
ULTRACEMCO,2023-08-29,TRAIN,BULL,SUPPLY,DUAL (2-TF),2,False,False,False,True,True,10.0,85,-1.0,STOP,1,4,4.7374929707520375,1.0455495267916635,False
ULTRACEMCO,2023-09-06,TRAIN,BULL,SUPPLY,DUAL (2-TF),2,False,False,False,True,True,10.0,85,-1.0,STOP,1,1,3.4929554941149092,0.0,False
ULTRACEMCO,2023-09-13,TRAIN,BULL,SUPPLY,DUAL (2-TF),2,False,False,False,True,True,10.0,85,-1.0,STOP,1,1,2.4113540717970854,0.0,False
ULTRACEMCO,2023-09-21,TRAIN,BULL,SUPPLY,SINGLE (1-TF),1,False,False,False,False,True,8.5,78,-1.0,STOP,35,2,1.0865071985691646,1.5181252331910013,False
ULTRACEMCO,2023-09-28,TRAIN,BULL,SUPPLY,DUAL (2-TF),2,False,False,False,True,True,10.0,85,-1.0,STOP,1,26,4.588225207841241,3.2296622478787245,False
ULTRACEMCO,2023-10-06,TRAIN,BULL,SUPPLY,DUAL (2-TF),2,False,False,False,True,True,10.0,85,-1.0,STOP,4,3,2.0026319593641517,1.3247030322365083,False
ULTRACEMCO,2023-10-13,TRAIN,BULL,DEMAND,SINGLE (1-TF),1,False,False,False,False,True,8.5,78,2.0,T1,9,2,0.033679796300538425,3.1624822263105106,True
ULTRACEMCO,2023-10-20,TRAIN,BULL,SUPPLY,SINGLE (1-TF),1,False,False,False,False,True,8.5,78,-1.0,STOP,1,1,4.294964584418137,0.0,False
ULTRACEMCO,2023-10-30,TRAIN,BULL,DEMAND,DUAL (2-TF),2,False,False,False,True,True,10.0,85,2.0,T1,1,5,1.5309230828408216,3.9052311708744987,True
ULTRACEMCO,2023-11-13,TRAIN,BULL,SUPPLY,DUAL (2-TF),2,False,False,False,True,True,10.0,85,-1.0,STOP,1,1,1.4588066341166395,0.333703057775682,False
ULTRACEMCO,2023-11-21,TRAIN,BULL,SUPPLY,SINGLE (1-TF),1,False,False,False,False,True,8.5,78,-1.0,STOP,1,1,2.1411952842722894,0.0,False
ULTRACEMCO,2023-11-29,TRAIN,BULL,SUPPLY,DUAL (2-TF),2,False,False,False,True,True,10.0,85,-1.0,STOP,1,1,4.8098576333037295,0.0,False
ULTRACEMCO,2023-12-20,TRAIN,BULL,SUPPLY,SINGLE (1-TF),1,False,False,False,False,True,8.5,78,-1.0,STOP,1,4,4.700010226395877,1.7515027120608408,False
ULTRACEMCO,2024-01-11,TRAIN,BULL,SUPPLY,DUAL (2-TF),2,False,False,False,True,True,10.0,85,-1.0,STOP,1,10,3.67905321801481,2.1677331342501374,False
ULTRACEMCO,2024-01-18,TRAIN,BULL,SUPPLY,DUAL (2-TF),2,False,False,False,True,True,10.0,85,-1.0,STOP,1,1,2.9349642656185693,0.710383546227945,False
ULTRACEMCO,2024-01-29,TRAIN,BULL,SUPPLY,SINGLE (1-TF),1,False,False,False,False,True,8.5,78,-1.0,STOP,1,1,3.2103770095848514,0.5700495668325811,False
ULTRACEMCO,2024-02-12,TRAIN,BULL,SUPPLY,SINGLE (1-TF),1,False,False,False,False,True,8.5,78,2.0,T1,8,10,0.6906208540534805,5.754356722727269,True
ULTRACEMCO,2024-02-19,TRAIN,BULL,SUPPLY,SINGLE (1-TF),1,False,False,False,False,True,8.5,78,-1.0,STOP,2,5,2.009884370922394,1.4942818675460967,False
ULTRACEMCO,2024-02-26,TRAIN,BULL,DEMAND,DUAL (2-TF),2,False,False,False,True,True,10.0,85,-1.0,STOP,1,2,1.6891607770824886,2.030855295330594,False
ULTRACEMCO,2024-03-04,TRAIN,BULL,SUPPLY,SINGLE (1-TF),1,False,False,False,False,True,8.5,78,-1.0,STOP,1,19,3.5010522089105343,4.9838189722160715,False
ULTRACEMCO,2024-03-12,TRAIN,BULL,SUPPLY,DUAL (2-TF),2,False,False,False,True,True,10.0,85,-1.0,STOP,12,3,4.465716259604339,2.000348580584066,False
ULTRACEMCO,2024-03-19,TRAIN,BULL,DEMAND,DUAL (2-TF),2,False,False,False,True,True,10.0,85,-1.0,STOP,1,1,1.9694102823608455,0.0,False
ULTRACEMCO,2024-03-27,TRAIN,BULL,DEMAND,DUAL (2-TF),2,False,False,False,True,True,10.0,85,-1.0,STOP,12,1,1.9297624116125827,0.8694926803796499,False
ULTRACEMCO,2024-04-04,TRAIN,BULL,DEMAND,SINGLE (1-TF),1,False,False,False,False,True,8.5,78,-1.0,STOP,1,6,4.699336285940807,1.2507419567734825,False
ULTRACEMCO,2024-04-12,TRAIN,BULL,SUPPLY,DUAL (2-TF),2,False,False,False,True,True,10.0,85,-1.0,STOP,11,1,3.3192954425605006,1.1153780428097946,False
ULTRACEMCO,2024-04-22,TRAIN,BULL,SUPPLY,SINGLE (1-TF),1,False,False,False,False,True,8.5,78,-1.0,STOP,3,3,3.7135332447961225,1.137036129389896,False
ULTRACEMCO,2024-04-29,TRAIN,BULL,DEMAND,SINGLE (1-TF),1,False,False,False,False,True,8.5,78,-1.0,STOP,7,1,1.3831396425319207,1.414540182404647,False
ULTRACEMCO,2024-05-07,TRAIN,BULL,SUPPLY,SINGLE (1-TF),1,False,False,False,False,True,8.5,78,-1.0,STOP,12,1,3.9826675699584957,1.1717932621887508,False
ULTRACEMCO,2024-05-14,TRAIN,BULL,SUPPLY,DUAL (2-TF),2,False,False,False,True,True,10.0,85,-1.0,STOP,1,6,7.148011463208456,0.0,False
ULTRACEMCO,2024-05-29,TRAIN,BULL,DEMAND,DUAL (2-TF),2,False,False,False,True,True,10.0,85,2.0,T1,2,2,1.4627785903165644,6.3159839775008555,True
ULTRACEMCO,2024-06-06,TRAIN,BULL,DEMAND,SINGLE (1-TF),1,False,False,False,False,True,8.5,78,2.0,T1,1,1,0.009048361934485704,5.769214768590734,True
ULTRACEMCO,2024-06-21,TRAIN,BULL,SUPPLY,SINGLE (1-TF),1,False,False,False,False,True,8.5,78,-1.0,STOP,4,1,6.7983010285986145,1.9430220286580617,False
ULTRACEMCO,2024-07-05,TRAIN,BULL,DEMAND,SINGLE (1-TF),1,False,False,False,False,True,8.5,78,-1.0,STOP,1,27,5.74177126677597,3.450942791531703,False
ULTRACEMCO,2024-07-12,TRAIN,BULL,SUPPLY,SINGLE (1-TF),1,False,False,False,False,True,8.5,78,-1.0,STOP,2,12,3.5372354760922207,3.947767214543042,False
ULTRACEMCO,2024-07-22,TRAIN,BULL,DEMAND,DUAL (2-TF),2,False,False,False,True,True,10.0,85,-1.0,STOP,1,17,5.74177126677597,3.450942791531703,False
ULTRACEMCO,2024-07-29,TRAIN,BULL,DEMAND,SINGLE (1-TF),1,False,False,False,False,True,8.5,78,-1.0,STOP,6,7,5.297458692329602,1.0680961171188978,False
ULTRACEMCO,2024-08-05,TRAIN,BULL,DEMAND,DUAL (2-TF),2,False,False,False,True,True,10.0,85,-1.0,STOP,1,7,5.52498654924393,0.8252746785977252,False
ULTRACEMCO,2024-08-12,TRAIN,BULL,SUPPLY,SINGLE (1-TF),1,False,False,False,False,True,8.5,78,2.0,T1,6,1,0.22611180567958306,2.934631184140032,True
ULTRACEMCO,2024-08-20,TRAIN,BULL,DEMAND,SINGLE (1-TF),1,False,False,False,False,True,8.5,78,2.0,T1,2,11,0.7553982229483674,5.560277367484418,True
ULTRACEMCO,2024-08-27,TRAIN,BULL,DEMAND,SINGLE (1-TF),1,False,False,False,False,True,8.5,78,2.0,T1,3,5,0.7553982229483674,5.560277367484418,True
ULTRACEMCO,2024-09-03,TRAIN,BULL,DEMAND,SINGLE (1-TF),1,False,False,False,False,True,8.5,78,-1.0,STOP,24,8,2.6353232065720382,2.670985109783784,False
ULTRACEMCO,2024-09-10,TRAIN,BULL,DEMAND,SINGLE (1-TF),1,False,False,False,False,True,8.5,78,2.0,T1,1,9,0.16181635725037175,4.687298401548288,True
ULTRACEMCO,2024-09-17,TRAIN,BULL,DEMAND,DUAL (2-TF),2,False,False,False,True,True,10.0,85,2.0,T1,2,3,0.2951059452531876,3.69925287162493,True
ULTRACEMCO,2024-09-24,TRAIN,BULL,DEMAND,SINGLE (1-TF),1,False,False,False,False,True,8.5,78,-1.0,STOP,7,1,2.157163100530174,2.5715912752892445,False
ULTRACEMCO,2024-10-01,TRAIN,BULL,SUPPLY,DUAL (2-TF),2,False,False,True,False,True,10.0,85,2.0,T1,1,3,0.8026751790206013,5.432265442451808,True
ULTRACEMCO,2024-10-09,TRAIN,BULL,SUPPLY,SINGLE (1-TF),1,False,False,False,False,True,8.5,78,-1.0,STOP,1,39,4.8182463075746185,7.927784598579617,False
ULTRACEMCO,2024-10-16,TRAIN,BULL,SUPPLY,SINGLE (1-TF),1,False,False,False,False,True,8.5,78,2.0,T1,1,1,0.18661123020975037,4.009346788573982,True
ULTRACEMCO,2024-10-23,TRAIN,SIDEWAYS,DEMAND,TRIPLE (3-TF),3,False,False,True,True,True,11.5,92,-1.0,STOP,1,1,4.714293704036831,0.0,False
ULTRACEMCO,2024-10-30,TRAIN,BULL,DEMAND,DUAL (2-TF),2,False,False,True,False,True,10.0,85,-1.0,STOP,11,1,2.582204395810849,0.47634094245289704,False
ULTRACEMCO,2024-11-06,TRAIN,BULL,SUPPLY,TRIPLE (3-TF),3,False,False,True,True,True,11.5,92,2.0,T1,1,6,2.048300636149297,4.8506383735931236,True
ULTRACEMCO,2024-11-13,TRAIN,SIDEWAYS,SUPPLY,SINGLE (1-TF),1,False,False,False,False,True,8.5,78,-1.0,STOP,6,1,4.142557475549277,2.6133524590688837,False
ULTRACEMCO,2024-11-22,TRAIN,BULL,SUPPLY,TRIPLE (3-TF),3,False,False,True,True,True,11.5,92,-1.0,STOP,1,1,4.142557475549277,2.6133524590688837,False
ULTRACEMCO,2024-11-29,TRAIN,BULL,DEMAND,DUAL (2-TF),2,False,False,False,True,True,10.0,85,-1.0,STOP,1,29,5.410422010586563,6.003922011482812,False
ULTRACEMCO,2024-12-06,TRAIN,BULL,SUPPLY,TRIPLE (3-TF),3,False,False,True,True,True,11.5,92,-1.0,STOP,1,3,3.342642150028812,0.0,False
ULTRACEMCO,2024-12-13,TRAIN,BULL,SUPPLY,TRIPLE (3-TF),3,False,False,True,True,True,11.5,92,-1.0,STOP,1,1,3.4086815719436734,0.12764960358678218,False
ULTRACEMCO,2024-12-30,TRAIN,BULL,SUPPLY,DUAL (2-TF),2,False,False,True,False,True,10.0,85,2.0,T1,4,6,1.921760184093678,6.8778367580311555,True
ULTRACEMCO,2025-01-06,TRAIN,BULL,DEMAND,SINGLE (1-TF),1,False,False,False,False,True,8.5,78,-1.0,STOP,3,2,5.324040849133784,1.5982259476683254,False
ULTRACEMCO,2025-01-13,TRAIN,BEAR,DEMAND,TRIPLE (3-TF),3,False,False,True,True,True,11.5,92,-1.0,STOP,1,1,10.18623651667366,0.0,False
ULTRACEMCO,2025-01-20,TRAIN,BEAR,DEMAND,DUAL (2-TF),2,False,False,False,True,True,10.0,85,-1.0,STOP,1,26,6.302627743110537,7.103333398949569,False
ULTRACEMCO,2025-01-28,TRAIN,SIDEWAYS,SUPPLY,TRIPLE (3-TF),3,False,False,True,True,True,11.5,92,-1.0,STOP,1,8,4.202621782279347,2.738881501788405,False
ULTRACEMCO,2025-02-04,TRAIN,BULL,DEMAND,SINGLE (1-TF),1,False,False,False,False,True,8.5,78,-1.0,STOP,1,13,2.7119281933993045,3.8654044393699953,False
ULTRACEMCO,2025-02-11,TRAIN,SIDEWAYS,DEMAND,DUAL (2-TF),2,False,False,False,True,True,10.0,85,-1.0,STOP,1,1,4.34125854277263,0.18830687901083065,False
ULTRACEMCO,2025-02-18,TRAIN,SIDEWAYS,SUPPLY,DUAL (2-TF),2,False,False,True,False,True,10.0,85,2.0,T1,26,6,1.7305162885515462,4.216905661859975,True
ULTRACEMCO,2025-02-25,TRAIN,SIDEWAYS,SUPPLY,DUAL (2-TF),2,False,False,True,False,True,10.0,85,-1.0,STOP,16,6,4.278497766200202,3.592111176504515,False
ULTRACEMCO,2025-03-05,TRAIN,BEAR,SUPPLY,SINGLE (1-TF),1,False,False,False,False,True,8.5,78,-1.0,STOP,1,10,7.584009309850343,1.4586939278584872,False
ULTRACEMCO,2025-03-20,TRAIN,SIDEWAYS,SUPPLY,DUAL (2-TF),2,False,False,True,False,True,10.0,85,-1.0,STOP,1,3,9.870190885349853,0.0,False
ULTRACEMCO,2025-03-27,TRAIN,SIDEWAYS,DEMAND,SINGLE (1-TF),1,False,False,False,False,True,8.5,78,2.0,T1,7,3,0.32707918289673893,7.158945615652231,True
ULTRACEMCO,2025-04-04,TRAIN,SIDEWAYS,SUPPLY,TRIPLE (3-TF),3,False,False,True,True,True,11.5,92,-1.0,STOP,1,4,4.337866080395199,2.9510807118493814,False
ULTRACEMCO,2025-04-15,TRAIN,BULL,SUPPLY,DUAL (2-TF),2,False,False,False,True,True,10.0,85,-1.0,STOP,1,1,5.702126722288959,0.0,False
ULTRACEMCO,2025-04-23,TRAIN,BULL,DEMAND,SINGLE (1-TF),1,False,False,False,False,True,8.5,78,-1.0,STOP,6,1,2.10611846062652,1.6797113390146767,False
ULTRACEMCO,2025-04-30,TRAIN,SIDEWAYS,DEMAND,DUAL (2-TF),2,False,False,False,True,True,10.0,85,-1.0,STOP,1,1,4.642877855902518,0.0,False
ULTRACEMCO,2025-05-08,TRAIN,SIDEWAYS,SUPPLY,TRIPLE (3-TF),3,False,False,True,True,True,11.5,92,-1.0,STOP,6,34,5.543798752759921,7.995625661860892,False
ULTRACEMCO,2025-05-15,TRAIN,BULL,DEMAND,SINGLE (1-TF),1,False,False,False,False,True,8.5,78,-1.0,STOP,9,1,2.439017845163022,2.107965472516659,False
ULTRACEMCO,2025-05-22,TRAIN,SIDEWAYS,SUPPLY,DUAL (2-TF),2,False,False,True,False,True,10.0,85,-1.0,STOP,26,1,2.8730030019668154,1.8732962975742715,False
ULTRACEMCO,2025-05-29,TRAIN,SIDEWAYS,DEMAND,TRIPLE (3-TF),3,False,False,True,True,True,11.5,92,-1.0,STOP,1,1,2.865870566662189,0.0,False
ULTRACEMCO,2025-06-05,TRAIN,SIDEWAYS,SUPPLY,DUAL (2-TF),2,False,False,True,False,True,10.0,85,-1.0,STOP,1,3,2.719118977528958,1.5832135459960488,False
ULTRACEMCO,2025-06-12,TRAIN,SIDEWAYS,SUPPLY,TRIPLE (3-TF),3,False,False,True,True,True,11.5,92,-1.0,STOP,1,2,3.023233385534585,1.4490211116571086,False
ULTRACEMCO,2025-06-19,TRAIN,SIDEWAYS,SUPPLY,TRIPLE (3-TF),3,False,False,True,True,True,11.5,92,-1.0,STOP,1,3,4.915626423690203,0.0,False
ULTRACEMCO,2025-06-26,TRAIN,BULL,SUPPLY,TRIPLE (3-TF),3,False,False,True,True,True,11.5,92,-1.0,STOP,1,1,7.223584881910152,0.0,False
ULTRACEMCO,2025-07-03,TRAIN,BULL,DEMAND,SINGLE (1-TF),1,False,False,False,False,True,8.5,78,2.0,T1,19,13,0.519534671793648,6.310244584817809,True
ULTRACEMCO,2025-07-10,TRAIN,BULL,DEMAND,DUAL (2-TF),2,False,False,False,True,True,10.0,85,-1.0,STOP,2,9,1.971779746045695,1.9076615116923217,False
ULTRACEMCO,2025-07-17,TRAIN,BULL,DEMAND,DUAL (2-TF),2,False,False,False,True,True,10.0,85,-1.0,STOP,1,5,1.7275835778481075,2.161521679577275,False
ULTRACEMCO,2025-07-24,TRAIN,BULL,DEMAND,DUAL (2-TF),2,False,False,False,True,True,10.0,85,-1.0,STOP,1,3,1.978011822523519,0.011221825791061008,False
ULTRACEMCO,2025-07-31,TRAIN,BULL,SUPPLY,DUAL (2-TF),2,False,False,True,False,True,10.0,85,-1.0,STOP,4,8,4.286800494142366,2.008896541828099,False
ULTRACEMCO,2025-08-07,TRAIN,BULL,DEMAND,SINGLE (1-TF),1,False,False,False,False,True,8.5,78,2.0,T1,1,3,0.4597339105697,2.865127406943259,True
ULTRACEMCO,2025-08-14,TRAIN,BULL,DEMAND,SINGLE (1-TF),1,False,False,False,False,True,8.5,78,2.0,T1,1,1,0.4884021110932158,5.038681779444907,True
ULTRACEMCO,2025-09-01,VALIDATION,BULL,SUPPLY,DUAL (2-TF),2,False,False,False,True,True,10.0,85,2.0,T1,4,1,1.763797357554699,2.641811020125961,True
ULTRACEMCO,2025-09-08,VALIDATION,BULL,SUPPLY,DUAL (2-TF),2,False,False,False,True,True,10.0,85,2.0,T1,1,12,0.787404105428589,3.937020527142945,True
ULTRACEMCO,2025-09-15,VALIDATION,BULL,SUPPLY,DUAL (2-TF),2,False,False,False,True,True,10.0,85,-1.0,STOP,1,2,2.5805501946288927,1.2341761800399076,False
ULTRACEMCO,2025-09-22,VALIDATION,BULL,SUPPLY,DUAL (2-TF),2,False,False,False,True,True,10.0,85,2.0,T1,1,2,0.22085573548823695,3.770322912977693,True
ULTRACEMCO,2025-09-29,VALIDATION,BULL,SUPPLY,DUAL (2-TF),2,False,False,False,True,True,10.0,85,2.0,T1,13,22,0.37900294085216824,6.152749869578882,True
ULTRACEMCO,2025-10-07,VALIDATION,BULL,SUPPLY,DUAL (2-TF),2,False,False,False,True,True,10.0,85,-1.0,STOP,1,3,2.3503110980039232,0.8388036074148236,False
ULTRACEMCO,2025-10-14,VALIDATION,BULL,DEMAND,TRIPLE (3-TF),3,False,False,True,True,True,11.5,92,-1.0,STOP,1,7,2.2551516088069388,2.4526831365856685,False
ULTRACEMCO,2025-10-21,VALIDATION,BULL,DEMAND,TRIPLE (3-TF),3,False,False,True,True,True,11.5,92,-1.0,STOP,1,2,3.900320375202289,0.4774251081679288,False
ULTRACEMCO,2025-10-29,VALIDATION,SIDEWAYS,DEMAND,DUAL (2-TF),2,False,False,True,False,True,10.0,85,-1.0,STOP,1,4,2.996141434808385,0.0,False
ULTRACEMCO,2025-11-13,VALIDATION,SIDEWAYS,DEMAND,SINGLE (1-TF),1,False,False,False,False,True,8.5,78,-1.0,STOP,2,3,1.7973228723413397,0.7594321995808391,False
ULTRACEMCO,2025-11-20,VALIDATION,SIDEWAYS,SUPPLY,SINGLE (1-TF),1,False,False,False,False,True,8.5,78,2.0,T1,2,12,0.08490435264763907,4.083899362350977,True
ULTRACEMCO,2025-11-27,VALIDATION,SIDEWAYS,SUPPLY,SINGLE (1-TF),1,False,False,False,False,True,8.5,78,2.0,T1,1,6,0.4945025308020106,2.037691463132412,True
ULTRACEMCO,2025-12-05,VALIDATION,SIDEWAYS,SUPPLY,TRIPLE (3-TF),3,False,False,True,True,True,11.5,92,-1.0,STOP,6,1,1.1829288773196724,1.5858104514792672,False
ULTRACEMCO,2025-12-12,VALIDATION,SIDEWAYS,SUPPLY,DUAL (2-TF),2,False,False,False,True,True,10.0,85,-1.0,STOP,1,1,3.416868710708682,0.0,False
ULTRACEMCO,2025-12-19,VALIDATION,SIDEWAYS,SUPPLY,DUAL (2-TF),2,False,False,False,True,True,10.0,85,-1.0,STOP,3,6,2.204502485820326,1.097962327568086,False
ULTRACEMCO,2026-01-12,VALIDATION,SIDEWAYS,SUPPLY,DUAL (2-TF),2,False,False,True,False,True,10.0,85,-1.0,STOP,2,1,1.1408442683086102,2.035463154967897,False
ULTRACEMCO,2026-01-20,VALIDATION,SIDEWAYS,DEMAND,DUAL (2-TF),2,False,False,False,True,True,10.0,85,2.0,T1,1,4,0.6137025252183215,6.360943741114344,True
ULTRACEMCO,2026-01-28,VALIDATION,BULL,DEMAND,SINGLE (1-TF),1,False,False,False,False,True,8.5,78,2.0,T1,4,1,0.27811953798101,5.946850120946951,True
ULTRACEMCO,2026-02-04,VALIDATION,BULL,DEMAND,SINGLE (1-TF),1,False,False,False,False,True,8.5,78,-1.0,STOP,1,19,4.440398859382774,4.138547058566058,False
ULTRACEMCO,2026-02-11,VALIDATION,BULL,DEMAND,SINGLE (1-TF),1,False,False,False,False,True,8.5,78,2.0,T1,7,4,1.1552099922536898,2.640479982294163,True
ULTRACEMCO,2026-02-18,VALIDATION,BULL,DEMAND,SINGLE (1-TF),1,False,False,False,False,True,8.5,78,-1.0,STOP,1,1,2.8819641585605704,0.6378747337614075,False
ULTRACEMCO,2026-02-25,VALIDATION,BULL,DEMAND,SINGLE (1-TF),1,False,False,False,False,True,8.5,78,-1.0,STOP,3,1,3.4544995300000667,1.0261665270521814,False
ULTRACEMCO,2026-03-06,TEST_OOS,SIDEWAYS,DEMAND,DUAL (2-TF),2,False,False,False,True,True,10.0,85,-1.0,STOP,1,1,11.492224146122915,0.0,False
ULTRACEMCO,2026-03-13,TEST_OOS,BEAR,SUPPLY,SINGLE (1-TF),1,False,False,False,False,True,8.5,78,-1.0,STOP,16,4,4.696004176768858,1.1564786405475624,False
ULTRACEMCO,2026-03-20,TEST_OOS,BEAR,DEMAND,ATZ (4-TF),4,True,True,True,True,True,13.0,100,-1.0,STOP,1,1,7.115803349477311,0.0,False
ULTRACEMCO,2026-03-30,TEST_OOS,BEAR,DEMAND,ATZ (4-TF),4,True,True,True,True,True,13.0,100,2.0,T1,1,5,3.706719703318332,9.401745052461543,True
ULTRACEMCO,2026-04-16,TEST_OOS,SIDEWAYS,DEMAND,TRIPLE (3-TF),3,False,True,True,False,True,11.5,92,2.0,T1,11,4,0.9060347727164634,4.763154233709416,True
ULTRACEMCO,2026-04-23,TEST_OOS,SIDEWAYS,DEMAND,SINGLE (1-TF),1,False,False,False,False,True,8.5,78,-1.0,STOP,1,5,4.0601642206339585,2.606525178678599,False
ULTRACEMCO,2026-04-30,TEST_OOS,BEAR,SUPPLY,SINGLE (1-TF),1,False,False,False,False,True,8.5,78,2.0,T1,5,8,2.2065020867035425,6.303102187300341,True
ULTRACEMCO,2026-05-07,TEST_OOS,SIDEWAYS,DEMAND,SINGLE (1-TF),1,False,False,False,False,True,8.5,78,-1.0,STOP,4,1,2.7810948727739713,0.9185267469712236,False
ULTRACEMCO,2026-05-21,TEST_OOS,BEAR,SUPPLY,DUAL (2-TF),2,False,False,False,True,True,10.0,85,-1.0,STOP,1,2,3.048844626770147,0.646459892209146,False
ULTRACEMCO,2026-05-28,TEST_OOS,SIDEWAYS,SUPPLY,DUAL (2-TF),2,False,False,False,True,True,10.0,85,2.0,T1,1,7,2.9003335704518154,6.088953309050985,True
ULTRACEMCO,2026-06-04,TEST_OOS,BEAR,SUPPLY,SINGLE (1-TF),1,False,False,False,False,True,8.5,78,-1.0,STOP,8,22,3.2485745161886697,2.290549859939993,False
ULTRACEMCO,2026-06-11,TEST_OOS,BEAR,SUPPLY,SINGLE (1-TF),1,False,False,False,False,True,8.5,78,-1.0,STOP,2,1,5.16506418286316,1.4003871200016338,False
ULTRACEMCO,2026-06-18,TEST_OOS,BEAR,SUPPLY,SINGLE (1-TF),1,False,False,False,False,True,8.5,78,-1.0,STOP,1,5,3.8427465617148466,0.062266726694459006,False
ULTRACEMCO,2026-06-25,TEST_OOS,BEAR,SUPPLY,SINGLE (1-TF),1,False,False,False,False,True,8.5,78,-1.0,STOP,1,6,4.465413828659387,0.20459067342464154,False
ULTRACEMCO,2026-07-02,TEST_OOS,SIDEWAYS,SUPPLY,SINGLE (1-TF),1,False,False,False,False,True,8.5,78,-1.0,STOP,1,1,2.219522203215506,0.40038439744279714,False
ULTRACEMCO,2026-07-09,TEST_OOS,SIDEWAYS,SUPPLY,SINGLE (1-TF),1,False,False,False,False,True,8.5,78,-1.0,STOP,1,4,2.4013214142799515,1.9176019926983707,False
ULTRACEMCO,2026-07-23,TEST_OOS,SIDEWAYS,SUPPLY,SINGLE (1-TF),1,False,False,False,False,True,8.5,78,-1.0,STOP,1,2,4.311559108310537,0.0,False
ULTRACEMCO,2026-07-30,TEST_OOS,SIDEWAYS,DEMAND,SINGLE (1-TF),1,False,False,False,False,True,8.5,78,-1.0,STOP,1,12,2.519903981134085,3.375694928940294,False
ULTRACEMCO,2026-08-06,TEST_OOS,BULL,DEMAND,SINGLE (1-TF),1,False,False,False,False,True,8.5,78,-1.0,STOP,1,3,2.770864443338311,1.2444001991040319,False
ULTRACEMCO,2026-08-20,TEST_OOS,SIDEWAYS,SUPPLY,SINGLE (1-TF),1,False,False,False,False,True,8.5,78,-1.0,STOP,1,4,1.8087855297157622,1.619293712316968,False
NTPC,2022-06-16,TRAIN,BEAR,DEMAND,SINGLE (1-TF),1,False,False,False,False,True,8.5,78,-1.0,STOP,1,1,9.386630936429952,0.0,False
NTPC,2022-06-30,TRAIN,BEAR,DEMAND,SINGLE (1-TF),1,False,False,False,False,True,8.5,78,2.0,T1,5,3,1.3133832086450528,6.591853699085613,True
NTPC,2022-07-07,TRAIN,BEAR,DEMAND,SINGLE (1-TF),1,False,False,False,False,True,8.5,78,2.0,T1,1,3,1.759909582626953,4.294825219988692,True
NTPC,2022-07-21,TRAIN,SIDEWAYS,SUPPLY,DUAL (2-TF),2,False,False,False,True,True,10.0,85,-1.0,STOP,1,1,1.9845559845559795,0.20077220077219377,False
NTPC,2022-07-28,TRAIN,SIDEWAYS,SUPPLY,DUAL (2-TF),2,False,False,False,True,True,10.0,85,-1.0,STOP,1,1,2.3861995592370135,1.1930997796185068,False
NTPC,2022-08-04,TRAIN,SIDEWAYS,DEMAND,SINGLE (1-TF),1,False,False,False,False,True,8.5,78,2.0,T1,1,20,2.234104893055971,9.96191034280691,True
NTPC,2022-08-12,TRAIN,BULL,SUPPLY,SINGLE (1-TF),1,False,False,False,False,True,8.5,78,-1.0,STOP,1,1,4.7327681533357815,0.0,False
NTPC,2022-08-22,TRAIN,BULL,DEMAND,DUAL (2-TF),2,False,False,False,True,True,10.0,85,2.0,T1,1,17,2.108092812676866,10.788058856819466,True
NTPC,2022-08-29,TRAIN,BULL,SUPPLY,SINGLE (1-TF),1,False,False,False,False,True,8.5,78,-1.0,STOP,1,1,4.126849295674937,0.0,False
NTPC,2022-09-06,TRAIN,BULL,DEMAND,DUAL (2-TF),2,False,False,False,True,True,10.0,85,-1.0,STOP,15,1,3.211678832116792,1.2652068126520635,False
NTPC,2022-09-13,TRAIN,BULL,DEMAND,DUAL (2-TF),2,False,False,False,True,True,10.0,85,-1.0,STOP,9,1,4.800000000000007,2.4341880341880358,False
NTPC,2022-09-20,TRAIN,BULL,DEMAND,SINGLE (1-TF),1,False,False,False,False,True,8.5,78,-1.0,STOP,3,1,2.835449842101726,1.3438150910434723,False
NTPC,2022-09-27,TRAIN,BULL,DEMAND,DUAL (2-TF),2,False,False,False,True,True,10.0,85,-1.0,STOP,1,1,4.906155120066233,0.0,False
NTPC,2022-10-04,TRAIN,BULL,SUPPLY,SINGLE (1-TF),1,False,False,False,False,True,8.5,78,-1.0,STOP,1,15,4.610318331503841,2.2228320526893395,False
NTPC,2022-10-12,TRAIN,BULL,SUPPLY,SINGLE (1-TF),1,False,False,False,False,True,8.5,78,-1.0,STOP,1,10,4.610318331503841,1.7082875960482853,False
NTPC,2022-10-19,TRAIN,BULL,DEMAND,DUAL (2-TF),2,False,False,False,True,True,10.0,85,-1.0,STOP,1,1,2.861782017454834,1.1095325079493852,False
NTPC,2022-10-27,TRAIN,BULL,SUPPLY,DUAL (2-TF),2,False,False,False,True,True,10.0,85,-1.0,STOP,1,1,6.522186406967966,0.0,False
NTPC,2022-11-11,TRAIN,BULL,SUPPLY,SINGLE (1-TF),1,False,False,False,False,True,8.5,78,2.0,T1,18,11,0.08954842011000791,5.257771523602404,True
NTPC,2022-11-18,TRAIN,BULL,SUPPLY,DUAL (2-TF),2,False,False,False,True,True,10.0,85,-1.0,STOP,9,3,2.0586889745768286,1.36592379583034,False
NTPC,2022-11-25,TRAIN,BULL,DEMAND,SINGLE (1-TF),1,False,False,False,False,True,8.5,78,-1.0,STOP,20,1,1.608725289706875,2.208588957055221,False
NTPC,2022-12-02,TRAIN,BULL,DEMAND,DUAL (2-TF),2,False,False,False,True,True,10.0,85,-1.0,STOP,5,1,1.756232322567906,0.8485167401170769,False
NTPC,2022-12-30,TRAIN,BULL,DEMAND,SINGLE (1-TF),1,False,False,False,False,True,8.5,78,2.0,T1,20,1,0.1779968508249407,4.840145135893746,True
NTPC,2023-01-06,TRAIN,BULL,DEMAND,DUAL (2-TF),2,False,False,False,True,True,10.0,85,2.0,T1,4,6,0.7188877585622261,2.74669379450662,True
NTPC,2023-01-13,TRAIN,BULL,SUPPLY,SINGLE (1-TF),1,False,False,False,False,True,8.5,78,-1.0,STOP,1,10,2.5582641307259535,2.350656308598976,False
NTPC,2023-01-20,TRAIN,BULL,DEMAND,DUAL (2-TF),2,False,False,False,True,True,10.0,85,2.0,T1,1,21,2.2065727699530466,6.6197183098591585,True
NTPC,2023-01-30,TRAIN,BULL,SUPPLY,SINGLE (1-TF),1,False,False,False,False,True,8.5,78,-1.0,STOP,1,1,3.4784953485236594,0.0,False
NTPC,2023-02-06,TRAIN,BULL,SUPPLY,DUAL (2-TF),2,False,False,False,True,True,10.0,85,-1.0,STOP,1,11,5.180627233028988,0.9792245600105794,False
NTPC,2023-02-13,TRAIN,BULL,DEMAND,SINGLE (1-TF),1,False,False,False,False,True,8.5,78,2.0,T1,1,15,0.8144077335628614,7.217109183605911,True
NTPC,2023-02-27,TRAIN,BULL,SUPPLY,SINGLE (1-TF),1,False,False,False,False,True,8.5,78,-1.0,STOP,1,5,4.101575056252005,0.3857280617165045,False
NTPC,2023-03-06,TRAIN,BULL,SUPPLY,DUAL (2-TF),2,False,False,False,True,True,10.0,85,-1.0,STOP,1,1,4.796101564503712,0.0,False
NTPC,2023-03-14,TRAIN,BULL,DEMAND,SINGLE (1-TF),1,False,False,False,False,True,8.5,78,-1.0,STOP,1,6,3.145806609248064,1.2522142813511594,False
NTPC,2023-03-21,TRAIN,BULL,SUPPLY,DUAL (2-TF),2,False,False,False,True,True,10.0,85,2.0,T1,10,5,0.8734698898935942,3.309343667343296,True
NTPC,2023-03-28,TRAIN,BULL,SUPPLY,DUAL (2-TF),2,False,False,False,True,True,10.0,85,-1.0,STOP,2,6,3.274765413439144,1.3539895459411837,False
NTPC,2023-04-06,TRAIN,BULL,DEMAND,SINGLE (1-TF),1,False,False,False,False,True,8.5,78,-1.0,STOP,1,5,3.3366720921497515,2.6605734318267182,False
NTPC,2023-04-17,TRAIN,BULL,SUPPLY,DUAL (2-TF),2,False,False,False,True,True,10.0,85,2.0,T1,12,12,1.0647464303298981,2.892663712456911,True
NTPC,2023-04-24,TRAIN,BULL,DEMAND,SINGLE (1-TF),1,False,False,False,False,True,8.5,78,2.0,T1,1,5,0.3247807729782397,4.293601818772338,True
NTPC,2023-05-02,TRAIN,BULL,SUPPLY,DUAL (2-TF),2,False,False,False,True,True,10.0,85,-1.0,STOP,1,1,4.414120058940346,0.0,False
NTPC,2023-05-09,TRAIN,BULL,SUPPLY,SINGLE (1-TF),1,False,False,False,False,True,8.5,78,-1.0,STOP,1,2,2.0698657384385957,0.7894082545996904,False
NTPC,2023-05-16,TRAIN,BULL,SUPPLY,SINGLE (1-TF),1,False,False,False,False,True,8.5,78,-1.0,STOP,1,17,3.801999753116897,3.2341686211578873,False
NTPC,2023-05-23,TRAIN,BULL,SUPPLY,SINGLE (1-TF),1,False,False,False,False,True,8.5,78,-1.0,STOP,1,12,5.283585826968823,1.8530111431075544,False
NTPC,2023-05-30,TRAIN,BULL,DEMAND,DUAL (2-TF),2,False,False,False,True,True,10.0,85,-1.0,STOP,2,1,1.7730718626652542,1.171605789110943,False
NTPC,2023-06-06,TRAIN,BULL,SUPPLY,SINGLE (1-TF),1,False,False,False,False,True,8.5,78,-1.0,STOP,1,1,2.531885339057956,0.03156964263163464,False
NTPC,2023-06-20,TRAIN,BULL,DEMAND,DUAL (2-TF),2,False,False,False,True,True,10.0,85,2.0,T1,1,9,1.4261300017679224,4.732158642229949,True
NTPC,2023-06-27,TRAIN,BULL,DEMAND,DUAL (2-TF),2,False,False,False,True,True,10.0,85,2.0,T1,1,7,1.443937799602478,5.46591839120776,True
NTPC,2023-07-05,TRAIN,BULL,DEMAND,SINGLE (1-TF),1,False,False,False,False,True,8.5,78,2.0,T1,7,8,1.4673214076932017,7.383374254647489,True
NTPC,2023-07-12,TRAIN,BULL,SUPPLY,SINGLE (1-TF),1,False,False,False,False,True,8.5,78,-1.0,STOP,1,9,4.0559678241658625,4.520478105704407,False
NTPC,2023-07-19,TRAIN,BULL,SUPPLY,DUAL (2-TF),2,False,False,False,True,True,10.0,85,-1.0,STOP,1,1,4.882755394421393,0.0,False
NTPC,2023-08-09,TRAIN,BULL,SUPPLY,SINGLE (1-TF),1,False,False,False,False,True,8.5,78,-1.0,STOP,1,16,9.455673404042427,1.9761857114268504,False
NTPC,2023-08-17,TRAIN,BULL,SUPPLY,DUAL (2-TF),2,False,False,False,True,True,10.0,85,-1.0,STOP,1,11,9.455673404042427,1.2807684610766472,False
NTPC,2023-08-24,TRAIN,BULL,DEMAND,SINGLE (1-TF),1,False,False,False,False,True,8.5,78,2.0,T1,2,5,0.7312252964426967,8.092885375494069,True
NTPC,2023-09-15,TRAIN,BULL,SUPPLY,SINGLE (1-TF),1,False,False,False,False,True,8.5,78,2.0,T1,3,1,1.196193525435787,2.4679829242262463,True
NTPC,2023-09-25,TRAIN,BULL,DEMAND,SINGLE (1-TF),1,False,False,False,False,True,8.5,78,5.0,T3,4,1,0.23340961098397753,6.475972540045769,True
NTPC,2023-10-03,TRAIN,BULL,SUPPLY,DUAL (2-TF),2,False,False,False,True,True,10.0,85,5.0,T3,1,1,1.480789754535758,4.771433653504086,True
NTPC,2023-10-10,TRAIN,BULL,SUPPLY,DUAL (2-TF),2,False,False,False,True,True,10.0,85,-1.0,STOP,1,23,7.598951868707765,3.148990943777867,False
NTPC,2023-10-17,TRAIN,BULL,DEMAND,DUAL (2-TF),2,False,False,False,True,True,10.0,85,-1.0,STOP,3,3,4.334042842262575,1.4446809474208586,False
NTPC,2023-10-25,TRAIN,BULL,SUPPLY,SINGLE (1-TF),1,False,False,False,False,True,8.5,78,-1.0,STOP,13,1,3.337748344370862,2.7637969094922696,False
NTPC,2023-11-16,TRAIN,BULL,SUPPLY,SINGLE (1-TF),1,False,False,False,False,True,8.5,78,-1.0,STOP,1,1,4.84326710816777,0.0,False
NTPC,2023-11-23,TRAIN,BULL,SUPPLY,SINGLE (1-TF),1,False,False,False,False,True,8.5,78,-1.0,STOP,1,1,3.2360788363886783,0.0,False
NTPC,2023-12-11,TRAIN,BULL,SUPPLY,SINGLE (1-TF),1,False,False,False,False,True,8.5,78,-1.0,STOP,1,1,4.866946778711481,0.0,False
NTPC,2023-12-26,TRAIN,BULL,DEMAND,SINGLE (1-TF),1,False,False,False,False,True,8.5,78,2.0,T1,1,39,5.1015863226779,12.464453352519955,True
NTPC,2024-01-02,TRAIN,BULL,SUPPLY,SINGLE (1-TF),1,False,False,False,False,True,8.5,78,-1.0,STOP,1,2,4.090751645306547,2.2826463456875565,False
NTPC,2024-01-09,TRAIN,BULL,SUPPLY,SINGLE (1-TF),1,False,False,False,False,True,8.5,78,-1.0,STOP,1,12,4.776499758936568,4.614642881741159,False
NTPC,2024-01-16,TRAIN,BULL,SUPPLY,SINGLE (1-TF),1,False,False,False,False,True,8.5,78,-1.0,STOP,8,1,2.485936605248087,1.0543335466702581,False
NTPC,2024-01-24,TRAIN,BULL,DEMAND,SINGLE (1-TF),1,False,False,False,False,True,8.5,78,2.0,T1,1,7,3.4654837815359025,10.389520377044642,True
NTPC,2024-02-01,TRAIN,BULL,SUPPLY,SINGLE (1-TF),1,False,False,False,False,True,8.5,78,-1.0,STOP,1,1,5.006401185903919,0.21898793881813128,False
NTPC,2024-02-15,TRAIN,BULL,SUPPLY,DUAL (2-TF),2,False,False,False,True,True,10.0,85,-1.0,STOP,1,1,5.554467724038894,0.0,False
NTPC,2024-02-22,TRAIN,BULL,DEMAND,SINGLE (1-TF),1,False,False,False,False,True,8.5,78,-1.0,STOP,1,1,2.881260902068278,0.0,False
NTPC,2024-02-29,TRAIN,BULL,SUPPLY,DUAL (2-TF),2,False,False,False,True,True,10.0,85,-1.0,STOP,2,1,5.1956542041527864,1.646795131214401,False
NTPC,2024-03-07,TRAIN,BULL,DEMAND,SINGLE (1-TF),1,False,False,False,False,True,8.5,78,-1.0,STOP,1,3,10.55375764113629,0.01498262016060006,False
NTPC,2024-03-19,TRAIN,BULL,DEMAND,DUAL (2-TF),2,False,False,True,False,True,10.0,85,-1.0,STOP,1,1,6.006336070343307,0.0,False
NTPC,2024-03-27,TRAIN,BULL,DEMAND,SINGLE (1-TF),1,False,False,False,False,True,8.5,78,2.0,T1,1,4,2.7708445230798335,5.513253925626358,True
NTPC,2024-04-04,TRAIN,BULL,SUPPLY,DUAL (2-TF),2,False,False,False,True,True,10.0,85,-1.0,STOP,1,2,3.976143141153078,0.12952587505271607,False
NTPC,2024-04-12,TRAIN,BULL,DEMAND,SINGLE (1-TF),1,False,False,False,False,True,8.5,78,-1.0,STOP,2,2,2.020051765685902,2.6924106744414398,False
NTPC,2024-04-22,TRAIN,BULL,SUPPLY,DUAL (2-TF),2,False,False,False,True,True,10.0,85,-1.0,STOP,4,4,3.7188984976830737,2.824591954192613,False
NTPC,2024-04-29,TRAIN,BULL,DEMAND,SINGLE (1-TF),1,False,False,False,False,True,8.5,78,2.0,T1,6,9,1.9357756671189386,6.383235338459224,True
NTPC,2024-05-07,TRAIN,BULL,DEMAND,SINGLE (1-TF),1,False,False,False,False,True,8.5,78,-1.0,STOP,1,1,5.412708097271855,0.0,False
NTPC,2024-05-14,TRAIN,BULL,DEMAND,SINGLE (1-TF),1,False,False,False,False,True,8.5,78,2.0,T1,1,13,1.7399321872583493,10.293855213848062,True
NTPC,2024-05-22,TRAIN,BULL,SUPPLY,DUAL (2-TF),2,False,False,False,True,True,10.0,85,-1.0,STOP,1,8,10.202080237741452,0.3625557206537971,False
NTPC,2024-05-29,TRAIN,BULL,SUPPLY,SINGLE (1-TF),1,False,False,False,False,True,8.5,78,5.0,T3,4,1,5.415316390926151,15.469895957700825,True
NTPC,2024-06-06,TRAIN,BULL,DEMAND,TRIPLE (3-TF),3,False,False,True,True,True,11.5,92,2.0,T1,1,15,3.2240794717744428,9.25584438760334,True
NTPC,2024-06-13,TRAIN,BULL,SUPPLY,DUAL (2-TF),2,False,False,False,True,True,10.0,85,-1.0,STOP,1,9,5.420308558690684,1.6454508124596743,False
NTPC,2024-06-21,TRAIN,BULL,SUPPLY,DUAL (2-TF),2,False,False,False,True,True,10.0,85,-1.0,STOP,5,1,5.3697435603235535,1.500200791692966,False
NTPC,2024-06-28,TRAIN,BULL,SUPPLY,DUAL (2-TF),2,False,False,False,True,True,10.0,85,-1.0,STOP,1,1,7.447057447057441,0.0,False
NTPC,2024-07-05,TRAIN,BULL,SUPPLY,SINGLE (1-TF),1,False,False,False,False,True,8.5,78,-1.0,STOP,1,12,4.511151634170286,4.340019638097902,False
NTPC,2024-07-12,TRAIN,BULL,SUPPLY,SINGLE (1-TF),1,False,False,False,False,True,8.5,78,-1.0,STOP,1,1,3.9001869370645164,0.6287883079363358,False
NTPC,2024-07-22,TRAIN,BULL,SUPPLY,SINGLE (1-TF),1,False,False,False,False,True,8.5,78,-1.0,STOP,1,1,3.016484450235081,3.4215147566985737,False
NTPC,2024-07-29,TRAIN,BULL,SUPPLY,SINGLE (1-TF),1,False,False,False,True,False,8.5,78,-1.0,STOP,1,1,13.066465256797589,0.0,False
NTPC,2024-08-05,TRAIN,BULL,DEMAND,SINGLE (1-TF),1,False,False,False,False,True,8.5,78,-1.0,STOP,1,24,4.572694111516418,4.424179260031256,False
NTPC,2024-08-12,TRAIN,BULL,SUPPLY,SINGLE (1-TF),1,False,False,False,False,True,8.5,78,2.0,T1,14,3,0.6974628525219828,3.9396543010209317,True
NTPC,2024-08-20,TRAIN,BULL,SUPPLY,DUAL (2-TF),2,False,False,False,True,True,10.0,85,-1.0,STOP,1,8,4.579691887777877,0.3228092276198623,False
NTPC,2024-08-27,TRAIN,BULL,SUPPLY,DUAL (2-TF),2,False,False,False,True,True,10.0,85,-1.0,STOP,1,1,2.1350200077449286,0.03614302310572949,False
NTPC,2024-09-03,TRAIN,BULL,SUPPLY,SINGLE (1-TF),1,False,False,False,False,True,8.5,78,-1.0,STOP,1,11,4.300091491308323,4.2608809305973105,False
NTPC,2024-09-10,TRAIN,BULL,SUPPLY,DUAL (2-TF),2,False,False,False,True,True,10.0,85,-1.0,STOP,3,2,2.17056690407242,3.1227987790561236,False
NTPC,2024-09-17,TRAIN,BULL,DEMAND,SINGLE (1-TF),1,False,False,False,False,True,8.5,78,-1.0,STOP,28,12,4.413742188941917,4.764415851504204,False
NTPC,2024-09-24,TRAIN,BULL,DEMAND,SINGLE (1-TF),1,False,False,False,False,True,8.5,78,-1.0,STOP,9,12,3.534345552383601,3.9815072126923154,False
NTPC,2024-10-01,TRAIN,BULL,DEMAND,SINGLE (1-TF),1,False,False,False,False,True,8.5,78,-1.0,STOP,3,1,5.1911635618843315,1.8311713644786871,False
NTPC,2024-10-16,TRAIN,BULL,SUPPLY,SINGLE (1-TF),1,False,False,False,False,True,8.5,78,2.0,T1,1,22,3.7201738113993965,11.864406779661017,True
NTPC,2024-10-23,TRAIN,BULL,DEMAND,DUAL (2-TF),2,False,False,False,True,True,10.0,85,-1.0,STOP,1,1,5.182389312408434,0.0,False
NTPC,2024-10-30,TRAIN,BULL,DEMAND,SINGLE (1-TF),1,False,False,False,False,True,8.5,78,-1.0,STOP,4,6,5.245687401986421,3.5650810245687365,False
NTPC,2024-11-13,TRAIN,SIDEWAYS,DEMAND,TRIPLE (3-TF),3,False,False,True,True,True,11.5,92,-1.0,STOP,1,1,6.356948875471289,0.0,False
NTPC,2024-11-22,TRAIN,SIDEWAYS,DEMAND,TRIPLE (3-TF),3,False,False,True,True,True,11.5,92,-1.0,STOP,1,14,6.401441641253112,0.016634322151372963,False
NTPC,2024-11-29,TRAIN,SIDEWAYS,DEMAND,DUAL (2-TF),2,False,False,True,False,True,10.0,85,-1.0,STOP,1,1,3.51258936897731,0.0,False
NTPC,2024-12-06,TRAIN,SIDEWAYS,DEMAND,DUAL (2-TF),2,False,False,True,False,True,10.0,85,-1.0,STOP,3,2,3.9325043394132524,1.0215405628432332,False
NTPC,2024-12-13,TRAIN,BEAR,DEMAND,DUAL (2-TF),2,False,False,True,False,True,10.0,85,-1.0,STOP,1,1,5.278433827504769,0.0,False
NTPC,2024-12-30,TRAIN,BEAR,DEMAND,TRIPLE (3-TF),3,False,False,True,True,True,11.5,92,-1.0,STOP,1,9,10.81367853028558,0.0,False
NTPC,2025-01-06,TRAIN,BEAR,DEMAND,TRIPLE (3-TF),3,False,False,True,True,True,11.5,92,-1.0,STOP,1,2,3.5379649650590768,2.412961047914509,False
NTPC,2025-01-13,TRAIN,BEAR,DEMAND,TRIPLE (3-TF),3,False,False,True,True,True,11.5,92,-1.0,STOP,1,1,13.930152185775778,0.0,False
NTPC,2025-01-20,TRAIN,BEAR,SUPPLY,DUAL (2-TF),2,False,False,False,True,True,10.0,85,-1.0,STOP,1,1,5.587649727471525,0.0,False
NTPC,2025-01-27,TRAIN,BEAR,SUPPLY,SINGLE (1-TF),1,False,False,False,False,True,8.5,78,2.0,T1,4,12,2.202064234886853,7.824219501250088,True
NTPC,2025-02-01,TRAIN,BEAR,SUPPLY,SINGLE (1-TF),1,False,False,False,False,True,8.5,78,2.0,T1,1,10,2.202064234886853,7.824219501250088,True
NTPC,2025-02-07,TRAIN,BEAR,SUPPLY,SINGLE (1-TF),1,False,False,False,False,True,8.5,78,-1.0,STOP,10,1,2.2651222651222533,3.394465894465898,False
NTPC,2025-02-14,TRAIN,BEAR,SUPPLY,SINGLE (1-TF),1,False,False,False,False,True,8.5,78,-1.0,STOP,3,2,5.362870890136332,4.186714782143803,False
NTPC,2025-02-21,TRAIN,BEAR,SUPPLY,DUAL (2-TF),2,False,False,False,True,True,10.0,85,-1.0,STOP,1,1,5.185822550220061,0.0,False
NTPC,2025-03-03,TRAIN,BEAR,DEMAND,TRIPLE (3-TF),3,False,False,True,True,True,11.5,92,2.0,T1,1,13,2.25752232804931,12.404838018653392,True
NTPC,2025-03-10,TRAIN,BEAR,DEMAND,DUAL (2-TF),2,False,False,True,False,True,10.0,85,2.0,T1,2,8,0.7664906812543811,12.814070351758783,True
NTPC,2025-03-18,TRAIN,BEAR,SUPPLY,SINGLE (1-TF),1,False,False,False,False,True,8.5,78,-1.0,STOP,1,1,4.531550566049638,0.0,False
NTPC,2025-03-25,TRAIN,SIDEWAYS,SUPPLY,TRIPLE (3-TF),3,False,False,True,True,True,11.5,92,-1.0,STOP,1,1,5.228662120855856,0.0,False
NTPC,2025-04-11,TRAIN,SIDEWAYS,SUPPLY,DUAL (2-TF),2,False,False,True,False,True,10.0,85,-1.0,STOP,1,1,4.748702218027361,0.21236432279377868,False
NTPC,2025-04-22,TRAIN,SIDEWAYS,DEMAND,SINGLE (1-TF),1,False,False,False,False,True,8.5,78,-1.0,STOP,1,3,3.142530051516875,1.2564396107613176,False
NTPC,2025-05-14,TRAIN,BEAR,DEMAND,DUAL (2-TF),2,False,False,True,False,True,10.0,85,2.0,T1,2,1,0.6291452302733619,3.836856133391184,True
NTPC,2025-05-21,TRAIN,BEAR,SUPPLY,DUAL (2-TF),2,False,False,False,True,True,10.0,85,2.0,T1,1,24,2.840563859521195,5.899866326406615,True
NTPC,2025-05-28,TRAIN,BEAR,SUPPLY,DUAL (2-TF),2,False,False,False,True,True,10.0,85,2.0,T1,2,3,0.0728044896101954,4.3864704990141,True
NTPC,2025-06-04,TRAIN,BEAR,DEMAND,TRIPLE (3-TF),3,False,False,True,True,True,11.5,92,-1.0,STOP,1,1,2.9597718961135593,0.0,False
NTPC,2025-06-11,TRAIN,BEAR,DEMAND,DUAL (2-TF),2,False,False,True,False,True,10.0,85,-1.0,STOP,2,8,3.456659289966641,2.64314434435683,False
NTPC,2025-06-18,TRAIN,BEAR,DEMAND,DUAL (2-TF),2,False,False,True,False,True,10.0,85,-1.0,STOP,1,1,2.8380327064093516,0.0,False
NTPC,2025-06-25,TRAIN,BEAR,DEMAND,TRIPLE (3-TF),3,False,False,True,True,True,11.5,92,2.0,T1,1,9,0.9020256562314637,3.461406410936681,True
NTPC,2025-07-09,TRAIN,SIDEWAYS,SUPPLY,TRIPLE (3-TF),3,False,False,True,True,True,11.5,92,-1.0,STOP,1,1,3.19702602230483,0.0,False
NTPC,2025-07-16,TRAIN,SIDEWAYS,SUPPLY,DUAL (2-TF),2,False,False,True,False,True,10.0,85,2.0,T1,1,7,0.3657246486323045,3.1162158077678708,True
NTPC,2025-07-23,TRAIN,SIDEWAYS,SUPPLY,DUAL (2-TF),2,False,False,True,False,True,10.0,85,2.0,T1,1,2,0.582435916881546,2.7635370847868823,True
NTPC,2025-07-30,TRAIN,SIDEWAYS,SUPPLY,DUAL (2-TF),2,False,False,False,True,True,10.0,85,-1.0,STOP,1,37,2.5622971897385503,3.532725157656285,False
NTPC,2025-08-06,TRAIN,BEAR,SUPPLY,DUAL (2-TF),2,False,False,False,True,True,10.0,85,-1.0,STOP,4,29,2.5622971897385503,3.532725157656285,False
NTPC,2025-08-13,TRAIN,SIDEWAYS,DEMAND,SINGLE (1-TF),1,False,False,False,False,True,8.5,78,-1.0,STOP,9,2,1.5338956576070055,1.596376132458593,False
NTPC,2025-08-21,TRAIN,SIDEWAYS,SUPPLY,TRIPLE (3-TF),3,False,False,True,True,True,11.5,92,-1.0,STOP,1,21,2.469821864098052,2.7137167731777407,False
NTPC,2025-08-29,TRAIN,BEAR,SUPPLY,DUAL (2-TF),2,False,False,False,True,True,10.0,85,-1.0,STOP,3,14,2.0038784744667066,3.0012004801920766,False
NTPC,2025-09-05,VALIDATION,SIDEWAYS,DEMAND,DUAL (2-TF),2,False,False,True,False,True,10.0,85,2.0,T1,1,10,1.1388235294117632,3.701960784313729,True
NTPC,2025-09-12,VALIDATION,SIDEWAYS,SUPPLY,DUAL (2-TF),2,False,False,False,True,True,10.0,85,-1.0,STOP,1,1,2.1723411613065564,0.0,False
NTPC,2025-09-19,VALIDATION,SIDEWAYS,DEMAND,SINGLE (1-TF),1,False,False,False,False,True,8.5,78,-1.0,STOP,31,1,1.9635822191891257,1.4796662220429884,False
NTPC,2025-09-26,VALIDATION,SIDEWAYS,DEMAND,DUAL (2-TF),2,False,False,False,True,True,10.0,85,-1.0,STOP,1,7,3.12013414780212,0.2185890525811529,False
NTPC,2025-10-13,VALIDATION,SIDEWAYS,SUPPLY,SINGLE (1-TF),1,False,False,False,False,True,8.5,78,-1.0,STOP,1,4,1.8323255036616213,0.829560302652758,False
NTPC,2025-10-20,VALIDATION,SIDEWAYS,SUPPLY,SINGLE (1-TF),1,False,False,False,False,True,8.5,78,-1.0,STOP,1,2,2.1456357889618287,0.0,False
NTPC,2025-10-28,VALIDATION,SIDEWAYS,SUPPLY,DUAL (2-TF),2,False,False,True,False,True,10.0,85,-1.0,STOP,1,1,2.143156885078825,1.5616569750014926,False
NTPC,2025-11-12,VALIDATION,SIDEWAYS,SUPPLY,DUAL (2-TF),2,False,False,False,True,True,10.0,85,-1.0,STOP,1,35,2.7712190878588343,3.7405244190381577,False
NTPC,2025-11-19,VALIDATION,SIDEWAYS,SUPPLY,DUAL (2-TF),2,False,False,False,True,True,10.0,85,-1.0,STOP,1,30,2.7712190878588343,3.7405244190381577,False
NTPC,2025-11-26,VALIDATION,SIDEWAYS,SUPPLY,DUAL (2-TF),2,False,False,False,True,True,10.0,85,2.0,T1,1,9,1.0101639957598083,3.3983912203030595,True
NTPC,2025-12-03,VALIDATION,SIDEWAYS,SUPPLY,TRIPLE (3-TF),3,False,False,True,True,True,11.5,92,2.0,T1,1,4,0.7202095154954176,3.3983912203030595,True
NTPC,2025-12-10,VALIDATION,BEAR,SUPPLY,SINGLE (1-TF),1,False,False,False,False,True,8.5,78,-1.0,STOP,1,2,1.1472094052209074,0.963908728904624,False
NTPC,2025-12-17,VALIDATION,BEAR,DEMAND,ATZ (4-TF),4,True,True,True,True,True,13.0,100,-1.0,STOP,1,1,1.7363303447404974,0.0,False
NTPC,2025-12-24,VALIDATION,BEAR,SUPPLY,TRIPLE (3-TF),3,False,False,True,True,True,11.5,92,-1.0,STOP,1,1,2.078227936730222,0.0,False
NTPC,2026-01-09,VALIDATION,SIDEWAYS,SUPPLY,TRIPLE (3-TF),3,False,False,True,True,True,11.5,92,-1.0,STOP,1,3,5.454099767128328,0.0,False
NTPC,2026-01-16,VALIDATION,BULL,DEMAND,DUAL (2-TF),2,False,True,False,False,True,10.0,85,2.0,T1,3,5,0.53047199951775,4.545180541322575,True
NTPC,2026-01-23,VALIDATION,SIDEWAYS,SUPPLY,TRIPLE (3-TF),3,False,False,True,True,True,11.5,92,-1.0,STOP,3,1,3.2644845090145447,1.2602835638018535,False
NTPC,2026-02-02,VALIDATION,BULL,DEMAND,SINGLE (1-TF),1,False,False,False,False,True,8.5,78,2.0,T1,1,8,2.9583028529626962,7.68690563277249,True
NTPC,2026-02-16,VALIDATION,BULL,DEMAND,DUAL (2-TF),2,False,False,False,True,True,10.0,85,2.0,T1,1,6,1.185781650718366,5.035435567934256,True
NTPC,2026-02-23,VALIDATION,BULL,DEMAND,SINGLE (1-TF),1,False,False,False,False,True,8.5,78,2.0,T1,6,3,0.937792200649036,4.897970408668391,True
NTPC,2026-03-02,TEST_OOS,BULL,DEMAND,SINGLE (1-TF),1,False,False,False,False,True,8.5,78,-1.0,STOP,1,20,6.245961662718067,5.072151626103805,False
NTPC,2026-03-10,TEST_OOS,BULL,DEMAND,DUAL (2-TF),2,False,False,False,True,True,10.0,85,-1.0,STOP,10,5,2.5082472259331077,3.0071703154393448,False
NTPC,2026-03-17,TEST_OOS,BULL,SUPPLY,TRIPLE (3-TF),3,False,True,True,False,True,11.5,92,-1.0,STOP,1,18,4.813975196692896,7.123616482197622,False
NTPC,2026-03-24,TEST_OOS,BULL,DEMAND,DUAL (2-TF),2,False,False,False,True,True,10.0,85,2.0,T1,1,1,0.8134035941089017,1.8456965274962798,True
NTPC,2026-04-02,TEST_OOS,BULL,SUPPLY,DUAL (2-TF),2,False,True,False,False,True,10.0,85,-1.0,STOP,5,1,2.2474326576697554,1.05113178127857,False
NTPC,2026-04-20,TEST_OOS,BULL,SUPPLY,TRIPLE (3-TF),3,False,True,True,False,True,11.5,92,-1.0,STOP,1,1,3.1910484873601312,0.0,False
NTPC,2026-04-27,TEST_OOS,BULL,DEMAND,SINGLE (1-TF),1,False,False,False,False,True,8.5,78,-1.0,STOP,4,9,3.2104275498300883,1.6305726023228704,False
NTPC,2026-05-18,TEST_OOS,BULL,SUPPLY,TRIPLE (3-TF),3,False,True,True,False,True,11.5,92,2.0,T1,8,3,1.2800000000000054,5.401904761904757,True
NTPC,2026-05-25,TEST_OOS,BULL,SUPPLY,TRIPLE (3-TF),3,False,True,True,False,True,11.5,92,-1.0,STOP,1,2,4.403487184857448,0.0,False
NTPC,2026-06-01,TEST_OOS,BULL,DEMAND,DUAL (2-TF),2,False,False,False,True,True,10.0,85,-1.0,STOP,1,1,7.0879788912745365,0.0,False
NTPC,2026-06-08,TEST_OOS,SIDEWAYS,DEMAND,TRIPLE (3-TF),3,False,False,True,True,True,11.5,92,-1.0,STOP,1,3,4.726800850382397,0.0,False
NTPC,2026-06-15,TEST_OOS,SIDEWAYS,SUPPLY,DUAL (2-TF),2,False,True,False,False,True,10.0,85,-1.0,STOP,1,4,3.473070910899522,2.4470655108711137,False
NTPC,2026-06-22,TEST_OOS,BULL,DEMAND,DUAL (2-TF),2,False,False,False,True,True,10.0,85,-1.0,STOP,3,11,3.502487562189053,2.390902629708607,False
NTPC,2026-07-06,TEST_OOS,SIDEWAYS,DEMAND,DUAL (2-TF),2,False,False,True,False,True,10.0,85,-1.0,STOP,3,1,2.54385713055213,0.2698900341669292,False
NTPC,2026-07-13,TEST_OOS,SIDEWAYS,SUPPLY,SINGLE (1-TF),1,False,False,False,False,True,8.5,78,2.0,T1,1,35,1.8088529437342238,7.226715366553614,True
NTPC,2026-07-20,TEST_OOS,SIDEWAYS,SUPPLY,DUAL (2-TF),2,False,False,False,True,True,10.0,85,2.0,T1,1,28,1.3936068286734637,5.6731411317248845,True
NTPC,2026-07-27,TEST_OOS,SIDEWAYS,DEMAND,TRIPLE (3-TF),3,False,True,True,False,True,11.5,92,-1.0,STOP,1,10,3.27117710176028,1.2759910680625335,False
NTPC,2026-08-03,TEST_OOS,SIDEWAYS,SUPPLY,DUAL (2-TF),2,False,False,False,True,True,10.0,85,2.0,T1,1,1,0.028814291888767007,2.6221005618786983,True
NTPC,2026-08-10,TEST_OOS,BEAR,DEMAND,TRIPLE (3-TF),3,False,True,True,False,True,11.5,92,-1.0,STOP,1,1,3.43325200418264,0.0,False
NTPC,2026-08-17,TEST_OOS,BEAR,DEMAND,TRIPLE (3-TF),3,False,True,True,False,True,11.5,92,-1.0,STOP,1,2,1.7241379310344889,0.2501340003573438,False
NTPC,2026-08-24,TEST_OOS,BEAR,SUPPLY,DUAL (2-TF),2,False,False,False,True,True,10.0,85,2.0,T1,1,5,1.3080833605850632,4.854773017807766,True
ONGC,2022-06-16,TRAIN,BEAR,DEMAND,SINGLE (1-TF),1,False,False,False,False,True,8.5,78,-1.0,STOP,1,1,8.639092728485656,0.0,False
ONGC,2022-06-23,TRAIN,BEAR,DEMAND,SINGLE (1-TF),1,False,False,False,False,True,8.5,78,2.0,T1,1,4,4.621654163193475,13.559322033898304,True
ONGC,2022-06-30,TRAIN,BEAR,SUPPLY,SINGLE (1-TF),1,False,False,False,False,True,8.5,78,2.0,T1,1,1,2.009496354078349,18.034593861285398,True
ONGC,2022-07-08,TRAIN,BEAR,SUPPLY,SINGLE (1-TF),1,False,False,False,False,True,8.5,78,-1.0,STOP,5,2,4.407156575356312,2.516931163448912,False
ONGC,2022-07-15,TRAIN,BEAR,DEMAND,SINGLE (1-TF),1,False,False,False,False,True,8.5,78,2.0,T1,1,3,0.3597492034124869,9.374036386062278,True
ONGC,2022-07-22,TRAIN,BEAR,SUPPLY,SINGLE (1-TF),1,False,False,False,False,True,8.5,78,-1.0,STOP,1,5,5.1590886279233175,0.12044564890092377,False
ONGC,2022-07-29,TRAIN,BEAR,SUPPLY,SINGLE (1-TF),1,False,False,False,False,True,8.5,78,-1.0,STOP,1,1,7.091286717436457,0.0,False
ONGC,2022-08-05,TRAIN,BEAR,DEMAND,SINGLE (1-TF),1,False,False,False,False,True,8.5,78,-1.0,STOP,1,33,6.392344497607662,6.736842105263163,False
ONGC,2022-08-16,TRAIN,BEAR,SUPPLY,DUAL (2-TF),2,False,False,False,True,True,10.0,85,-1.0,STOP,1,1,4.116040312706041,0.1412828482622263,False
ONGC,2022-08-23,TRAIN,BEAR,SUPPLY,SINGLE (1-TF),1,False,False,False,False,True,8.5,78,-1.0,STOP,2,4,3.172694477846644,1.3319766904079158,False
ONGC,2022-08-30,TRAIN,BEAR,SUPPLY,DUAL (2-TF),2,False,False,False,True,True,10.0,85,2.0,T1,1,18,3.903120633442023,8.877503493246392,True
ONGC,2022-09-07,TRAIN,BEAR,SUPPLY,DUAL (2-TF),2,False,False,False,True,True,10.0,85,2.0,T1,4,10,0.5212696639672234,8.945359769152018,True
ONGC,2022-09-14,TRAIN,BEAR,SUPPLY,DUAL (2-TF),2,False,False,False,True,True,10.0,85,2.0,T1,1,7,1.438440427746755,3.7664426989684903,True
ONGC,2022-09-21,TRAIN,BEAR,SUPPLY,DUAL (2-TF),2,False,False,False,True,True,10.0,85,2.0,T1,1,2,0.5299517365382816,3.7664426989684903,True
ONGC,2022-09-28,TRAIN,BEAR,SUPPLY,SINGLE (1-TF),1,False,False,False,False,True,8.5,78,-1.0,STOP,3,1,5.269847477512711,2.141181071568242,False
ONGC,2022-10-06,TRAIN,BEAR,SUPPLY,DUAL (2-TF),2,False,False,False,True,True,10.0,85,-1.0,STOP,1,15,4.310344827586206,3.8984674329501985,False
ONGC,2022-10-13,TRAIN,BEAR,SUPPLY,DUAL (2-TF),2,False,False,False,True,True,10.0,85,-1.0,STOP,7,4,1.9609691713019823,3.1960026397661796,False
ONGC,2022-10-20,TRAIN,BEAR,SUPPLY,DUAL (2-TF),2,False,False,False,True,True,10.0,85,-1.0,STOP,1,1,2.732715334105831,3.1189648512939394,False
ONGC,2022-10-28,TRAIN,BEAR,SUPPLY,SINGLE (1-TF),1,False,False,False,False,True,8.5,78,-1.0,STOP,1,1,2.115003304692672,0.7459163440657087,False
ONGC,2022-11-14,TRAIN,SIDEWAYS,DEMAND,SINGLE (1-TF),1,False,False,False,False,True,8.5,78,2.0,T1,1,8,0.2526619743728451,5.793178126691935,True
ONGC,2022-11-21,TRAIN,SIDEWAYS,DEMAND,SINGLE (1-TF),1,False,False,False,False,True,8.5,78,2.0,T1,1,9,2.3514960077213236,6.396420110555415,True
ONGC,2022-12-05,TRAIN,BULL,SUPPLY,DUAL (2-TF),2,False,False,False,True,True,10.0,85,-1.0,STOP,1,1,3.1223267750213783,0.0,False
ONGC,2022-12-12,TRAIN,BULL,DEMAND,SINGLE (1-TF),1,False,False,False,False,True,8.5,78,2.0,T1,1,1,1.1364600118734656,2.730896446442201,True
ONGC,2022-12-26,TRAIN,BULL,SUPPLY,SINGLE (1-TF),1,False,False,False,False,True,8.5,78,-1.0,STOP,2,3,3.6614795706082974,0.9736207040026643,False
ONGC,2023-01-02,TRAIN,BULL,DEMAND,SINGLE (1-TF),1,False,False,False,False,True,8.5,78,-1.0,STOP,19,3,2.257261410788381,3.443983402489631,False
ONGC,2023-01-09,TRAIN,BULL,SUPPLY,SINGLE (1-TF),1,False,False,False,False,True,8.5,78,-1.0,STOP,1,8,1.7007345895879988,2.547109549664642,False
ONGC,2023-01-16,TRAIN,BULL,SUPPLY,SINGLE (1-TF),1,False,False,False,False,True,8.5,78,-1.0,STOP,1,3,3.611811600097614,0.5450256243390561,False
ONGC,2023-01-23,TRAIN,BULL,DEMAND,SINGLE (1-TF),1,False,False,False,False,True,8.5,78,-1.0,STOP,4,1,4.01664266282606,0.0,False
ONGC,2023-02-01,TRAIN,BULL,DEMAND,DUAL (2-TF),2,False,False,False,True,True,10.0,85,-1.0,STOP,1,1,5.760921747479599,0.0,False
ONGC,2023-02-08,TRAIN,BULL,DEMAND,DUAL (2-TF),2,False,False,False,True,True,10.0,85,2.0,T1,1,6,0.7944389275074545,8.416087388282016,True
ONGC,2023-02-22,TRAIN,BULL,SUPPLY,SINGLE (1-TF),1,False,False,False,False,True,8.5,78,-1.0,STOP,2,2,3.017969589924748,1.4513899554599803,False
ONGC,2023-03-01,TRAIN,BULL,DEMAND,SINGLE (1-TF),1,False,False,False,False,True,8.5,78,-1.0,STOP,11,8,2.6561655470620016,2.818315188016374,False
ONGC,2023-03-09,TRAIN,BULL,DEMAND,SINGLE (1-TF),1,False,False,False,False,True,8.5,78,-1.0,STOP,2,3,1.5912518853695212,2.428355957767722,False
ONGC,2023-03-16,TRAIN,BULL,SUPPLY,DUAL (2-TF),2,False,False,False,True,True,10.0,85,-1.0,STOP,12,4,2.247442693944591,3.718360337489747,False
ONGC,2023-03-23,TRAIN,BULL,SUPPLY,DUAL (2-TF),2,False,False,False,True,True,10.0,85,-1.0,STOP,1,6,3.651084631836237,3.803849679193393,False
ONGC,2023-03-31,TRAIN,BULL,SUPPLY,DUAL (2-TF),2,False,False,False,True,True,10.0,85,-1.0,STOP,1,1,5.553827006845042,0.0,False
ONGC,2023-04-11,TRAIN,BULL,SUPPLY,DUAL (2-TF),2,False,False,False,True,True,10.0,85,-1.0,STOP,1,1,4.184418746195983,0.0,False
ONGC,2023-04-19,TRAIN,BULL,SUPPLY,DUAL (2-TF),2,False,False,False,True,True,10.0,85,-1.0,STOP,1,1,2.1325435024065125,0.0,False
ONGC,2023-04-26,TRAIN,BULL,DEMAND,SINGLE (1-TF),1,False,False,False,False,True,8.5,78,-1.0,STOP,2,1,2.9737609329445953,0.8163265306122482,False
ONGC,2023-05-04,TRAIN,BULL,DEMAND,SINGLE (1-TF),1,False,False,False,False,True,8.5,78,-1.0,STOP,1,19,4.127538763922265,5.758171362014993,False
ONGC,2023-05-11,TRAIN,BULL,SUPPLY,SINGLE (1-TF),1,False,False,False,False,True,8.5,78,-1.0,STOP,1,1,5.958719276493317,0.0,False
ONGC,2023-05-18,TRAIN,BULL,SUPPLY,SINGLE (1-TF),1,False,False,False,False,True,8.5,78,2.0,T1,1,7,1.414664892499482,5.77771552629736,True
ONGC,2023-05-25,TRAIN,BULL,DEMAND,SINGLE (1-TF),1,False,False,False,False,True,8.5,78,-1.0,STOP,1,1,2.3447889689927863,0.7279344858962637,False
ONGC,2023-06-02,TRAIN,BULL,DEMAND,DUAL (2-TF),2,False,False,False,True,True,10.0,85,-1.0,STOP,1,2,4.127538763922265,0.0,False
ONGC,2023-06-09,TRAIN,BULL,SUPPLY,SINGLE (1-TF),1,False,False,False,False,True,8.5,78,2.0,T1,1,1,0.9656411408039464,1.8040272475484664,True
ONGC,2023-06-16,TRAIN,BULL,DEMAND,DUAL (2-TF),2,False,False,False,True,True,10.0,85,2.0,T1,6,7,0.15695067264574586,5.62780269058296,True
ONGC,2023-06-23,TRAIN,BULL,DEMAND,SINGLE (1-TF),1,False,False,False,False,True,8.5,78,2.0,T1,1,5,1.3659184878913129,3.617838157117547,True
ONGC,2023-07-03,TRAIN,BULL,SUPPLY,DUAL (2-TF),2,False,False,False,True,True,10.0,85,-1.0,STOP,1,1,4.04804270462634,0.0,False
ONGC,2023-07-10,TRAIN,BULL,DEMAND,DUAL (2-TF),2,False,False,True,False,True,10.0,85,2.0,T1,1,9,0.18578063594140115,5.037513397642024,True
ONGC,2023-07-24,TRAIN,BULL,SUPPLY,DUAL (2-TF),2,False,False,False,True,True,10.0,85,-1.0,STOP,1,1,2.5743392070484643,0.0,False
ONGC,2023-07-31,TRAIN,BULL,SUPPLY,SINGLE (1-TF),1,False,False,False,False,True,8.5,78,-1.0,STOP,1,1,2.6298089857411866,0.9012644605864968,False
ONGC,2023-08-07,TRAIN,BULL,SUPPLY,SINGLE (1-TF),1,False,False,False,False,True,8.5,78,-1.0,STOP,3,1,2.155229406320256,1.507338357794527,False
ONGC,2023-08-14,TRAIN,BULL,DEMAND,SINGLE (1-TF),1,False,False,False,False,True,8.5,78,5.0,T3,8,6,0.03355254328278846,6.703798147899597,True
ONGC,2023-08-22,TRAIN,BULL,SUPPLY,DUAL (2-TF),2,False,False,False,True,True,10.0,85,-1.0,STOP,1,8,4.064136125654437,2.506544502617809,False
ONGC,2023-08-29,TRAIN,BULL,DEMAND,SINGLE (1-TF),1,False,False,False,False,True,8.5,78,2.0,T1,1,3,1.3946724833101891,5.102782735144424,True
ONGC,2023-09-13,TRAIN,BULL,SUPPLY,DUAL (2-TF),2,False,False,False,True,True,10.0,85,-1.0,STOP,1,1,3.508548909934521,0.8771372274836483,False
ONGC,2023-09-21,TRAIN,BULL,SUPPLY,SINGLE (1-TF),1,False,False,False,False,True,8.5,78,-1.0,STOP,1,6,4.056005525208752,0.0,False
ONGC,2023-09-28,TRAIN,BULL,DEMAND,SINGLE (1-TF),1,False,False,False,False,True,8.5,78,-1.0,STOP,3,1,2.1016526348612437,1.771125662613036,False
ONGC,2023-10-06,TRAIN,BULL,SUPPLY,SINGLE (1-TF),1,False,False,False,False,True,8.5,78,-1.0,STOP,2,19,5.1966821666457275,2.544928993339188,False
ONGC,2023-10-13,TRAIN,BULL,SUPPLY,DUAL (2-TF),2,False,False,False,True,True,10.0,85,-1.0,STOP,1,1,3.2323746500381856,0.0,False
ONGC,2023-10-20,TRAIN,BULL,SUPPLY,DUAL (2-TF),2,False,False,False,True,True,10.0,85,2.0,T1,1,3,0.566766317887392,3.40682610861983,True
ONGC,2023-10-30,TRAIN,BULL,SUPPLY,DUAL (2-TF),2,False,False,False,True,True,10.0,85,-1.0,STOP,1,1,2.9574628744022258,0.08180216461112225,False
ONGC,2023-11-06,TRAIN,BULL,SUPPLY,DUAL (2-TF),2,False,False,False,True,True,10.0,85,-1.0,STOP,1,1,7.029094557311268,0.0,False
ONGC,2023-11-13,TRAIN,BULL,SUPPLY,SINGLE (1-TF),1,False,False,False,False,True,8.5,78,-1.0,STOP,1,1,4.802970415618643,0.0,False
ONGC,2023-11-21,TRAIN,BULL,SUPPLY,SINGLE (1-TF),1,False,False,False,False,True,8.5,78,-1.0,STOP,8,1,5.081335862505031,0.862217623728229,False
ONGC,2023-11-29,TRAIN,BULL,SUPPLY,DUAL (2-TF),2,False,False,False,True,True,10.0,85,-1.0,STOP,1,1,2.6230282979854658,0.0,False
ONGC,2023-12-06,TRAIN,BULL,DEMAND,SINGLE (1-TF),1,False,False,False,False,True,8.5,78,3.5,T2,3,8,1.6382095062298128,8.577526534379313,True
ONGC,2023-12-13,TRAIN,BULL,SUPPLY,SINGLE (1-TF),1,False,False,False,False,True,8.5,78,-1.0,STOP,3,3,6.5855039637599075,1.0305775764439373,False
ONGC,2023-12-28,TRAIN,BULL,DEMAND,SINGLE (1-TF),1,False,False,False,False,True,8.5,78,2.0,T1,4,2,0.1711477944018121,5.587147352730086,True
ONGC,2024-01-04,TRAIN,BULL,SUPPLY,SINGLE (1-TF),1,False,False,False,False,True,8.5,78,-1.0,STOP,1,1,5.323152440687221,0.0,False
ONGC,2024-01-11,TRAIN,BULL,SUPPLY,SINGLE (1-TF),1,False,False,False,False,True,8.5,78,-1.0,STOP,2,1,8.030592734225632,2.568342721306392,False
ONGC,2024-02-06,TRAIN,BULL,DEMAND,SINGLE (1-TF),1,False,False,False,False,True,8.5,78,2.0,T1,28,10,0.8270676691729343,9.1906236178682,True
ONGC,2024-02-27,TRAIN,BULL,SUPPLY,SINGLE (1-TF),1,False,False,False,False,True,8.5,78,-1.0,STOP,5,1,4.053506282934738,0.49047426023509505,False
ONGC,2024-03-05,TRAIN,BULL,SUPPLY,SINGLE (1-TF),1,False,False,False,False,True,8.5,78,-1.0,STOP,1,1,4.681510480384956,0.0,False
ONGC,2024-03-13,TRAIN,BULL,SUPPLY,SINGLE (1-TF),1,False,False,False,False,True,8.5,78,-1.0,STOP,14,8,5.196982397317691,4.710014768690381,False
ONGC,2024-03-28,TRAIN,BULL,DEMAND,DUAL (2-TF),2,False,False,False,True,True,10.0,85,2.0,T1,1,3,0.021183747828670663,6.486463585137484,True
ONGC,2024-04-05,TRAIN,BULL,DEMAND,DUAL (2-TF),2,False,False,False,True,True,10.0,85,2.0,T1,1,6,1.8178079374871543,8.389882788402222,True
ONGC,2024-04-15,TRAIN,BULL,DEMAND,DUAL (2-TF),2,False,False,False,True,True,10.0,85,3.5,T2,1,1,1.0771254727840833,8.349777997039961,True
ONGC,2024-04-23,TRAIN,BULL,SUPPLY,DUAL (2-TF),2,False,False,False,True,True,10.0,85,2.0,T1,1,28,5.758595816302009,16.802917367957033,True
ONGC,2024-04-30,TRAIN,BULL,DEMAND,SINGLE (1-TF),1,False,False,False,False,True,8.5,78,2.0,T1,2,1,0.10728761026782574,4.867678614003031,True
ONGC,2024-05-08,TRAIN,BULL,DEMAND,DUAL (2-TF),2,False,False,True,False,True,10.0,85,-1.0,STOP,1,1,5.78161010887705,0.3218628308034659,False
ONGC,2024-05-15,TRAIN,BULL,SUPPLY,DUAL (2-TF),2,False,False,False,True,True,10.0,85,-1.0,STOP,1,2,6.144763646946327,0.0,False
ONGC,2024-05-23,TRAIN,BULL,DEMAND,SINGLE (1-TF),1,False,False,False,False,True,8.5,78,-1.0,STOP,5,4,15.243927332108584,5.388854868340473,False
ONGC,2024-05-30,TRAIN,BULL,SUPPLY,SINGLE (1-TF),1,False,False,False,False,True,8.5,78,3.5,T2,3,1,3.206332706992357,16.999160436572975,True
ONGC,2024-06-07,TRAIN,BULL,DEMAND,TRIPLE (3-TF),3,False,False,True,True,True,11.5,92,2.0,T1,1,24,7.017543859649124,15.121331365797678,True
ONGC,2024-06-14,TRAIN,BULL,SUPPLY,TRIPLE (3-TF),3,False,False,True,True,True,11.5,92,-1.0,STOP,1,1,4.550748752079866,0.0,False
ONGC,2024-06-24,TRAIN,BULL,SUPPLY,DUAL (2-TF),2,False,False,True,False,True,10.0,85,-1.0,STOP,6,4,4.894147951380503,1.5575947838686326,False
ONGC,2024-07-01,TRAIN,BULL,SUPPLY,TRIPLE (3-TF),3,False,False,True,True,True,11.5,92,-1.0,STOP,1,1,3.7625555738514804,0.0,False
ONGC,2024-07-08,TRAIN,BULL,SUPPLY,TRIPLE (3-TF),3,False,False,True,True,True,11.5,92,-1.0,STOP,1,1,10.460928331512267,0.0,False
ONGC,2024-07-23,TRAIN,BULL,SUPPLY,SINGLE (1-TF),1,False,False,False,False,True,8.5,78,-1.0,STOP,2,1,3.8310513196981493,3.9983610475637588,False
ONGC,2024-07-30,TRAIN,BULL,SUPPLY,SINGLE (1-TF),1,False,False,False,False,True,8.5,78,-1.0,STOP,1,2,8.379868770068406,0.0,False
ONGC,2024-08-06,TRAIN,BULL,SUPPLY,SINGLE (1-TF),1,False,False,False,False,True,8.5,78,-1.0,STOP,1,4,8.379868770068406,4.05556331146168,False
ONGC,2024-08-21,TRAIN,BULL,SUPPLY,SINGLE (1-TF),1,False,False,False,False,True,8.5,78,2.0,T1,8,3,0.3271645736946306,7.471910112359555,True
ONGC,2024-08-28,TRAIN,BULL,DEMAND,SINGLE (1-TF),1,False,False,False,False,True,8.5,78,-1.0,STOP,5,1,4.9302230824080615,1.110318834674538,False
ONGC,2024-09-11,TRAIN,BULL,DEMAND,DUAL (2-TF),2,False,False,False,True,True,10.0,85,-1.0,STOP,1,1,10.671483655816871,0.0,False
ONGC,2024-09-18,TRAIN,BULL,SUPPLY,DUAL (2-TF),2,False,False,True,False,True,10.0,85,-1.0,STOP,1,4,3.620559334845043,3.0725623582766417,False
ONGC,2024-09-25,TRAIN,BULL,SUPPLY,DUAL (2-TF),2,False,False,False,True,True,10.0,85,-1.0,STOP,1,1,2.554005400540055,0.7500750075007502,False
ONGC,2024-10-03,TRAIN,BULL,DEMAND,DUAL (2-TF),2,False,False,False,True,True,10.0,85,-1.0,STOP,1,2,5.232126965292204,0.89365173539008,False
ONGC,2024-10-31,TRAIN,BEAR,SUPPLY,SINGLE (1-TF),1,False,False,False,False,True,8.5,78,2.0,T1,2,7,1.9483443166468792,5.091891449388072,True
ONGC,2024-11-07,TRAIN,BEAR,SUPPLY,SINGLE (1-TF),1,False,False,False,False,True,8.5,78,2.0,T1,1,2,0.2612884788111434,5.1114558667428796,True
ONGC,2024-11-14,TRAIN,BEAR,SUPPLY,DUAL (2-TF),2,False,False,False,True,True,10.0,85,-1.0,STOP,3,9,5.565321785362097,3.9660421043605023,False
ONGC,2024-11-25,TRAIN,BEAR,SUPPLY,DUAL (2-TF),2,False,False,False,True,True,10.0,85,-1.0,STOP,1,1,5.041834655568572,0.017340789872975267,False
ONGC,2024-12-02,TRAIN,BEAR,SUPPLY,DUAL (2-TF),2,False,False,False,True,True,10.0,85,-1.0,STOP,1,1,6.736896865652239,0.0,False
ONGC,2024-12-09,TRAIN,BEAR,SUPPLY,DUAL (2-TF),2,False,False,False,True,True,10.0,85,2.0,T1,1,6,0.3633210850088747,5.338342760414519,True
ONGC,2024-12-16,TRAIN,BEAR,SUPPLY,DUAL (2-TF),2,False,False,False,True,True,10.0,85,-1.0,STOP,14,2,4.210835044203298,3.356098378514263,False
ONGC,2024-12-23,TRAIN,BEAR,SUPPLY,SINGLE (1-TF),1,False,False,False,False,True,8.5,78,-1.0,STOP,8,1,7.014931908744574,3.472435083417264,False
ONGC,2024-12-31,TRAIN,BEAR,SUPPLY,SINGLE (1-TF),1,False,False,False,False,True,8.5,78,-1.0,STOP,3,1,9.479012677507502,1.249832011826364,False
ONGC,2025-01-07,TRAIN,BEAR,DEMAND,DUAL (2-TF),2,False,False,True,False,True,10.0,85,-1.0,STOP,21,9,6.016253058371191,6.881335197483398,False
ONGC,2025-01-14,TRAIN,BEAR,DEMAND,DUAL (2-TF),2,False,False,True,False,True,10.0,85,-1.0,STOP,1,9,5.304390403133671,2.6481149012567244,False
ONGC,2025-01-21,TRAIN,BEAR,DEMAND,DUAL (2-TF),2,False,False,True,False,True,10.0,85,-1.0,STOP,2,2,2.8228277298909257,1.2214551248008534,False
ONGC,2025-01-28,TRAIN,BEAR,DEMAND,DUAL (2-TF),2,False,False,True,False,True,10.0,85,-1.0,STOP,1,1,6.369348784070512,0.0,False
ONGC,2025-02-03,TRAIN,BEAR,DEMAND,DUAL (2-TF),2,False,False,True,False,True,10.0,85,-1.0,STOP,1,6,5.9217689923779275,2.4499539324901556,False
ONGC,2025-02-10,TRAIN,BEAR,SUPPLY,DUAL (2-TF),2,False,False,False,True,True,10.0,85,2.0,T1,33,3,0.37358349591133855,4.503756589597773,True
ONGC,2025-02-17,TRAIN,BEAR,SUPPLY,SINGLE (1-TF),1,False,False,False,False,True,8.5,78,2.0,T1,3,6,2.3800008880600263,6.00328582212158,True
ONGC,2025-02-24,TRAIN,BEAR,DEMAND,TRIPLE (3-TF),3,False,False,True,True,True,11.5,92,-1.0,STOP,1,3,6.3567194550119455,0.0,False
ONGC,2025-03-04,TRAIN,BEAR,SUPPLY,TRIPLE (3-TF),3,False,False,True,True,True,11.5,92,-1.0,STOP,2,11,7.36059140275624,4.718444829789164,False
ONGC,2025-03-11,TRAIN,BEAR,DEMAND,DUAL (2-TF),2,False,False,True,False,True,10.0,85,2.0,T1,1,7,2.233459755583641,10.160603080957072,True
ONGC,2025-03-19,TRAIN,BEAR,DEMAND,SINGLE (1-TF),1,False,False,False,False,True,8.5,78,-1.0,STOP,12,1,10.150619109221955,0.0,False
ONGC,2025-03-26,TRAIN,BEAR,DEMAND,SINGLE (1-TF),1,False,False,False,False,True,8.5,78,-1.0,STOP,7,1,12.984921025549244,0.0,False
ONGC,2025-04-03,TRAIN,BEAR,DEMAND,DUAL (2-TF),2,False,False,True,False,True,10.0,85,-1.0,STOP,1,1,15.762799965346968,2.5729879580698247,False
ONGC,2025-04-15,TRAIN,BEAR,DEMAND,TRIPLE (3-TF),3,False,False,True,True,True,11.5,92,2.0,T1,1,3,2.326726028010209,6.353751845720161,True
ONGC,2025-04-23,TRAIN,BEAR,DEMAND,TRIPLE (3-TF),3,False,False,True,True,True,11.5,92,-1.0,STOP,6,6,6.177756612840387,1.6234469024633098,False
ONGC,2025-04-30,TRAIN,BEAR,DEMAND,TRIPLE (3-TF),3,False,False,True,True,True,11.5,92,-1.0,STOP,1,1,4.013377926421413,0.0,False
ONGC,2025-05-08,TRAIN,BEAR,SUPPLY,SINGLE (1-TF),1,False,False,False,False,True,8.5,78,-1.0,STOP,1,5,4.063105940419531,4.494976203067155,False
ONGC,2025-05-15,TRAIN,BEAR,SUPPLY,SINGLE (1-TF),1,False,False,False,False,True,8.5,78,-1.0,STOP,1,1,4.344374365985985,0.0,False
ONGC,2025-05-22,TRAIN,BEAR,DEMAND,TRIPLE (3-TF),3,False,False,True,True,True,11.5,92,-1.0,STOP,1,8,3.091403652692036,2.5948793229998666,False
ONGC,2025-05-29,TRAIN,BEAR,SUPPLY,SINGLE (1-TF),1,False,False,False,False,True,8.5,78,-1.0,STOP,10,1,4.039535883111305,0.7133648474430583,False
ONGC,2025-06-05,TRAIN,BEAR,SUPPLY,DUAL (2-TF),2,False,False,False,True,True,10.0,85,-1.0,STOP,1,4,5.073649754500818,0.8758349183881053,False
ONGC,2025-06-12,TRAIN,SIDEWAYS,SUPPLY,DUAL (2-TF),2,False,False,False,True,True,10.0,85,-1.0,STOP,1,1,7.404786128190388,0.0,False
ONGC,2025-06-19,TRAIN,SIDEWAYS,SUPPLY,DUAL (2-TF),2,False,False,False,True,True,10.0,85,2.0,T1,3,1,0.5893338866984917,4.133637684166831,True
ONGC,2025-07-03,TRAIN,SIDEWAYS,SUPPLY,SINGLE (1-TF),1,False,False,False,False,True,8.5,78,-1.0,STOP,1,11,2.21283268719781,0.5575641416561403,False
ONGC,2025-07-10,TRAIN,SIDEWAYS,SUPPLY,DUAL (2-TF),2,False,False,False,True,True,10.0,85,2.0,T1,4,8,0.8770044280125497,2.4246593009758883,True
ONGC,2025-07-17,TRAIN,SIDEWAYS,SUPPLY,DUAL (2-TF),2,False,False,False,True,True,10.0,85,-1.0,STOP,1,1,1.75187546073457,0.11274446034431262,False
ONGC,2025-07-24,TRAIN,SIDEWAYS,SUPPLY,SINGLE (1-TF),1,False,False,False,False,True,8.5,78,2.0,T1,1,6,0.5986992290132295,4.367489339707967,True
ONGC,2025-07-31,TRAIN,SIDEWAYS,DEMAND,DUAL (2-TF),2,False,False,True,False,True,10.0,85,-1.0,STOP,1,1,2.5970607589383583,1.0484755428822177,False
ONGC,2025-08-07,TRAIN,BEAR,SUPPLY,SINGLE (1-TF),1,False,False,False,False,True,8.5,78,2.0,T1,17,5,0.2090865531210603,4.142527333710847,True
ONGC,2025-08-14,TRAIN,SIDEWAYS,DEMAND,DUAL (2-TF),2,False,False,True,False,True,10.0,85,2.0,T1,9,3,1.0550520762883824,3.724243653906858,True
ONGC,2025-08-22,TRAIN,SIDEWAYS,DEMAND,DUAL (2-TF),2,False,False,True,False,True,10.0,85,2.0,T1,4,3,1.0550520762883824,3.724243653906858,True
ONGC,2025-09-01,VALIDATION,SIDEWAYS,SUPPLY,SINGLE (1-TF),1,False,False,False,False,True,8.5,78,-1.0,STOP,1,1,2.623009323281449,1.369496364366326,False
ONGC,2025-09-08,VALIDATION,BEAR,SUPPLY,TRIPLE (3-TF),3,False,False,True,True,True,11.5,92,-1.0,STOP,8,10,3.5627673177829764,1.3933594955685862,False
ONGC,2025-09-15,VALIDATION,BEAR,DEMAND,SINGLE (1-TF),1,False,False,False,False,True,8.5,78,2.0,T1,1,7,0.4320432043204228,3.0603060306030656,True
ONGC,2025-09-22,VALIDATION,SIDEWAYS,SUPPLY,TRIPLE (3-TF),3,False,False,True,True,True,11.5,92,-1.0,STOP,1,2,1.7506442726384064,0.35990402559317614,False
ONGC,2025-10-21,VALIDATION,BULL,DEMAND,SINGLE (1-TF),1,False,False,False,False,True,8.5,78,-1.0,STOP,33,5,3.9669986748172534,1.0729705467447488,False
ONGC,2025-10-29,VALIDATION,BULL,SUPPLY,DUAL (2-TF),2,False,False,True,False,True,10.0,85,2.0,T1,1,27,1.7752456444554583,4.120221286433816,True
ONGC,2025-11-06,VALIDATION,BULL,DEMAND,DUAL (2-TF),2,False,False,False,True,True,10.0,85,-1.0,STOP,1,1,2.102410380651256,0.05338151357122139,False
ONGC,2025-11-13,VALIDATION,BULL,SUPPLY,TRIPLE (3-TF),3,False,True,True,False,True,11.5,92,-1.0,STOP,1,5,2.3274244004171063,1.630865484880082,False
ONGC,2025-11-20,VALIDATION,BULL,SUPPLY,TRIPLE (3-TF),3,False,True,True,False,True,11.5,92,2.0,T1,1,17,2.3274244004171063,6.298227320125129,True
ONGC,2025-11-27,VALIDATION,BULL,SUPPLY,TRIPLE (3-TF),3,False,True,True,False,True,11.5,92,2.0,T1,1,12,1.388946819603759,6.298227320125129,True
ONGC,2025-12-04,VALIDATION,SIDEWAYS,SUPPLY,DUAL (2-TF),2,False,False,False,True,True,10.0,85,-1.0,STOP,27,1,2.869247871135536,3.3600402701455563,False
ONGC,2025-12-11,VALIDATION,SIDEWAYS,DEMAND,DUAL (2-TF),2,False,False,True,False,True,10.0,85,-1.0,STOP,1,2,4.680074677528853,0.029701289884586375,False
ONGC,2025-12-18,VALIDATION,SIDEWAYS,SUPPLY,DUAL (2-TF),2,False,False,False,True,True,10.0,85,2.0,T1,11,3,0.5473523421588561,4.238798370672101,True
ONGC,2025-12-26,VALIDATION,SIDEWAYS,SUPPLY,DUAL (2-TF),2,False,False,False,True,True,10.0,85,2.0,T1,6,3,0.5473523421588561,4.238798370672101,True
ONGC,2026-01-02,VALIDATION,SIDEWAYS,DEMAND,DUAL (2-TF),2,False,False,True,False,True,10.0,85,-1.0,STOP,4,1,1.6815508603790084,1.6771945109997795,False
ONGC,2026-01-12,VALIDATION,SIDEWAYS,SUPPLY,SINGLE (1-TF),1,False,False,False,False,True,8.5,78,-1.0,STOP,2,1,4.996574755951356,1.361534509333793,False
ONGC,2026-01-19,VALIDATION,SIDEWAYS,DEMAND,SINGLE (1-TF),1,False,False,False,False,True,8.5,78,2.0,T1,1,6,1.7549752288185436,13.939037702577878,True
ONGC,2026-02-11,VALIDATION,BULL,SUPPLY,TRIPLE (3-TF),3,False,True,True,False,True,11.5,92,-1.0,STOP,1,1,4.590589673082814,0.6148793156125715,False
ONGC,2026-02-18,VALIDATION,BULL,DEMAND,DUAL (2-TF),2,False,False,False,True,True,10.0,85,2.0,T1,1,1,0.4700708897228891,4.799272148299771,True
ONGC,2026-02-25,VALIDATION,BULL,SUPPLY,ATZ (4-TF),4,True,True,True,True,True,13.0,100,-1.0,STOP,1,2,1.838500360490275,1.2256669069935031,False
ONGC,2026-03-05,TEST_OOS,BULL,SUPPLY,ATZ (4-TF),4,True,True,True,True,True,13.0,100,2.0,T1,1,2,3.695025234318674,4.343907714491692,True
ONGC,2026-03-13,TEST_OOS,BULL,DEMAND,TRIPLE (3-TF),3,False,False,True,True,True,11.5,92,-1.0,STOP,1,1,4.615100609193281,0.1661436219309539,False
ONGC,2026-03-20,TEST_OOS,BULL,DEMAND,TRIPLE (3-TF),3,False,False,True,True,True,11.5,92,2.0,T1,1,4,0.05680742283659689,7.934103389509558,True
ONGC,2026-03-30,TEST_OOS,BULL,SUPPLY,ATZ (4-TF),4,True,True,True,True,True,13.0,100,-1.0,STOP,1,18,7.158043940467749,2.639971651311123,False
ONGC,2026-04-08,TEST_OOS,BULL,SUPPLY,ATZ (4-TF),4,True,True,True,True,True,13.0,100,-1.0,STOP,1,13,5.292479108635094,4.3349582172701915,False
ONGC,2026-04-16,TEST_OOS,BULL,DEMAND,SINGLE (1-TF),1,False,False,False,False,True,8.5,78,-1.0,STOP,1,29,4.570928196147114,7.705779334500876,False
ONGC,2026-04-23,TEST_OOS,BULL,SUPPLY,ATZ (4-TF),4,True,True,True,True,True,13.0,100,-1.0,STOP,1,3,6.460130258757249,0.052807604295030494,False
ONGC,2026-04-30,TEST_OOS,BULL,SUPPLY,ATZ (4-TF),4,True,True,True,True,True,13.0,100,-1.0,STOP,1,1,7.714676102722202,0.0,False
ONGC,2026-05-07,TEST_OOS,BULL,DEMAND,DUAL (2-TF),2,False,False,False,True,True,10.0,85,-1.0,STOP,1,1,2.5874125874125795,0.0,False
ONGC,2026-05-14,TEST_OOS,BULL,SUPPLY,ATZ (4-TF),4,True,True,True,True,True,13.0,100,-1.0,STOP,1,1,5.173305742369375,0.0,False
ONGC,2026-05-28,TEST_OOS,BULL,DEMAND,SINGLE (1-TF),1,False,False,False,False,True,8.5,78,-1.0,STOP,1,1,6.921708185053377,0.0,False
ONGC,2026-06-11,TEST_OOS,SIDEWAYS,DEMAND,TRIPLE (3-TF),3,False,False,True,True,True,11.5,92,-1.0,STOP,1,9,5.608323808773101,1.0917116620029206,False
ONGC,2026-06-18,TEST_OOS,BEAR,DEMAND,TRIPLE (3-TF),3,False,False,True,True,True,11.5,92,-1.0,STOP,1,4,3.446885708526511,0.0,False
ONGC,2026-06-25,TEST_OOS,BEAR,DEMAND,ATZ (4-TF),4,True,True,True,True,True,13.0,100,-1.0,STOP,1,1,6.430155210643022,0.0,False
ONGC,2026-07-02,TEST_OOS,BEAR,SUPPLY,DUAL (2-TF),2,False,True,False,False,True,10.0,85,-1.0,STOP,3,2,3.4791666666666643,1.3166666666666653,False
ONGC,2026-07-09,TEST_OOS,BEAR,SUPPLY,TRIPLE (3-TF),3,False,True,False,True,True,11.5,92,-1.0,STOP,1,2,3.9958333333333345,0.0,False
ONGC,2026-07-16,TEST_OOS,BEAR,SUPPLY,TRIPLE (3-TF),3,False,True,False,True,True,11.5,92,-1.0,STOP,1,2,2.4766544863986986,0.2842062525375627,False
ONGC,2026-07-23,TEST_OOS,SIDEWAYS,SUPPLY,TRIPLE (3-TF),3,False,True,False,True,True,11.5,92,-1.0,STOP,1,1,2.129369224588181,0.2531137002812356,False
ONGC,2026-08-20,TEST_OOS,BEAR,SUPPLY,TRIPLE (3-TF),3,False,True,False,True,True,11.5,92,2.0,T1,1,4,0.1004184100418448,3.435146443514648,True
WIPRO,2022-06-16,TRAIN,BEAR,DEMAND,SINGLE (1-TF),1,False,False,False,False,True,8.5,78,-1.0,STOP,1,1,11.31407804131599,0.0,False
WIPRO,2022-06-23,TRAIN,BEAR,DEMAND,SINGLE (1-TF),1,False,False,False,False,True,8.5,78,-1.0,STOP,1,16,5.703978668897368,3.884561091650535,False
WIPRO,2022-06-30,TRAIN,BEAR,DEMAND,SINGLE (1-TF),1,False,False,False,False,True,8.5,78,-1.0,STOP,1,7,4.061746756243918,0.47181906764448817,False
WIPRO,2022-07-07,TRAIN,BEAR,SUPPLY,SINGLE (1-TF),1,False,False,False,False,True,8.5,78,2.0,T1,1,2,1.0470394058180323,3.5124819475964526,True
WIPRO,2022-07-14,TRAIN,BEAR,SUPPLY,SINGLE (1-TF),1,False,False,False,False,True,8.5,78,-1.0,STOP,12,1,2.5962630329307324,0.5213172292763597,False
WIPRO,2022-07-21,TRAIN,BEAR,DEMAND,SINGLE (1-TF),1,False,False,False,False,True,8.5,78,2.0,T1,26,10,0.48661800486616774,6.2503379291700485,True
WIPRO,2022-07-28,TRAIN,BEAR,SUPPLY,SINGLE (1-TF),1,False,False,False,False,True,8.5,78,-1.0,STOP,1,1,3.358681875792134,0.0,False
WIPRO,2022-08-04,TRAIN,BEAR,DEMAND,SINGLE (1-TF),1,False,False,False,False,True,8.5,78,-1.0,STOP,11,1,2.820881718220126,2.1323604973795116,False
WIPRO,2022-08-12,TRAIN,BEAR,SUPPLY,SINGLE (1-TF),1,False,False,False,False,True,8.5,78,2.0,T1,1,6,2.079084804774921,5.928873414573497,True
WIPRO,2022-08-29,TRAIN,BEAR,SUPPLY,SINGLE (1-TF),1,False,False,False,False,True,8.5,78,-1.0,STOP,9,1,1.9847884976036685,1.1512815169827089,False
WIPRO,2022-09-06,TRAIN,BEAR,SUPPLY,SINGLE (1-TF),1,False,False,False,False,True,8.5,78,-1.0,STOP,3,1,2.3323460968902032,0.07404273323461749,False
WIPRO,2022-09-13,TRAIN,BEAR,SUPPLY,DUAL (2-TF),2,False,False,False,True,True,10.0,85,-1.0,STOP,1,1,3.9295536280939167,0.21683943304422731,False
WIPRO,2022-09-20,TRAIN,BEAR,SUPPLY,DUAL (2-TF),2,False,False,False,True,True,10.0,85,3.5,T2,15,2,0.6842160242348283,8.905254361224282,True
WIPRO,2022-09-27,TRAIN,BEAR,SUPPLY,DUAL (2-TF),2,False,False,False,True,True,10.0,85,-1.0,STOP,1,6,3.780574167892356,2.6257013673258123,False
WIPRO,2022-10-04,TRAIN,BEAR,SUPPLY,DUAL (2-TF),2,False,False,False,True,True,10.0,85,-1.0,STOP,1,1,4.291892483713803,0.0,False
WIPRO,2022-10-12,TRAIN,BEAR,DEMAND,DUAL (2-TF),2,False,False,False,True,True,10.0,85,-1.0,STOP,1,1,7.7342220811511435,0.0,False
WIPRO,2022-10-19,TRAIN,BEAR,SUPPLY,SINGLE (1-TF),1,False,False,False,False,True,8.5,78,-1.0,STOP,1,29,9.830159547092125,0.8177503288156955,False
WIPRO,2022-10-27,TRAIN,BEAR,SUPPLY,DUAL (2-TF),2,False,False,False,True,True,10.0,85,-1.0,STOP,1,1,1.161868057129909,0.36272953978688866,False
WIPRO,2022-11-03,TRAIN,BEAR,DEMAND,SINGLE (1-TF),1,False,False,False,False,True,8.5,78,2.0,T1,1,5,0.2579776793225326,4.991307273848919,True
WIPRO,2022-11-11,TRAIN,BEAR,SUPPLY,DUAL (2-TF),2,False,False,False,True,True,10.0,85,-1.0,STOP,1,1,3.6657622238219196,0.0,False
WIPRO,2022-11-18,TRAIN,BEAR,SUPPLY,DUAL (2-TF),2,False,False,False,True,True,10.0,85,-1.0,STOP,1,6,2.7472527472527535,3.5143074747035032,False
WIPRO,2022-11-25,TRAIN,BEAR,SUPPLY,DUAL (2-TF),2,False,False,False,True,True,10.0,85,-1.0,STOP,1,1,5.308056872037921,0.0,False
WIPRO,2022-12-02,TRAIN,BEAR,SUPPLY,DUAL (2-TF),2,False,False,False,True,True,10.0,85,-1.0,STOP,1,1,9.458454852175898,0.0,False
WIPRO,2022-12-09,TRAIN,BEAR,SUPPLY,SINGLE (1-TF),1,False,False,False,False,True,8.5,78,2.0,T1,33,2,0.17427122940430081,3.7336290663286977,True
WIPRO,2022-12-16,TRAIN,BEAR,SUPPLY,DUAL (2-TF),2,False,False,False,True,True,10.0,85,-1.0,STOP,24,11,2.556116421437005,2.11040704543014,False
WIPRO,2022-12-23,TRAIN,BEAR,SUPPLY,DUAL (2-TF),2,False,False,False,True,True,10.0,85,-1.0,STOP,17,5,1.9237021783895154,2.763628481629996,False
WIPRO,2023-01-06,TRAIN,BEAR,SUPPLY,SINGLE (1-TF),1,False,False,False,False,True,8.5,78,-1.0,STOP,3,4,2.0241575202691453,1.665655507142469,False
WIPRO,2023-01-13,TRAIN,BEAR,DEMAND,SINGLE (1-TF),1,False,False,False,False,True,8.5,78,2.0,T1,1,2,0.12883710508627502,3.8875196056464243,True
WIPRO,2023-01-20,TRAIN,BEAR,DEMAND,DUAL (2-TF),2,False,False,False,True,True,10.0,85,-1.0,STOP,5,21,3.4138940067194015,3.5547848704887843,False
WIPRO,2023-01-30,TRAIN,BEAR,SUPPLY,SINGLE (1-TF),1,False,False,False,False,True,8.5,78,-1.0,STOP,4,1,1.574300606318466,1.0318051271141355,False
WIPRO,2023-02-06,TRAIN,BEAR,DEMAND,SINGLE (1-TF),1,False,False,False,False,True,8.5,78,-1.0,STOP,1,12,1.9776440240756699,2.6977644024075564,False
WIPRO,2023-02-13,TRAIN,BEAR,DEMAND,DUAL (2-TF),2,False,False,False,True,True,10.0,85,-1.0,STOP,1,7,2.7251879899738602,1.9145645565569853,False
WIPRO,2023-02-20,TRAIN,SIDEWAYS,DEMAND,DUAL (2-TF),2,False,False,False,True,True,10.0,85,-1.0,STOP,1,2,2.631719425612559,0.7153152191319997,False
WIPRO,2023-03-06,TRAIN,BEAR,DEMAND,DUAL (2-TF),2,False,False,False,True,True,10.0,85,-1.0,STOP,2,4,3.703090507726258,0.5077262693156821,False
WIPRO,2023-03-21,TRAIN,BEAR,SUPPLY,DUAL (2-TF),2,False,False,False,True,True,10.0,85,-1.0,STOP,25,15,4.519291046902609,0.11967857753462585,False
WIPRO,2023-03-28,TRAIN,BEAR,SUPPLY,SINGLE (1-TF),1,False,False,False,False,True,8.5,78,-1.0,STOP,4,3,2.1837927167561757,0.3423242637077333,False
WIPRO,2023-04-06,TRAIN,BEAR,SUPPLY,DUAL (2-TF),2,False,False,False,True,True,10.0,85,-1.0,STOP,1,1,3.6396288536366264,0.0,False
WIPRO,2023-04-17,TRAIN,BEAR,SUPPLY,DUAL (2-TF),2,False,False,False,True,True,10.0,85,-1.0,STOP,2,4,2.879473467708765,2.4446142093200898,False
WIPRO,2023-05-02,TRAIN,SIDEWAYS,SUPPLY,DUAL (2-TF),2,False,False,False,True,True,10.0,85,-1.0,STOP,1,14,4.519291046902609,0.11967857753462585,False
WIPRO,2023-05-09,TRAIN,BEAR,SUPPLY,DUAL (2-TF),2,False,False,False,True,True,10.0,85,-1.0,STOP,2,8,3.3647072084765814,0.6143267767570328,False
WIPRO,2023-05-16,TRAIN,SIDEWAYS,SUPPLY,DUAL (2-TF),2,False,False,False,True,True,10.0,85,-1.0,STOP,1,4,3.3647072084765814,0.6143267767570328,False
WIPRO,2023-05-23,TRAIN,SIDEWAYS,DEMAND,SINGLE (1-TF),1,False,False,False,False,True,8.5,78,-1.0,STOP,19,1,1.951082372786055,1.05144784931122,False
WIPRO,2023-05-30,TRAIN,SIDEWAYS,DEMAND,SINGLE (1-TF),1,False,False,False,False,True,8.5,78,-1.0,STOP,6,7,2.6936209419543653,1.4416562787924756,False
WIPRO,2023-06-06,TRAIN,SIDEWAYS,SUPPLY,TRIPLE (3-TF),3,False,False,True,True,True,11.5,92,-1.0,STOP,28,1,3.9513028620247788,0.0,False
WIPRO,2023-06-13,TRAIN,SIDEWAYS,SUPPLY,DUAL (2-TF),2,False,False,False,True,True,10.0,85,-1.0,STOP,23,1,4.621668099742044,0.0,False
WIPRO,2023-06-20,TRAIN,SIDEWAYS,DEMAND,TRIPLE (3-TF),3,False,False,True,True,True,11.5,92,-1.0,STOP,1,1,4.285403524037414,0.0,False
WIPRO,2023-06-27,TRAIN,SIDEWAYS,SUPPLY,SINGLE (1-TF),1,False,False,False,False,True,8.5,78,-1.0,STOP,1,2,1.4294557937981833,0.9004445945185404,False
WIPRO,2023-07-12,TRAIN,SIDEWAYS,SUPPLY,SINGLE (1-TF),1,False,False,False,False,True,8.5,78,-1.0,STOP,2,1,6.405343260702955,0.9525895105660841,False
WIPRO,2023-07-21,TRAIN,BULL,DEMAND,SINGLE (1-TF),1,False,False,False,False,True,8.5,78,-1.0,STOP,1,5,1.7625629486767342,2.6465230901103602,False
WIPRO,2023-07-28,TRAIN,SIDEWAYS,SUPPLY,TRIPLE (3-TF),3,False,False,True,True,True,11.5,92,-1.0,STOP,2,6,3.329051594947548,1.7341040462427793,False
WIPRO,2023-08-04,TRAIN,BULL,DEMAND,SINGLE (1-TF),1,False,False,False,False,True,8.5,78,2.0,T1,1,2,0.18333782690750877,4.103531949312491,True
WIPRO,2023-08-11,TRAIN,BULL,DEMAND,DUAL (2-TF),2,False,False,False,True,True,10.0,85,2.0,T1,2,14,1.1413843888070774,6.411739953713442,True
WIPRO,2023-08-21,TRAIN,BULL,DEMAND,DUAL (2-TF),2,False,False,False,True,True,10.0,85,-1.0,STOP,1,4,1.9378027816846377,1.1720581340834506,False
WIPRO,2023-08-28,TRAIN,BULL,SUPPLY,DUAL (2-TF),2,False,False,True,False,True,10.0,85,-1.0,STOP,5,1,5.358816789917713,1.8643891261327008,False
WIPRO,2023-09-05,TRAIN,BULL,SUPPLY,DUAL (2-TF),2,False,False,True,False,True,10.0,85,-1.0,STOP,1,1,7.2068252874781376,0.0,False
WIPRO,2023-09-12,TRAIN,BULL,SUPPLY,DUAL (2-TF),2,False,False,False,True,True,10.0,85,-1.0,STOP,1,1,2.6858464943164693,0.7091841867015374,False
WIPRO,2023-09-20,TRAIN,BULL,SUPPLY,DUAL (2-TF),2,False,False,False,True,True,10.0,85,2.0,T1,1,3,1.6044663514736939,4.174630318881392,True
WIPRO,2023-09-27,TRAIN,BULL,SUPPLY,TRIPLE (3-TF),3,False,False,True,True,True,11.5,92,2.0,T1,10,8,1.3021909880115656,8.670938404299298,True
WIPRO,2023-10-05,TRAIN,SIDEWAYS,SUPPLY,TRIPLE (3-TF),3,False,False,True,True,True,11.5,92,-1.0,STOP,5,1,2.8379583486334767,0.7868646068299848,False
WIPRO,2023-10-12,TRAIN,BULL,SUPPLY,TRIPLE (3-TF),3,False,False,True,True,True,11.5,92,2.0,T1,1,5,2.344856528353354,5.371662382626035,True
WIPRO,2023-10-19,TRAIN,SIDEWAYS,SUPPLY,TRIPLE (3-TF),3,False,False,True,True,True,11.5,92,-1.0,STOP,28,8,4.621160048643795,1.686670544070215,False
WIPRO,2023-10-27,TRAIN,BEAR,SUPPLY,SINGLE (1-TF),1,False,False,False,False,True,8.5,78,-1.0,STOP,13,1,1.9536423841059716,1.937086092715227,False
WIPRO,2023-11-03,TRAIN,BEAR,SUPPLY,DUAL (2-TF),2,False,False,False,True,True,10.0,85,-1.0,STOP,1,1,1.2857547436986587,0.0,False
WIPRO,2023-11-10,TRAIN,BEAR,SUPPLY,DUAL (2-TF),2,False,False,False,True,True,10.0,85,-1.0,STOP,3,1,4.225669957686888,0.0,False
WIPRO,2023-11-28,TRAIN,SIDEWAYS,SUPPLY,DUAL (2-TF),2,False,False,True,False,True,10.0,85,-1.0,STOP,2,1,3.4544178766124993,0.6638959356614768,False
WIPRO,2023-12-05,TRAIN,SIDEWAYS,SUPPLY,DUAL (2-TF),2,False,False,False,True,True,10.0,85,-1.0,STOP,1,1,3.3053459453714527,1.1903496652141614,False
WIPRO,2023-12-19,TRAIN,BULL,DEMAND,SINGLE (1-TF),1,False,False,False,False,True,8.5,78,2.0,T1,2,4,1.6577060931899563,9.896455595380324,True
WIPRO,2023-12-28,TRAIN,BULL,SUPPLY,DUAL (2-TF),2,False,False,False,True,True,10.0,85,-1.0,STOP,1,2,3.778314147790575,0.0,False
WIPRO,2024-01-11,TRAIN,BULL,SUPPLY,DUAL (2-TF),2,False,False,False,True,True,10.0,85,-1.0,STOP,1,1,4.144057623049218,0.8115246098439366,False
WIPRO,2024-01-19,TRAIN,BULL,SUPPLY,DUAL (2-TF),2,False,False,False,True,True,10.0,85,-1.0,STOP,1,1,8.215539322644908,0.0,False
WIPRO,2024-01-30,TRAIN,BULL,SUPPLY,DUAL (2-TF),2,False,False,False,True,True,10.0,85,-1.0,STOP,1,4,3.926329775049248,0.42607779355843994,False
WIPRO,2024-02-13,TRAIN,BULL,SUPPLY,SINGLE (1-TF),1,False,False,False,False,True,8.5,78,-1.0,STOP,1,1,6.664885802056898,0.0,False
WIPRO,2024-02-20,TRAIN,BULL,DEMAND,SINGLE (1-TF),1,False,False,False,False,True,8.5,78,-1.0,STOP,7,13,4.890128183785584,2.401365074080244,False
WIPRO,2024-02-27,TRAIN,BULL,DEMAND,SINGLE (1-TF),1,False,False,False,False,True,8.5,78,-1.0,STOP,1,1,3.8978819360554104,0.281871627607308,False
WIPRO,2024-03-20,TRAIN,BULL,DEMAND,TRIPLE (3-TF),3,False,False,True,True,True,11.5,92,-1.0,STOP,1,2,6.6652666946661085,0.0,False
WIPRO,2024-03-28,TRAIN,BULL,SUPPLY,SINGLE (1-TF),1,False,False,False,False,True,8.5,78,2.0,T1,4,8,0.9923359766092275,8.687369866654846,True
WIPRO,2024-04-05,TRAIN,BULL,SUPPLY,DUAL (2-TF),2,False,False,True,False,True,10.0,85,2.0,T1,1,6,2.4463731618473705,7.3076404191212845,True
WIPRO,2024-04-23,TRAIN,BULL,DEMAND,DUAL (2-TF),2,False,False,False,True,True,10.0,85,-1.0,STOP,13,13,3.843769373837571,3.9772998235490507,False
WIPRO,2024-04-30,TRAIN,BULL,SUPPLY,DUAL (2-TF),2,False,False,True,False,True,10.0,85,2.0,T1,1,8,1.008685906416375,3.698514990193326,True
WIPRO,2024-05-08,TRAIN,BULL,SUPPLY,TRIPLE (3-TF),3,False,False,True,True,True,11.5,92,2.0,T1,1,3,0.8633563561694951,3.761433638230354,True
WIPRO,2024-05-15,TRAIN,BULL,SUPPLY,DUAL (2-TF),2,False,False,False,True,True,10.0,85,-1.0,STOP,1,6,3.1996970700998677,0.27453022199082333,False
WIPRO,2024-05-23,TRAIN,BULL,SUPPLY,TRIPLE (3-TF),3,False,False,True,True,True,11.5,92,-1.0,STOP,1,1,1.8403475173992236,0.05138026063805579,False
WIPRO,2024-05-30,TRAIN,SIDEWAYS,SUPPLY,DUAL (2-TF),2,False,False,False,True,True,10.0,85,-1.0,STOP,6,1,5.338359862235873,0.0,False
WIPRO,2024-06-14,TRAIN,BULL,SUPPLY,TRIPLE (3-TF),3,False,False,True,True,True,11.5,92,-1.0,STOP,1,1,3.7370022249466555,0.0,False
WIPRO,2024-06-24,TRAIN,BULL,SUPPLY,TRIPLE (3-TF),3,False,False,True,True,True,11.5,92,-1.0,STOP,1,2,1.5562667134277246,0.5962035859892216,False
WIPRO,2024-07-01,TRAIN,BULL,SUPPLY,TRIPLE (3-TF),3,False,False,True,True,True,11.5,92,-1.0,STOP,1,1,6.8223152730194965,0.0,False
WIPRO,2024-07-08,TRAIN,BULL,SUPPLY,TRIPLE (3-TF),3,False,False,True,True,True,11.5,92,-1.0,STOP,1,4,4.7842101048923125,1.6694691328368914,False
WIPRO,2024-07-15,TRAIN,BULL,DEMAND,SINGLE (1-TF),1,False,False,False,False,True,8.5,78,-1.0,STOP,5,1,10.167802622663316,0.0,False
WIPRO,2024-07-23,TRAIN,BULL,DEMAND,DUAL (2-TF),2,False,False,False,True,True,10.0,85,-1.0,STOP,1,1,7.77477698666012,0.0,False
WIPRO,2024-07-30,TRAIN,BULL,DEMAND,DUAL (2-TF),2,False,False,False,True,True,10.0,85,-1.0,STOP,4,1,5.249489100817431,2.44380108991826,False
WIPRO,2024-08-06,TRAIN,BULL,DEMAND,DUAL (2-TF),2,False,False,False,True,True,10.0,85,2.0,T1,1,16,3.2122305247788447,7.850210426865916,True
WIPRO,2024-08-13,TRAIN,BULL,SUPPLY,DUAL (2-TF),2,False,False,True,False,True,10.0,85,-1.0,STOP,1,2,6.186343105127977,0.030998140111590283,False
WIPRO,2024-08-21,TRAIN,BULL,SUPPLY,TRIPLE (3-TF),3,False,False,True,True,True,11.5,92,-1.0,STOP,1,1,1.725350655798757,0.6702801108858474,False
WIPRO,2024-08-28,TRAIN,BULL,SUPPLY,TRIPLE (3-TF),3,False,False,True,True,True,11.5,92,-1.0,STOP,1,1,4.419774645544882,0.22036505758596367,False
WIPRO,2024-09-04,TRAIN,BULL,SUPPLY,TRIPLE (3-TF),3,False,False,True,True,True,11.5,92,-1.0,STOP,8,1,3.426853707414834,1.402805611222445,False
WIPRO,2024-09-11,TRAIN,BULL,DEMAND,SINGLE (1-TF),1,False,False,False,False,True,8.5,78,2.0,T1,1,3,2.7954879843060336,5.464279875756092,True
WIPRO,2024-09-18,TRAIN,BULL,SUPPLY,DUAL (2-TF),2,False,False,True,False,True,10.0,85,-1.0,STOP,8,30,4.6667441230006625,6.6225165562913775,False
WIPRO,2024-09-25,TRAIN,BULL,SUPPLY,TRIPLE (3-TF),3,False,False,True,True,True,11.5,92,2.0,T1,3,3,1.8041743642152446,4.1429189104201845,True
WIPRO,2024-10-03,TRAIN,BULL,DEMAND,SINGLE (1-TF),1,False,False,False,False,True,8.5,78,-1.0,STOP,1,1,2.381714834680966,0.6124409574893929,False
WIPRO,2024-10-10,TRAIN,BULL,SUPPLY,TRIPLE (3-TF),3,False,False,True,True,True,11.5,92,-1.0,STOP,3,1,2.344904725761985,1.7297167738585115,False
WIPRO,2024-10-17,TRAIN,BULL,SUPPLY,TRIPLE (3-TF),3,False,False,True,True,True,11.5,92,-1.0,STOP,2,1,4.306200929338248,2.5797147892965864,False
WIPRO,2024-10-24,TRAIN,BULL,SUPPLY,TRIPLE (3-TF),3,False,False,True,True,True,11.5,92,-1.0,STOP,1,2,3.917641403621227,0.0,False
WIPRO,2024-10-31,TRAIN,BULL,DEMAND,SINGLE (1-TF),1,False,False,False,False,True,8.5,78,-1.0,STOP,1,2,2.8301146176793766,3.010676715339934,False
WIPRO,2024-11-07,TRAIN,BULL,SUPPLY,DUAL (2-TF),2,False,False,False,True,True,10.0,85,-1.0,STOP,1,1,4.978473581213318,0.0,False
WIPRO,2024-11-14,TRAIN,BULL,SUPPLY,DUAL (2-TF),2,False,False,False,True,True,10.0,85,-1.0,STOP,1,2,4.207436399217221,2.003913894324855,False
WIPRO,2024-11-25,TRAIN,BULL,SUPPLY,DUAL (2-TF),2,False,False,False,True,True,10.0,85,-1.0,STOP,1,1,4.17348920452381,0.0,False
WIPRO,2024-12-02,TRAIN,BULL,SUPPLY,DUAL (2-TF),2,False,False,False,True,True,10.0,85,-1.0,STOP,1,3,3.2430031097290057,0.8070487190878153,False
WIPRO,2024-12-09,TRAIN,BULL,DEMAND,SINGLE (1-TF),1,False,False,False,False,True,8.5,78,2.0,T1,1,1,0.30759090409754114,5.547621663187973,True
WIPRO,2024-12-23,TRAIN,BULL,DEMAND,DUAL (2-TF),2,False,False,False,True,True,10.0,85,-1.0,STOP,1,1,3.1340604721800496,0.0,False
WIPRO,2024-12-31,TRAIN,BULL,DEMAND,DUAL (2-TF),2,False,False,False,True,True,10.0,85,-1.0,STOP,1,1,3.3245009715598037,0.0,False
WIPRO,2025-01-07,TRAIN,BULL,SUPPLY,SINGLE (1-TF),1,False,False,False,False,True,8.5,78,2.0,T1,2,7,1.7632789022050055,5.8727687461530005,True
WIPRO,2025-01-14,TRAIN,BULL,DEMAND,DUAL (2-TF),2,False,False,False,True,True,10.0,85,-1.0,STOP,1,2,3.516675143500693,0.0,False
WIPRO,2025-01-21,TRAIN,BULL,SUPPLY,DUAL (2-TF),2,False,False,False,True,True,10.0,85,-1.0,STOP,1,1,7.618833576806372,0.0,False
WIPRO,2025-01-28,TRAIN,BULL,DEMAND,DUAL (2-TF),2,False,False,False,True,True,10.0,85,-1.0,STOP,21,3,6.579369893317158,2.2906483034217064,False
WIPRO,2025-02-03,TRAIN,BULL,DEMAND,SINGLE (1-TF),1,False,False,False,False,True,8.5,78,2.0,T1,1,1,1.2180267965895248,4.886027492604824,True
WIPRO,2025-02-10,TRAIN,BULL,DEMAND,SINGLE (1-TF),1,False,False,False,False,True,8.5,78,-1.0,STOP,2,9,6.143587313407587,2.5115932708255815,False
WIPRO,2025-02-17,TRAIN,BULL,SUPPLY,DUAL (2-TF),2,False,False,False,True,True,10.0,85,2.0,T1,3,3,1.1187723923477328,6.279997296018401,True
WIPRO,2025-02-24,TRAIN,BULL,DEMAND,SINGLE (1-TF),1,False,False,False,False,True,8.5,78,-1.0,STOP,1,1,7.642303805995285,0.0,False
WIPRO,2025-03-04,TRAIN,BULL,SUPPLY,SINGLE (1-TF),1,False,False,False,False,True,8.5,78,2.0,T1,1,6,3.386148256358378,7.165599130988509,True
WIPRO,2025-03-19,TRAIN,SIDEWAYS,SUPPLY,TRIPLE (3-TF),3,False,False,True,True,True,11.5,92,2.0,T1,1,12,4.05546205017233,13.63709224973952,True
WIPRO,2025-03-26,TRAIN,SIDEWAYS,SUPPLY,TRIPLE (3-TF),3,False,False,True,True,True,11.5,92,2.0,T1,1,7,3.618658331329647,13.63709224973952,True
WIPRO,2025-04-03,TRAIN,BEAR,DEMAND,DUAL (2-TF),2,False,False,False,True,True,10.0,85,-1.0,STOP,1,1,9.650218613366656,0.0,False
WIPRO,2025-04-11,TRAIN,BEAR,DEMAND,DUAL (2-TF),2,False,False,False,True,True,10.0,85,-1.0,STOP,1,3,4.366774165431888,2.344635230541269,False
WIPRO,2025-04-22,TRAIN,BEAR,DEMAND,DUAL (2-TF),2,False,False,False,True,True,10.0,85,-1.0,STOP,1,1,4.714415231187664,0.12088244182532537,False
WIPRO,2025-04-29,TRAIN,BEAR,SUPPLY,DUAL (2-TF),2,False,False,True,False,True,10.0,85,-1.0,STOP,1,3,4.076535390928142,0.0,False
WIPRO,2025-05-07,TRAIN,BEAR,SUPPLY,DUAL (2-TF),2,False,False,True,False,True,10.0,85,-1.0,STOP,1,3,8.74180455822666,0.5039917934079637,False
WIPRO,2025-05-21,TRAIN,BEAR,SUPPLY,DUAL (2-TF),2,False,False,True,False,True,10.0,85,-1.0,STOP,15,1,2.8662950328646373,0.9734586904068572,False
WIPRO,2025-05-28,TRAIN,BEAR,DEMAND,SINGLE (1-TF),1,False,False,False,False,True,8.5,78,2.0,T1,1,9,0.6586544630255302,3.4130276720413963,True
WIPRO,2025-06-04,TRAIN,BEAR,SUPPLY,TRIPLE (3-TF),3,False,False,True,True,True,11.5,92,-1.0,STOP,1,3,2.075431493714044,0.6989132750905667,False
WIPRO,2025-06-18,TRAIN,BEAR,DEMAND,SINGLE (1-TF),1,False,False,False,False,True,8.5,78,-1.0,STOP,18,1,3.2104492187499947,0.7893880208333325,False
WIPRO,2025-06-25,TRAIN,SIDEWAYS,DEMAND,DUAL (2-TF),2,False,False,False,True,True,10.0,85,2.0,T1,4,3,0.0,3.026156941649892,True
WIPRO,2025-07-02,TRAIN,SIDEWAYS,SUPPLY,DUAL (2-TF),2,False,False,True,False,True,10.0,85,2.0,T1,1,7,1.0756077380717932,4.010874276033256,True
WIPRO,2025-07-09,TRAIN,SIDEWAYS,SUPPLY,TRIPLE (3-TF),3,False,False,True,True,True,11.5,92,2.0,T1,1,2,0.4100784669374204,3.9351760577264376,True
WIPRO,2025-07-16,TRAIN,BEAR,SUPPLY,DUAL (2-TF),2,False,False,False,True,True,10.0,85,-1.0,STOP,1,2,5.267253737456476,0.8683186565635899,False
WIPRO,2025-07-30,TRAIN,BEAR,SUPPLY,DUAL (2-TF),2,False,False,False,True,True,10.0,85,2.0,T1,18,8,1.2163265306122406,5.085714285714289,True
WIPRO,2025-08-06,TRAIN,BEAR,DEMAND,SINGLE (1-TF),1,False,False,False,False,True,8.5,78,-1.0,STOP,1,1,3.19892246822124,0.0,False
WIPRO,2025-08-13,TRAIN,BEAR,SUPPLY,DUAL (2-TF),2,False,False,True,False,True,10.0,85,-1.0,STOP,1,1,3.896554716653645,0.0,False
WIPRO,2025-08-21,TRAIN,BEAR,DEMAND,DUAL (2-TF),2,False,False,False,True,True,10.0,85,-1.0,STOP,2,24,5.482996035885672,4.4857083246401,False
WIPRO,2025-08-29,TRAIN,BEAR,SUPPLY,DUAL (2-TF),2,False,False,True,False,True,10.0,85,2.0,T1,1,5,1.2953045211109746,3.4582970066841088,True
WIPRO,2025-09-05,VALIDATION,BEAR,SUPPLY,DUAL (2-TF),2,False,False,True,False,True,10.0,85,-1.0,STOP,4,1,2.7227517612929932,0.4434314131786248,False
WIPRO,2025-09-12,VALIDATION,BEAR,DEMAND,SINGLE (1-TF),1,False,False,False,False,True,8.5,78,-1.0,STOP,7,4,5.675855750812024,1.1410010827017611,False
WIPRO,2025-09-19,VALIDATION,BEAR,SUPPLY,DUAL (2-TF),2,False,False,True,False,True,10.0,85,2.0,T1,1,3,1.4792415822164124,3.8043478260869574,True
WIPRO,2025-09-26,VALIDATION,BEAR,SUPPLY,DUAL (2-TF),2,False,False,True,False,True,10.0,85,-1.0,STOP,10,4,1.7788861180382383,2.053200332502077,False
WIPRO,2025-10-13,VALIDATION,BEAR,DEMAND,DUAL (2-TF),2,False,False,False,True,True,10.0,85,-1.0,STOP,5,1,2.111030879666992,2.348893513995668,False
WIPRO,2025-10-20,VALIDATION,BEAR,DEMAND,TRIPLE (3-TF),3,False,True,False,True,True,11.5,92,-1.0,STOP,1,1,2.761848541069313,0.0,False
WIPRO,2025-10-28,VALIDATION,BEAR,SUPPLY,DUAL (2-TF),2,False,False,True,False,True,10.0,85,-1.0,STOP,1,18,2.0810328718253652,3.39760468869447,False
WIPRO,2025-11-04,VALIDATION,BEAR,SUPPLY,TRIPLE (3-TF),3,False,False,True,True,True,11.5,92,-1.0,STOP,5,1,1.8098383153922026,1.2866149161555949,False
WIPRO,2025-11-19,VALIDATION,BEAR,DEMAND,TRIPLE (3-TF),3,False,True,False,True,True,11.5,92,2.0,T1,1,10,0.47649710238247917,6.387636831938194,True
WIPRO,2025-11-26,VALIDATION,SIDEWAYS,DEMAND,TRIPLE (3-TF),3,False,True,False,True,True,11.5,92,-1.0,STOP,38,1,2.2867790293893355,2.854239010756335,False
WIPRO,2025-12-03,VALIDATION,SIDEWAYS,DEMAND,DUAL (2-TF),2,False,False,False,True,True,10.0,85,-1.0,STOP,33,1,3.4681839099694565,1.6106764841233294,False
WIPRO,2025-12-10,VALIDATION,SIDEWAYS,DEMAND,DUAL (2-TF),2,False,False,False,True,True,10.0,85,-1.0,STOP,28,1,6.824422548861242,0.0,False
WIPRO,2025-12-17,VALIDATION,BULL,SUPPLY,ATZ (4-TF),4,True,True,True,True,True,13.0,100,-1.0,STOP,1,1,1.915403032721473,0.6504389465283301,False
WIPRO,2025-12-24,VALIDATION,BULL,DEMAND,SINGLE (1-TF),1,False,False,False,False,True,8.5,78,-1.0,STOP,2,11,2.976606823657406,2.059532136473153,False
WIPRO,2026-01-01,VALIDATION,BULL,SUPPLY,TRIPLE (3-TF),3,False,True,True,False,True,11.5,92,2.0,T1,2,1,0.3708234574508859,3.574432296047096,True
WIPRO,2026-01-08,VALIDATION,BULL,DEMAND,SINGLE (1-TF),1,False,False,False,False,True,8.5,78,-1.0,STOP,1,2,3.858298036195604,0.5390835579514957,False
WIPRO,2026-01-15,VALIDATION,BULL,SUPPLY,TRIPLE (3-TF),3,False,False,True,True,True,11.5,92,2.0,T1,2,1,1.812771622097813,8.848518068987117,True
WIPRO,2026-01-22,VALIDATION,BEAR,SUPPLY,SINGLE (1-TF),1,False,False,False,False,True,8.5,78,2.0,T1,5,31,1.8013077409829072,21.484918793503482,True
WIPRO,2026-01-30,VALIDATION,SIDEWAYS,DEMAND,ATZ (4-TF),4,True,True,True,True,True,13.0,100,-1.0,STOP,3,2,3.797196181302135,0.3096241506837529,False
WIPRO,2026-02-09,VALIDATION,BEAR,DEMAND,ATZ (4-TF),4,True,True,True,True,True,13.0,100,-1.0,STOP,1,1,4.2783483189159215,0.0,False
WIPRO,2026-03-02,TEST_OOS,BEAR,SUPPLY,SINGLE (1-TF),1,False,False,False,False,True,8.5,78,2.0,T1,7,4,0.02456157587071345,8.57198997887704,True
WIPRO,2026-03-10,TEST_OOS,BEAR,DEMAND,TRIPLE (3-TF),3,False,False,True,True,True,11.5,92,-1.0,STOP,1,3,3.9018344075359326,0.9519087754090312,False
WIPRO,2026-03-17,TEST_OOS,BEAR,SUPPLY,SINGLE (1-TF),1,False,False,False,False,True,8.5,78,-1.0,STOP,12,2,3.948890789275112,2.459882287841434,False
WIPRO,2026-03-24,TEST_OOS,BEAR,SUPPLY,DUAL (2-TF),2,False,False,False,True,True,10.0,85,-1.0,STOP,5,2,4.239597526464733,2.2901163400062914,False
WIPRO,2026-04-02,TEST_OOS,BEAR,DEMAND,TRIPLE (3-TF),3,False,True,True,False,True,11.5,92,5.0,T3,1,1,0.2514444682216985,6.414508880804627,True
WIPRO,2026-04-10,TEST_OOS,BEAR,SUPPLY,DUAL (2-TF),2,False,False,False,True,True,10.0,85,-1.0,STOP,1,2,6.838133374403214,0.0,False
WIPRO,2026-04-20,TEST_OOS,BEAR,SUPPLY,DUAL (2-TF),2,False,False,False,True,True,10.0,85,3.5,T2,26,9,2.179556252142831,8.884752901993432,True
WIPRO,2026-04-27,TEST_OOS,BEAR,DEMAND,TRIPLE (3-TF),3,False,False,True,True,True,11.5,92,-1.0,STOP,1,2,2.512488253622822,0.5786636332162896,False
WIPRO,2026-05-04,TEST_OOS,BEAR,SUPPLY,DUAL (2-TF),2,False,False,False,True,True,10.0,85,-1.0,STOP,1,15,5.108822484906901,6.1995839886358,False
WIPRO,2026-05-11,TEST_OOS,BEAR,SUPPLY,DUAL (2-TF),2,False,False,False,True,True,10.0,85,-1.0,STOP,9,1,3.1543658251638176,0.8127190531823002,False
WIPRO,2026-05-18,TEST_OOS,BEAR,SUPPLY,SINGLE (1-TF),1,False,False,False,False,True,8.5,78,-1.0,STOP,1,3,5.522061569652667,0.19740703195860032,False
WIPRO,2026-05-25,TEST_OOS,BEAR,SUPPLY,DUAL (2-TF),2,False,False,False,True,True,10.0,85,-1.0,STOP,1,1,5.876941946034341,0.0,False
WIPRO,2026-06-01,TEST_OOS,BEAR,SUPPLY,SINGLE (1-TF),1,False,False,False,False,True,8.5,78,3.5,T2,1,4,1.6185819070904657,9.031784841075794,True
WIPRO,2026-06-22,TEST_OOS,BEAR,SUPPLY,SINGLE (1-TF),1,False,False,False,False,True,8.5,78,-1.0,STOP,28,1,5.178100263852252,0.25835532102022807,False
WIPRO,2026-06-29,TEST_OOS,BEAR,DEMAND,ATZ (4-TF),4,True,True,True,True,True,13.0,100,-1.0,STOP,1,1,5.262861328675271,0.0,False
WIPRO,2026-07-13,TEST_OOS,BEAR,SUPPLY,DUAL (2-TF),2,False,False,False,True,True,10.0,85,-1.0,STOP,1,1,2.5101958756964815,0.9765064047331937,False
WIPRO,2026-07-20,TEST_OOS,BEAR,DEMAND,TRIPLE (3-TF),3,False,True,True,False,True,11.5,92,-1.0,STOP,2,1,0.9703130414693188,1.3630587963497829,False
WIPRO,2026-07-27,TEST_OOS,BEAR,DEMAND,TRIPLE (3-TF),3,False,True,True,False,True,11.5,92,2.0,T1,1,2,0.06828657599725496,5.707619643771697,True
HCLTECH,2022-06-16,TRAIN,BEAR,DEMAND,SINGLE (1-TF),1,False,False,False,False,True,8.5,78,-1.0,STOP,1,1,5.961709442238156,0.30822120799004477,False
HCLTECH,2022-06-23,TRAIN,BEAR,SUPPLY,SINGLE (1-TF),1,False,False,False,False,True,8.5,78,2.0,T1,3,10,1.8194289014837015,4.955296439358381,True
HCLTECH,2022-06-30,TRAIN,BEAR,DEMAND,SINGLE (1-TF),1,False,False,False,False,True,8.5,78,-1.0,STOP,1,7,5.275592439796604,1.0385685503214008,False
HCLTECH,2022-07-07,TRAIN,BEAR,DEMAND,SINGLE (1-TF),1,False,False,False,False,True,8.5,78,-1.0,STOP,3,1,5.224754746449307,0.3892332471082111,False
HCLTECH,2022-07-21,TRAIN,BEAR,SUPPLY,SINGLE (1-TF),1,False,False,False,False,True,8.5,78,-1.0,STOP,1,5,4.565848851081492,0.0,False
HCLTECH,2022-07-28,TRAIN,BEAR,SUPPLY,SINGLE (1-TF),1,False,False,False,False,True,8.5,78,-1.0,STOP,1,1,4.938997877074953,0.0,False
HCLTECH,2022-08-04,TRAIN,BEAR,DEMAND,DUAL (2-TF),2,False,False,False,True,True,10.0,85,-1.0,STOP,16,13,3.774828560925831,3.7748285609258456,False
HCLTECH,2022-08-12,TRAIN,BEAR,SUPPLY,SINGLE (1-TF),1,False,False,False,False,True,8.5,78,-1.0,STOP,1,2,2.625920055049705,0.5332940121158402,False
HCLTECH,2022-08-22,TRAIN,BEAR,SUPPLY,SINGLE (1-TF),1,False,False,False,False,True,8.5,78,2.0,T1,1,5,0.7271438522737049,6.532073765383056,True
HCLTECH,2022-08-29,TRAIN,BEAR,SUPPLY,SINGLE (1-TF),1,False,False,False,False,True,8.5,78,-1.0,STOP,9,1,1.5114693118412963,1.5647861128332305,False
HCLTECH,2022-09-06,TRAIN,BEAR,DEMAND,SINGLE (1-TF),1,False,False,False,False,True,8.5,78,-1.0,STOP,1,8,4.850657408219802,2.614592081019768,False
HCLTECH,2022-09-13,TRAIN,BEAR,DEMAND,DUAL (2-TF),2,False,False,False,True,True,10.0,85,-1.0,STOP,2,1,2.146618573026497,0.2186836251209684,False
HCLTECH,2022-09-20,TRAIN,BEAR,SUPPLY,DUAL (2-TF),2,False,False,False,True,True,10.0,85,-1.0,STOP,1,10,3.3800294249344427,4.1207701656751645,False
HCLTECH,2022-09-27,TRAIN,BEAR,SUPPLY,DUAL (2-TF),2,False,False,False,True,True,10.0,85,-1.0,STOP,1,1,2.7325255318316306,0.0,False
HCLTECH,2022-10-12,TRAIN,BEAR,DEMAND,SINGLE (1-TF),1,False,False,False,False,True,8.5,78,2.0,T1,1,2,0.2848896519121292,8.139882063148459,True
HCLTECH,2022-10-19,TRAIN,SIDEWAYS,SUPPLY,DUAL (2-TF),2,False,False,False,True,True,10.0,85,-1.0,STOP,1,1,2.688203599140711,0.46485966168547266,False
HCLTECH,2022-11-03,TRAIN,BULL,DEMAND,SINGLE (1-TF),1,False,False,False,False,True,8.5,78,2.0,T1,1,5,0.7733372130762222,5.527514465099101,True
HCLTECH,2022-11-11,TRAIN,BULL,SUPPLY,DUAL (2-TF),2,False,False,False,True,True,10.0,85,-1.0,STOP,1,1,5.327814127386834,0.0,False
HCLTECH,2022-11-18,TRAIN,BULL,DEMAND,SINGLE (1-TF),1,False,False,False,False,True,8.5,78,-1.0,STOP,1,15,7.8745083070920385,4.70010708567915,False
HCLTECH,2022-11-25,TRAIN,BULL,DEMAND,SINGLE (1-TF),1,False,False,False,False,True,8.5,78,-1.0,STOP,10,1,7.866693528719428,1.3508784951595296,False
HCLTECH,2022-12-02,TRAIN,BULL,DEMAND,DUAL (2-TF),2,False,False,False,True,True,10.0,85,-1.0,STOP,3,3,8.701179981296828,1.4479200596820432,False
HCLTECH,2022-12-12,TRAIN,BULL,SUPPLY,SINGLE (1-TF),1,False,False,False,False,True,8.5,78,-1.0,STOP,28,4,2.9531917547634605,1.0935437261566907,False
HCLTECH,2022-12-19,TRAIN,BULL,SUPPLY,SINGLE (1-TF),1,False,False,False,False,True,8.5,78,-1.0,STOP,3,13,2.487650948340259,1.8899902991648412,False
HCLTECH,2022-12-26,TRAIN,BULL,SUPPLY,SINGLE (1-TF),1,False,False,False,False,True,8.5,78,-1.0,STOP,4,7,2.487650948340259,1.8899902991648412,False
HCLTECH,2023-01-02,TRAIN,BULL,DEMAND,DUAL (2-TF),2,False,False,False,True,True,10.0,85,2.0,T1,1,5,0.9846617827442243,3.4333749704601457,True
HCLTECH,2023-01-09,TRAIN,BULL,SUPPLY,SINGLE (1-TF),1,False,False,False,False,True,8.5,78,-1.0,STOP,1,1,4.1359337526584845,0.0,False
HCLTECH,2023-01-23,TRAIN,BULL,DEMAND,SINGLE (1-TF),1,False,False,False,False,True,8.5,78,-1.0,STOP,1,24,2.9678534609336764,4.304949546491168,False
HCLTECH,2023-01-31,TRAIN,BULL,SUPPLY,DUAL (2-TF),2,False,False,False,True,True,10.0,85,-1.0,STOP,1,2,2.6297435897435886,1.1456410256410214,False
HCLTECH,2023-02-07,TRAIN,BULL,DEMAND,DUAL (2-TF),2,False,False,False,True,True,10.0,85,-1.0,STOP,1,3,3.2540802957516135,1.4076639481622177,False
HCLTECH,2023-02-14,TRAIN,BULL,DEMAND,DUAL (2-TF),2,False,False,False,True,True,10.0,85,-1.0,STOP,1,1,2.6005774589792883,0.0,False
HCLTECH,2023-02-21,TRAIN,BULL,SUPPLY,SINGLE (1-TF),1,False,False,False,False,True,8.5,78,2.0,T1,9,6,1.7595578074619929,5.508982035928148,True
HCLTECH,2023-02-28,TRAIN,BULL,SUPPLY,SINGLE (1-TF),1,False,False,False,False,True,8.5,78,-1.0,STOP,1,3,3.394738789012546,2.2427259371994372,False
HCLTECH,2023-03-08,TRAIN,BULL,DEMAND,DUAL (2-TF),2,False,False,False,True,True,10.0,85,-1.0,STOP,4,8,3.642255618596166,2.9511394502532684,False
HCLTECH,2023-03-15,TRAIN,BULL,SUPPLY,SINGLE (1-TF),1,False,False,False,False,True,8.5,78,2.0,T1,3,5,1.0952032605287927,5.2440171386769725,True
HCLTECH,2023-03-22,TRAIN,BULL,SUPPLY,SINGLE (1-TF),1,False,False,False,False,True,8.5,78,2.0,T1,1,14,2.279407863320424,6.61113174510533,True
HCLTECH,2023-03-29,TRAIN,BULL,DEMAND,DUAL (2-TF),2,False,False,False,True,True,10.0,85,-1.0,STOP,1,9,6.240011932411417,2.6858579616884404,False
HCLTECH,2023-04-10,TRAIN,BULL,DEMAND,DUAL (2-TF),2,False,False,False,True,True,10.0,85,-1.0,STOP,1,3,3.2009421958631767,1.0704859248977305,False
HCLTECH,2023-04-18,TRAIN,BULL,DEMAND,DUAL (2-TF),2,False,False,False,True,True,10.0,85,-1.0,STOP,1,1,4.496701425835283,0.0,False
HCLTECH,2023-04-25,TRAIN,BULL,SUPPLY,SINGLE (1-TF),1,False,False,False,False,True,8.5,78,-1.0,STOP,1,2,2.423835667682555,0.49070844656669527,False
HCLTECH,2023-05-10,TRAIN,BULL,DEMAND,DUAL (2-TF),2,False,False,False,True,True,10.0,85,2.0,T1,6,3,0.38420195613073654,5.164908845159158,True
HCLTECH,2023-05-17,TRAIN,BULL,DEMAND,DUAL (2-TF),2,False,False,False,True,True,10.0,85,2.0,T1,1,3,0.38420195613073654,5.164908845159158,True
HCLTECH,2023-05-24,TRAIN,BULL,DEMAND,DUAL (2-TF),2,False,False,False,True,True,10.0,85,2.0,T1,36,1,0.7577013972386858,5.637671545254777,True
HCLTECH,2023-05-31,TRAIN,BULL,SUPPLY,SINGLE (1-TF),1,False,False,False,False,True,8.5,78,-1.0,STOP,1,1,3.601612936073153,0.0,False
HCLTECH,2023-06-07,TRAIN,BULL,SUPPLY,DUAL (2-TF),2,False,False,True,False,True,10.0,85,-1.0,STOP,5,5,2.5264476614699416,1.3880050906777,False
HCLTECH,2023-06-14,TRAIN,BULL,DEMAND,SINGLE (1-TF),1,False,False,False,False,True,8.5,78,2.0,T1,1,11,0.2694875713941018,5.748733006194199,True
HCLTECH,2023-06-21,TRAIN,BULL,SUPPLY,SINGLE (1-TF),1,False,False,False,False,True,8.5,78,-1.0,STOP,1,1,2.3949135279983413,0.0,False
HCLTECH,2023-06-28,TRAIN,BULL,SUPPLY,SINGLE (1-TF),1,False,False,False,False,True,8.5,78,-1.0,STOP,1,1,2.0128043457173344,0.4656125715394492,False
HCLTECH,2023-07-06,TRAIN,BULL,DEMAND,DUAL (2-TF),2,False,False,False,True,True,10.0,85,-1.0,STOP,1,1,3.041636453841152,0.6726329046292583,False
HCLTECH,2023-07-13,TRAIN,BULL,SUPPLY,DUAL (2-TF),2,False,False,True,False,True,10.0,85,-1.0,STOP,2,20,6.4648687943620535,1.783063921730962,False
HCLTECH,2023-07-20,TRAIN,BULL,SUPPLY,DUAL (2-TF),2,False,False,False,True,True,10.0,85,-1.0,STOP,1,16,6.4648687943620535,1.783063921730962,False
HCLTECH,2023-07-27,TRAIN,BULL,SUPPLY,DUAL (2-TF),2,False,False,True,False,True,10.0,85,-1.0,STOP,1,6,3.5451667391546287,1.518201219820566,False
HCLTECH,2023-08-03,TRAIN,BULL,DEMAND,SINGLE (1-TF),1,False,False,False,False,True,8.5,78,2.0,T1,1,6,0.1481780152209983,6.291013557784394,True
HCLTECH,2023-08-10,TRAIN,BULL,SUPPLY,DUAL (2-TF),2,False,False,True,False,True,10.0,85,-1.0,STOP,2,1,3.141811921669895,0.0,False
HCLTECH,2023-08-18,TRAIN,BULL,SUPPLY,TRIPLE (3-TF),3,False,False,True,True,True,11.5,92,-1.0,STOP,1,1,6.639540401643742,0.0,False
HCLTECH,2023-08-25,TRAIN,BULL,SUPPLY,TRIPLE (3-TF),3,False,False,True,True,True,11.5,92,-1.0,STOP,5,2,4.704916781187985,1.1528477630172478,False
HCLTECH,2023-09-01,TRAIN,BULL,SUPPLY,TRIPLE (3-TF),3,False,False,True,True,True,11.5,92,-1.0,STOP,1,1,5.442523377958896,0.01249387319678636,False
HCLTECH,2023-09-25,TRAIN,BULL,DEMAND,DUAL (2-TF),2,False,False,False,True,True,10.0,85,-1.0,STOP,1,1,3.709038841399774,0.0,False
HCLTECH,2023-10-03,TRAIN,BULL,SUPPLY,DUAL (2-TF),2,False,False,False,True,True,10.0,85,2.0,T1,5,3,1.26741918749218,3.4444822096205785,True
HCLTECH,2023-10-10,TRAIN,BULL,SUPPLY,DUAL (2-TF),2,False,False,False,True,True,10.0,85,-1.0,STOP,1,1,3.1570603349308537,0.0,False
HCLTECH,2023-10-17,TRAIN,BULL,DEMAND,SINGLE (1-TF),1,False,False,False,False,True,8.5,78,2.0,T1,5,16,1.7160474851495906,6.87142301745884,True
HCLTECH,2023-10-25,TRAIN,BULL,SUPPLY,DUAL (2-TF),2,False,False,False,True,True,10.0,85,-1.0,STOP,3,1,0.770322319075614,2.4986999709145956,False
HCLTECH,2023-11-01,TRAIN,BULL,SUPPLY,DUAL (2-TF),2,False,False,False,True,True,10.0,85,-1.0,STOP,1,1,1.6516979701918764,0.7712036947267296,False
HCLTECH,2023-11-08,TRAIN,BULL,SUPPLY,DUAL (2-TF),2,False,False,False,True,True,10.0,85,-1.0,STOP,1,5,4.10417198770509,1.2118756770562686,False
HCLTECH,2023-11-16,TRAIN,BULL,SUPPLY,DUAL (2-TF),2,False,False,False,True,True,10.0,85,-1.0,STOP,1,1,4.472287632235624,0.0,False
HCLTECH,2023-11-23,TRAIN,BULL,SUPPLY,SINGLE (1-TF),1,False,False,False,False,True,8.5,78,-1.0,STOP,1,3,1.8137417007962235,1.4940686661070177,False
HCLTECH,2023-12-01,TRAIN,BULL,DEMAND,SINGLE (1-TF),1,False,False,False,False,True,8.5,78,2.0,T1,3,4,0.6342834883051344,5.039547448469759,True
HCLTECH,2023-12-08,TRAIN,BULL,SUPPLY,SINGLE (1-TF),1,False,False,False,False,True,8.5,78,-1.0,STOP,1,1,3.3676122537417794,0.6683556118537269,False
HCLTECH,2023-12-26,TRAIN,BULL,SUPPLY,SINGLE (1-TF),1,False,False,False,False,True,8.5,78,2.0,T1,5,3,0.500445756324875,4.781204815666644,True
HCLTECH,2024-01-02,TRAIN,BULL,SUPPLY,SINGLE (1-TF),1,False,False,False,False,True,8.5,78,2.0,T1,1,2,0.03371266322548119,4.781204815666644,True
HCLTECH,2024-01-09,TRAIN,BULL,SUPPLY,SINGLE (1-TF),1,False,False,False,False,True,8.5,78,-1.0,STOP,1,1,4.885728244937843,0.0,False
HCLTECH,2024-01-24,TRAIN,BULL,DEMAND,SINGLE (1-TF),1,False,False,False,False,True,8.5,78,2.0,T1,1,15,3.2480169742786296,7.724139869180026,True
HCLTECH,2024-02-01,TRAIN,BULL,SUPPLY,SINGLE (1-TF),1,False,False,False,False,True,8.5,78,-1.0,STOP,1,1,3.1249558122763967,0.0,False
HCLTECH,2024-02-08,TRAIN,BULL,DEMAND,SINGLE (1-TF),1,False,False,False,False,True,8.5,78,-1.0,STOP,29,2,4.8420538238682065,2.208803099584619,False
HCLTECH,2024-02-15,TRAIN,BULL,DEMAND,SINGLE (1-TF),1,False,False,False,False,True,8.5,78,-1.0,STOP,5,10,2.2041411136073883,3.4968054459219626,False
HCLTECH,2024-02-22,TRAIN,BULL,DEMAND,SINGLE (1-TF),1,False,False,False,False,True,8.5,78,-1.0,STOP,1,9,2.2041411136073883,3.4968054459219626,False
HCLTECH,2024-02-29,TRAIN,BULL,SUPPLY,SINGLE (1-TF),1,False,False,False,False,True,8.5,78,2.0,T1,1,13,1.0355501235486302,5.262109094773761,True
HCLTECH,2024-03-07,TRAIN,BULL,SUPPLY,DUAL (2-TF),2,False,False,False,True,True,10.0,85,2.0,T1,1,10,2.366226756667621,8.265641929861173,True
HCLTECH,2024-03-15,TRAIN,BULL,SUPPLY,DUAL (2-TF),2,False,False,False,True,True,10.0,85,-1.0,STOP,1,1,2.4032484730555215,0.20742122047456463,False
HCLTECH,2024-04-02,TRAIN,BULL,SUPPLY,DUAL (2-TF),2,False,False,True,False,True,10.0,85,2.0,T1,1,9,0.1756448574302037,6.078161961556451,True
HCLTECH,2024-04-09,TRAIN,BULL,SUPPLY,DUAL (2-TF),2,False,False,True,False,True,10.0,85,2.0,T1,1,4,0.8264521843481196,5.274436412468938,True
HCLTECH,2024-04-18,TRAIN,BULL,SUPPLY,SINGLE (1-TF),1,False,False,False,False,True,8.5,78,2.0,T1,7,1,0.08822168228622872,9.744157121369893,True
HCLTECH,2024-04-25,TRAIN,BULL,DEMAND,DUAL (2-TF),2,False,False,True,False,True,10.0,85,-1.0,STOP,3,1,5.875878094830429,0.0,False
HCLTECH,2024-05-03,TRAIN,SIDEWAYS,DEMAND,TRIPLE (3-TF),3,False,False,True,True,True,11.5,92,-1.0,STOP,1,3,5.622246218599989,0.0,False
HCLTECH,2024-05-10,TRAIN,SIDEWAYS,SUPPLY,SINGLE (1-TF),1,False,False,False,False,True,8.5,78,-1.0,STOP,4,1,2.017161044756542,0.9540294001837415,False
HCLTECH,2024-05-17,TRAIN,SIDEWAYS,DEMAND,DUAL (2-TF),2,False,False,True,False,True,10.0,85,2.0,T1,2,11,0.9183707178487571,5.885170625350996,True
HCLTECH,2024-05-27,TRAIN,SIDEWAYS,DEMAND,DUAL (2-TF),2,False,False,True,False,True,10.0,85,-1.0,STOP,1,4,2.609482709853661,1.1540233229083305,False
HCLTECH,2024-06-03,TRAIN,BEAR,SUPPLY,SINGLE (1-TF),1,False,False,False,False,True,8.5,78,-1.0,STOP,1,2,3.451058233077549,3.196081753850863,False
HCLTECH,2024-06-19,TRAIN,BULL,SUPPLY,DUAL (2-TF),2,False,False,False,True,True,10.0,85,-1.0,STOP,1,2,2.618089996371105,1.0107959356477652,False
HCLTECH,2024-06-26,TRAIN,BULL,SUPPLY,DUAL (2-TF),2,False,False,False,True,True,10.0,85,-1.0,STOP,1,4,3.344623200677393,1.4296298536349403,False
HCLTECH,2024-07-10,TRAIN,BULL,DEMAND,SINGLE (1-TF),1,False,False,False,False,True,8.5,78,2.0,T1,1,2,0.07699076110866362,5.171579410470742,True
HCLTECH,2024-07-18,TRAIN,BULL,SUPPLY,TRIPLE (3-TF),3,False,False,True,True,True,11.5,92,-1.0,STOP,1,1,5.755878739392549,0.0,False
HCLTECH,2024-07-25,TRAIN,BULL,SUPPLY,TRIPLE (3-TF),3,False,False,True,True,True,11.5,92,-1.0,STOP,1,1,6.066360674117932,0.0,False
HCLTECH,2024-08-01,TRAIN,BULL,DEMAND,SINGLE (1-TF),1,False,False,False,False,True,8.5,78,-1.0,STOP,3,3,3.1871476734504487,1.7259735473567805,False
HCLTECH,2024-08-08,TRAIN,BULL,DEMAND,SINGLE (1-TF),1,False,False,False,False,True,8.5,78,-1.0,STOP,1,1,4.643032792332941,0.0,False
HCLTECH,2024-08-16,TRAIN,BULL,SUPPLY,TRIPLE (3-TF),3,False,False,True,True,True,11.5,92,-1.0,STOP,1,1,5.669556709156637,0.0,False
HCLTECH,2024-08-23,TRAIN,BULL,SUPPLY,TRIPLE (3-TF),3,False,False,True,True,True,11.5,92,-1.0,STOP,1,1,3.2143640280160555,1.3601712951616802,False
HCLTECH,2024-09-06,TRAIN,BULL,DEMAND,SINGLE (1-TF),1,False,False,False,False,True,8.5,78,-1.0,STOP,1,1,3.651842119472285,0.0,False
HCLTECH,2024-09-13,TRAIN,BULL,DEMAND,SINGLE (1-TF),1,False,False,False,False,True,8.5,78,-1.0,STOP,4,1,2.0956958437317064,2.8295899189697185,False
HCLTECH,2024-09-20,TRAIN,BULL,DEMAND,DUAL (2-TF),2,False,False,False,True,True,10.0,85,2.0,T1,1,5,2.1012416427889153,3.9923591212989615,True
HCLTECH,2024-09-27,TRAIN,BULL,DEMAND,SINGLE (1-TF),1,False,False,False,False,True,8.5,78,2.0,T1,7,5,1.1903665075825904,6.731897277144112,True
HCLTECH,2024-10-07,TRAIN,BULL,DEMAND,SINGLE (1-TF),1,False,False,False,False,True,8.5,78,-1.0,STOP,1,1,3.595057170937508,0.0,False
HCLTECH,2024-10-14,TRAIN,BULL,DEMAND,SINGLE (1-TF),1,False,False,False,False,True,8.5,78,2.0,T1,8,1,0.1522161229235062,3.8281755639187787,True
HCLTECH,2024-10-21,TRAIN,BULL,DEMAND,SINGLE (1-TF),1,False,False,False,False,True,8.5,78,-1.0,STOP,1,8,4.73352054130739,1.7882058976349842,False
HCLTECH,2024-10-28,TRAIN,BULL,DEMAND,SINGLE (1-TF),1,False,False,False,False,True,8.5,78,-1.0,STOP,4,1,4.3062369842222195,0.7706517007283034,False
HCLTECH,2024-11-04,TRAIN,BULL,DEMAND,SINGLE (1-TF),1,False,False,False,False,True,8.5,78,-1.0,STOP,1,1,3.49278166393809,0.0,False
HCLTECH,2024-11-11,TRAIN,BULL,SUPPLY,DUAL (2-TF),2,False,False,False,True,True,10.0,85,-1.0,STOP,1,1,7.185610493465957,0.0,False
HCLTECH,2024-11-19,TRAIN,BULL,SUPPLY,SINGLE (1-TF),1,False,False,False,False,True,8.5,78,-1.0,STOP,1,2,2.994357527571179,1.5919000209843985,False
HCLTECH,2024-11-27,TRAIN,BULL,SUPPLY,SINGLE (1-TF),1,False,False,False,False,True,8.5,78,-1.0,STOP,1,6,4.9689839322777,0.671626128122011,False
HCLTECH,2024-12-04,TRAIN,BULL,DEMAND,SINGLE (1-TF),1,False,False,False,False,True,8.5,78,-1.0,STOP,28,1,3.3958131895015176,0.0,False
HCLTECH,2024-12-11,TRAIN,BULL,DEMAND,DUAL (2-TF),2,False,False,False,True,True,10.0,85,2.0,T1,8,7,1.0063021515806436,4.144898433821733,True
HCLTECH,2024-12-18,TRAIN,BULL,SUPPLY,SINGLE (1-TF),1,False,False,False,False,True,8.5,78,-1.0,STOP,1,10,2.7385624906318267,3.1177309846722583,False
HCLTECH,2024-12-26,TRAIN,BULL,SUPPLY,DUAL (2-TF),2,False,False,False,True,True,10.0,85,-1.0,STOP,3,3,4.298427047346394,1.646781674622531,False
HCLTECH,2025-01-03,TRAIN,BULL,SUPPLY,DUAL (2-TF),2,False,False,False,True,True,10.0,85,-1.0,STOP,1,5,4.834955505334299,0.8093013294859529,False
HCLTECH,2025-01-10,TRAIN,BULL,DEMAND,SINGLE (1-TF),1,False,False,False,False,True,8.5,78,-1.0,STOP,1,2,7.522984149998353,2.6630858624136384,False
HCLTECH,2025-01-27,TRAIN,BULL,DEMAND,DUAL (2-TF),2,False,False,False,True,True,10.0,85,-1.0,STOP,1,1,6.180124039990789,0.0,False
HCLTECH,2025-02-01,TRAIN,SIDEWAYS,DEMAND,DUAL (2-TF),2,False,False,False,True,True,10.0,85,-1.0,STOP,1,1,2.947364489704449,1.1677414535766746,False
HCLTECH,2025-02-07,TRAIN,BULL,DEMAND,DUAL (2-TF),2,False,False,False,True,True,10.0,85,-1.0,STOP,10,2,3.215160695054129,1.3332997436688776,False
HCLTECH,2025-02-14,TRAIN,SIDEWAYS,SUPPLY,DUAL (2-TF),2,False,False,False,True,True,10.0,85,2.0,T1,3,4,0.4438180716784769,5.009333778387664,True
HCLTECH,2025-02-21,TRAIN,SIDEWAYS,DEMAND,SINGLE (1-TF),1,False,False,False,False,True,8.5,78,-1.0,STOP,1,1,4.304235736614642,0.0,False
HCLTECH,2025-03-03,TRAIN,BEAR,DEMAND,DUAL (2-TF),2,False,False,False,True,True,10.0,85,-1.0,STOP,1,1,7.176722738195752,0.0,False
HCLTECH,2025-03-10,TRAIN,BEAR,DEMAND,DUAL (2-TF),2,False,False,False,True,True,10.0,85,-1.0,STOP,1,2,3.3908956773594254,0.8941745450571014,False
HCLTECH,2025-03-18,TRAIN,BEAR,DEMAND,DUAL (2-TF),2,False,False,False,True,True,10.0,85,-1.0,STOP,1,1,2.0491270335566676,0.27923975607587076,False
HCLTECH,2025-03-25,TRAIN,BEAR,DEMAND,DUAL (2-TF),2,False,False,False,True,True,10.0,85,-1.0,STOP,5,1,3.25026863138299,1.7979481353217905,False
HCLTECH,2025-04-02,TRAIN,BEAR,DEMAND,DUAL (2-TF),2,False,False,False,True,True,10.0,85,-1.0,STOP,1,1,4.907589298066019,0.0,False
HCLTECH,2025-04-09,TRAIN,BEAR,DEMAND,TRIPLE (3-TF),3,False,False,True,True,True,11.5,92,-1.0,STOP,1,1,3.976021716181573,0.8324536269039333,False
HCLTECH,2025-04-28,TRAIN,BEAR,SUPPLY,TRIPLE (3-TF),3,False,False,True,True,True,11.5,92,-1.0,STOP,1,1,5.547622899506917,0.0,False
HCLTECH,2025-05-06,TRAIN,BEAR,SUPPLY,TRIPLE (3-TF),3,False,False,True,True,True,11.5,92,-1.0,STOP,1,1,5.747385154288208,0.0,False
HCLTECH,2025-05-13,TRAIN,BEAR,SUPPLY,TRIPLE (3-TF),3,False,False,True,True,True,11.5,92,-1.0,STOP,1,21,3.2725484261501125,3.8923779257465707,False
HCLTECH,2025-05-20,TRAIN,BEAR,SUPPLY,TRIPLE (3-TF),3,False,False,True,True,True,11.5,92,-1.0,STOP,1,16,4.570180815200731,2.684773725610376,False
HCLTECH,2025-05-27,TRAIN,SIDEWAYS,SUPPLY,TRIPLE (3-TF),3,False,False,True,True,True,11.5,92,-1.0,STOP,1,11,4.5955577126946245,2.661157447025906,False
HCLTECH,2025-06-03,TRAIN,BEAR,SUPPLY,DUAL (2-TF),2,False,False,True,False,True,10.0,85,-1.0,STOP,6,1,3.6463738767244585,0.9435514491836527,False
HCLTECH,2025-06-10,TRAIN,SIDEWAYS,SUPPLY,TRIPLE (3-TF),3,False,False,True,True,True,11.5,92,-1.0,STOP,1,1,3.6463738767244585,0.9435514491836527,False
HCLTECH,2025-06-17,TRAIN,SIDEWAYS,DEMAND,SINGLE (1-TF),1,False,False,False,False,True,8.5,78,-1.0,STOP,1,17,4.405657611881968,1.5939515341020074,False
HCLTECH,2025-06-24,TRAIN,SIDEWAYS,DEMAND,DUAL (2-TF),2,False,False,False,True,True,10.0,85,-1.0,STOP,1,10,1.8726912969168383,1.9069964040896514,False
HCLTECH,2025-07-01,TRAIN,SIDEWAYS,DEMAND,DUAL (2-TF),2,False,False,False,True,True,10.0,85,-1.0,STOP,1,6,2.684761402260205,1.6245996785157746,False
HCLTECH,2025-07-08,TRAIN,SIDEWAYS,DEMAND,DUAL (2-TF),2,False,False,False,True,True,10.0,85,-1.0,STOP,1,1,2.684761402260205,0.10491183724554501,False
HCLTECH,2025-08-05,TRAIN,BEAR,SUPPLY,DUAL (2-TF),2,False,False,False,True,True,10.0,85,-1.0,STOP,1,4,4.5050765948641915,0.9553844726834154,False
HCLTECH,2025-08-12,TRAIN,BEAR,DEMAND,TRIPLE (3-TF),3,False,False,True,True,True,11.5,92,-1.0,STOP,4,7,2.35681917641911,1.9446052204356448,False
HCLTECH,2025-08-20,TRAIN,BEAR,SUPPLY,SINGLE (1-TF),1,False,False,False,False,True,8.5,78,2.0,T1,1,11,1.3359059814067682,5.839677249605334,True
HCLTECH,2025-08-28,TRAIN,BEAR,DEMAND,DUAL (2-TF),2,False,False,True,False,True,10.0,85,-1.0,STOP,1,1,3.3830154519809716,0.0,False
HCLTECH,2025-09-04,VALIDATION,BEAR,DEMAND,DUAL (2-TF),2,False,False,True,False,True,10.0,85,-1.0,STOP,1,1,3.574584881122599,0.7630571143220588,False
HCLTECH,2025-09-11,VALIDATION,BEAR,DEMAND,DUAL (2-TF),2,False,False,True,False,True,10.0,85,-1.0,STOP,8,4,2.2404768721415924,1.7765249117243336,False
HCLTECH,2025-09-18,VALIDATION,BEAR,DEMAND,TRIPLE (3-TF),3,False,False,True,True,True,11.5,92,-1.0,STOP,2,1,3.557917684859974,1.8131558886601038,False
HCLTECH,2025-09-25,VALIDATION,BEAR,SUPPLY,SINGLE (1-TF),1,False,False,False,False,True,8.5,78,-1.0,STOP,1,11,5.565798655746133,2.9940867521210555,False
HCLTECH,2025-10-03,VALIDATION,BEAR,SUPPLY,SINGLE (1-TF),1,False,False,False,False,True,8.5,78,-1.0,STOP,3,1,2.4513438709061752,0.46325186658933165,False
HCLTECH,2025-10-17,VALIDATION,BEAR,SUPPLY,ATZ (4-TF),4,True,True,True,True,True,13.0,100,-1.0,STOP,1,1,6.954126418628573,0.0,False
HCLTECH,2025-10-27,VALIDATION,SIDEWAYS,SUPPLY,ATZ (4-TF),4,True,True,True,True,True,13.0,100,-1.0,STOP,1,1,4.000055682000099,0.0,False
HCLTECH,2025-11-03,VALIDATION,SIDEWAYS,DEMAND,SINGLE (1-TF),1,False,False,False,False,True,8.5,78,-1.0,STOP,1,3,2.8988934077366935,0.9579657078001961,False
HCLTECH,2025-11-26,VALIDATION,BULL,SUPPLY,ATZ (4-TF),4,True,True,True,True,True,13.0,100,-1.0,STOP,4,4,2.7711952000403373,1.300829404794924,False
HCLTECH,2025-12-03,VALIDATION,BULL,DEMAND,SINGLE (1-TF),1,False,False,False,False,True,8.5,78,2.0,T1,1,2,0.012731798302839707,3.8055345127222626,True
HCLTECH,2025-12-10,VALIDATION,BULL,DEMAND,DUAL (2-TF),2,False,False,False,True,True,10.0,85,-1.0,STOP,2,12,2.6291874275328286,2.0187396195669227,False
HCLTECH,2025-12-17,VALIDATION,BULL,SUPPLY,TRIPLE (3-TF),3,False,True,True,False,True,11.5,92,2.0,T1,5,3,0.2316783121988484,3.422800596448418,True
HCLTECH,2025-12-24,VALIDATION,BULL,DEMAND,SINGLE (1-TF),1,False,False,False,False,True,8.5,78,-1.0,STOP,1,3,3.8149601911813944,0.29903047262911103,False
HCLTECH,2026-01-01,VALIDATION,BULL,SUPPLY,ATZ (4-TF),4,True,True,True,True,True,13.0,100,-1.0,STOP,1,8,4.0964008648098735,3.108864301157311,False
HCLTECH,2026-01-08,VALIDATION,BULL,DEMAND,DUAL (2-TF),2,False,True,False,False,True,10.0,85,-1.0,STOP,18,5,4.16653371707902,1.964250387680996,False
HCLTECH,2026-01-15,VALIDATION,BULL,DEMAND,DUAL (2-TF),2,False,True,False,False,True,10.0,85,-1.0,STOP,13,2,4.100859311296486,0.21890484852286327,False
HCLTECH,2026-01-22,VALIDATION,BULL,SUPPLY,DUAL (2-TF),2,False,False,True,False,True,10.0,85,-1.0,STOP,1,3,2.1439918508906963,0.9713447243005944,False
HCLTECH,2026-01-30,VALIDATION,BULL,DEMAND,DUAL (2-TF),2,False,True,False,False,True,10.0,85,-1.0,STOP,1,1,3.871728422400832,0.0,False
HCLTECH,2026-02-09,VALIDATION,SIDEWAYS,DEMAND,ATZ (4-TF),4,True,True,True,True,True,13.0,100,-1.0,STOP,1,1,4.484726839365239,0.0,False
HCLTECH,2026-02-16,VALIDATION,BEAR,SUPPLY,SINGLE (1-TF),1,False,False,False,False,True,8.5,78,2.0,T1,2,4,2.1305325287284247,4.305610657534827,True
HCLTECH,2026-02-23,VALIDATION,BEAR,DEMAND,ATZ (4-TF),4,True,True,True,True,True,13.0,100,-1.0,STOP,1,1,9.118951769808204,0.0,False
HCLTECH,2026-03-02,TEST_OOS,BEAR,DEMAND,ATZ (4-TF),4,True,True,True,True,True,13.0,100,-1.0,STOP,1,9,7.1238207114276255,0.0,False
HCLTECH,2026-03-10,TEST_OOS,BEAR,SUPPLY,SINGLE (1-TF),1,False,False,False,False,True,8.5,78,-1.0,STOP,1,10,2.802411394903885,4.299662890636855,False
HCLTECH,2026-03-17,TEST_OOS,BEAR,SUPPLY,SINGLE (1-TF),1,False,False,False,False,True,8.5,78,-1.0,STOP,2,4,3.2594852240228795,3.0223069590085876,False
HCLTECH,2026-03-24,TEST_OOS,BEAR,SUPPLY,SINGLE (1-TF),1,False,False,False,False,True,8.5,78,-1.0,STOP,1,1,6.400037254643251,0.0,False
HCLTECH,2026-04-02,TEST_OOS,BEAR,DEMAND,TRIPLE (3-TF),3,False,False,True,True,True,11.5,92,-1.0,STOP,1,12,7.174031438611156,6.877102932728521,False
HCLTECH,2026-04-10,TEST_OOS,BEAR,SUPPLY,DUAL (2-TF),2,False,True,False,False,True,10.0,85,-1.0,STOP,1,2,3.414496812895678,0.6099893883502888,False
HCLTECH,2026-04-20,TEST_OOS,BEAR,DEMAND,TRIPLE (3-TF),3,False,False,True,True,True,11.5,92,-1.0,STOP,3,1,9.356429105955892,0.0,False
HCLTECH,2026-04-27,TEST_OOS,BEAR,DEMAND,ATZ (4-TF),4,True,True,True,True,True,13.0,100,-1.0,STOP,1,1,7.79296875,0.0,False
HCLTECH,2026-05-11,TEST_OOS,BEAR,SUPPLY,SINGLE (1-TF),1,False,False,False,False,True,8.5,78,2.0,T1,1,3,1.4468005573113105,7.206816868861924,True
HCLTECH,2026-05-18,TEST_OOS,BEAR,DEMAND,ATZ (4-TF),4,True,True,True,True,True,13.0,100,2.0,T1,1,10,3.0489615539136126,4.8524865063145155,True
HCLTECH,2026-05-25,TEST_OOS,BEAR,DEMAND,DUAL (2-TF),2,False,False,True,False,True,10.0,85,-1.0,STOP,10,3,4.979691808882739,1.0819287935789088,False
HCLTECH,2026-06-01,TEST_OOS,BEAR,DEMAND,DUAL (2-TF),2,False,False,True,False,True,10.0,85,-1.0,STOP,3,1,1.604097337770382,1.4411744315030401,False
HCLTECH,2026-06-09,TEST_OOS,BEAR,SUPPLY,SINGLE (1-TF),1,False,False,False,False,True,8.5,78,-1.0,STOP,7,18,6.053126163812898,11.693991910688448,False
HCLTECH,2026-06-16,TEST_OOS,BEAR,SUPPLY,SINGLE (1-TF),1,False,False,False,False,True,8.5,78,2.0,T1,1,11,2.7761067270604154,9.799532892175932,True
HCLTECH,2026-06-23,TEST_OOS,BEAR,DEMAND,ATZ (4-TF),4,True,True,True,True,True,13.0,100,-1.0,STOP,1,1,2.6974778582025802,0.20410915793732695,False
HCLTECH,2026-06-30,TEST_OOS,BEAR,SUPPLY,DUAL (2-TF),2,False,False,False,True,True,10.0,85,-1.0,STOP,1,3,5.594058039042436,6.159170187112862,False
HCLTECH,2026-07-07,TEST_OOS,BEAR,SUPPLY,DUAL (2-TF),2,False,False,False,True,True,10.0,85,-1.0,STOP,1,1,7.188152893208521,0.0,False
HCLTECH,2026-07-14,TEST_OOS,BEAR,SUPPLY,TRIPLE (3-TF),3,False,False,True,True,True,11.5,92,-1.0,STOP,1,4,6.070448030070772,1.8776903023531615,False
HCLTECH,2026-07-21,TEST_OOS,BEAR,SUPPLY,TRIPLE (3-TF),3,False,False,True,True,True,11.5,92,-1.0,STOP,1,1,8.13207448750717,0.0,False
HCLTECH,2026-07-28,TEST_OOS,BEAR,SUPPLY,TRIPLE (3-TF),3,False,True,True,False,True,11.5,92,-1.0,STOP,1,1,9.006954461573173,0.0,False
HCLTECH,2026-08-11,TEST_OOS,SIDEWAYS,DEMAND,SINGLE (1-TF),1,False,False,False,False,True,8.5,78,-1.0,STOP,2,3,1.8445810800800124,1.8519890362249054,False
HCLTECH,2026-08-18,TEST_OOS,BEAR,DEMAND,DUAL (2-TF),2,False,False,False,True,True,10.0,85,-1.0,STOP,1,1,4.25216682717239,0.0,False
HCLTECH,2026-08-25,TEST_OOS,BEAR,SUPPLY,ATZ (4-TF),4,True,True,True,True,True,13.0,100,-1.0,STOP,1,5,3.76213592233009,2.9126213592233077,False
POWERGRID,2022-06-30,TRAIN,BEAR,SUPPLY,SINGLE (1-TF),1,False,False,False,False,True,8.5,78,-1.0,STOP,1,1,2.972188264058691,1.6045232273838588,False
POWERGRID,2022-07-07,TRAIN,BEAR,DEMAND,SINGLE (1-TF),1,False,False,False,False,True,8.5,78,2.0,T1,7,13,1.7091431596460644,6.670195870831145,True
POWERGRID,2022-07-14,TRAIN,BEAR,SUPPLY,SINGLE (1-TF),1,False,False,False,False,True,8.5,78,-1.0,STOP,1,13,4.393149664929245,3.224125093075214,False
POWERGRID,2022-07-21,TRAIN,BEAR,SUPPLY,DUAL (2-TF),2,False,False,False,True,True,10.0,85,-1.0,STOP,7,2,3.975081578166705,0.9344408187481392,False
POWERGRID,2022-07-28,TRAIN,BEAR,SUPPLY,DUAL (2-TF),2,False,False,False,True,True,10.0,85,-1.0,STOP,1,1,3.718036269823208,0.0,False
POWERGRID,2022-08-04,TRAIN,SIDEWAYS,DEMAND,SINGLE (1-TF),1,False,False,False,False,True,8.5,78,-1.0,STOP,34,1,6.08938958839555,0.0,False
POWERGRID,2022-08-12,TRAIN,SIDEWAYS,DEMAND,SINGLE (1-TF),1,False,False,False,False,True,8.5,78,2.0,T1,1,22,1.3384321223709472,6.925855109411515,True
POWERGRID,2022-08-22,TRAIN,SIDEWAYS,DEMAND,SINGLE (1-TF),1,False,False,False,False,True,8.5,78,-1.0,STOP,1,9,2.172399387271971,2.019217379195102,False
POWERGRID,2022-08-29,TRAIN,SIDEWAYS,SUPPLY,DUAL (2-TF),2,False,False,False,True,True,10.0,85,-1.0,STOP,1,11,2.5749583564686143,2.4847307051638063,False
POWERGRID,2022-09-06,TRAIN,SIDEWAYS,SUPPLY,DUAL (2-TF),2,False,False,False,True,True,10.0,85,-1.0,STOP,1,6,3.6250175290982942,1.2620950778292044,False
POWERGRID,2022-09-13,TRAIN,SIDEWAYS,SUPPLY,DUAL (2-TF),2,False,False,False,True,True,10.0,85,-1.0,STOP,1,1,3.9237746993882174,0.2672104633991952,False
POWERGRID,2022-09-20,TRAIN,BULL,SUPPLY,DUAL (2-TF),2,False,False,False,True,True,10.0,85,2.0,T1,1,2,1.1963501182832108,6.123690435958096,True
POWERGRID,2022-09-29,TRAIN,BEAR,DEMAND,DUAL (2-TF),2,False,False,False,True,True,10.0,85,-1.0,STOP,1,4,4.057138649583971,2.054340622929086,False
POWERGRID,2022-10-07,TRAIN,BEAR,SUPPLY,SINGLE (1-TF),1,False,False,False,False,True,8.5,78,-1.0,STOP,2,10,4.483868553035414,2.013623774234597,False
POWERGRID,2022-10-21,TRAIN,SIDEWAYS,SUPPLY,DUAL (2-TF),2,False,False,False,True,True,10.0,85,-1.0,STOP,1,1,2.9426948890036204,0.0,False
POWERGRID,2022-11-15,TRAIN,SIDEWAYS,DEMAND,DUAL (2-TF),2,False,False,False,True,True,10.0,85,-1.0,STOP,1,37,5.525017618040876,2.868217054263561,False
POWERGRID,2022-11-22,TRAIN,SIDEWAYS,SUPPLY,SINGLE (1-TF),1,False,False,False,False,True,8.5,78,2.0,T1,5,19,1.3328705310655935,5.199583477959048,True
POWERGRID,2022-11-29,TRAIN,SIDEWAYS,DEMAND,DUAL (2-TF),2,False,False,False,True,True,10.0,85,-1.0,STOP,2,9,2.379607400084737,3.071600056489192,False
POWERGRID,2022-12-06,TRAIN,BULL,DEMAND,DUAL (2-TF),2,False,False,False,True,True,10.0,85,-1.0,STOP,1,2,1.9846796657381576,1.2883008356545922,False
POWERGRID,2022-12-13,TRAIN,SIDEWAYS,SUPPLY,SINGLE (1-TF),1,False,False,False,False,True,8.5,78,-1.0,STOP,28,2,3.276631344115999,1.0875627440044633,False
POWERGRID,2022-12-20,TRAIN,SIDEWAYS,SUPPLY,SINGLE (1-TF),1,False,False,False,False,True,8.5,78,2.0,T1,1,14,1.2040467369620957,5.571387859789128,True
POWERGRID,2022-12-27,TRAIN,SIDEWAYS,DEMAND,DUAL (2-TF),2,False,False,False,True,True,10.0,85,-1.0,STOP,1,6,2.093039925453364,1.584115833990401,False
POWERGRID,2023-01-03,TRAIN,SIDEWAYS,SUPPLY,SINGLE (1-TF),1,False,False,False,False,True,8.5,78,-1.0,STOP,1,11,2.850971922246226,4.578833693304545,False
POWERGRID,2023-01-10,TRAIN,SIDEWAYS,SUPPLY,DUAL (2-TF),2,False,False,False,True,True,10.0,85,-1.0,STOP,1,5,3.6290617013508575,0.9711573566995138,False
POWERGRID,2023-01-24,TRAIN,SIDEWAYS,DEMAND,DUAL (2-TF),2,False,False,False,True,True,10.0,85,-1.0,STOP,1,3,4.621291448516582,2.6457242582896976,False
POWERGRID,2023-02-02,TRAIN,SIDEWAYS,SUPPLY,SINGLE (1-TF),1,False,False,False,False,True,8.5,78,-1.0,STOP,7,7,2.129753286005483,1.096506642299854,False
POWERGRID,2023-02-16,TRAIN,SIDEWAYS,DEMAND,DUAL (2-TF),2,False,False,False,True,True,10.0,85,2.0,T1,1,8,0.7945995358976129,4.15582589128753,True
POWERGRID,2023-02-23,TRAIN,SIDEWAYS,SUPPLY,SINGLE (1-TF),1,False,False,False,False,True,8.5,78,-1.0,STOP,1,2,3.1417678621858354,0.3953685399604447,False
POWERGRID,2023-03-10,TRAIN,BULL,DEMAND,SINGLE (1-TF),1,False,False,False,False,True,8.5,78,2.0,T1,9,14,1.531995661605219,8.019251626898036,True
POWERGRID,2023-03-17,TRAIN,BULL,DEMAND,SINGLE (1-TF),1,False,False,False,False,True,8.5,78,-1.0,STOP,1,2,2.859772533035318,2.1826309907303876,False
POWERGRID,2023-03-24,TRAIN,BULL,SUPPLY,SINGLE (1-TF),1,False,False,False,False,True,8.5,78,-1.0,STOP,2,11,6.481790845305706,2.9335115268961007,False
POWERGRID,2023-04-03,TRAIN,BULL,SUPPLY,DUAL (2-TF),2,False,False,False,True,True,10.0,85,-1.0,STOP,1,3,2.8692951660815553,0.0,False
POWERGRID,2023-04-12,TRAIN,BULL,DEMAND,SINGLE (1-TF),1,False,False,False,False,True,8.5,78,2.0,T1,1,2,0.0861440593731333,5.592737393148233,True
POWERGRID,2023-04-20,TRAIN,BULL,SUPPLY,SINGLE (1-TF),1,False,False,False,False,True,8.5,78,-1.0,STOP,1,7,3.676375404530749,1.2944983818770228,False
POWERGRID,2023-04-27,TRAIN,BULL,SUPPLY,SINGLE (1-TF),1,False,False,False,False,True,8.5,78,-1.0,STOP,1,2,3.676375404530749,0.0,False
POWERGRID,2023-05-05,TRAIN,BULL,DEMAND,DUAL (2-TF),2,False,False,False,True,True,10.0,85,2.0,T1,11,14,1.2475759534582926,5.384615384615393,True
POWERGRID,2023-05-12,TRAIN,BULL,DEMAND,SINGLE (1-TF),1,False,False,False,False,True,8.5,78,-1.0,STOP,1,3,2.7020357803824773,2.2763726095003074,False
POWERGRID,2023-05-19,TRAIN,BULL,SUPPLY,SINGLE (1-TF),1,False,False,False,False,True,8.5,78,-1.0,STOP,15,9,6.498731200099028,1.6463452373584184,False
POWERGRID,2023-05-26,TRAIN,BULL,SUPPLY,DUAL (2-TF),2,False,False,False,True,True,10.0,85,-1.0,STOP,1,9,4.869419786440237,1.73034864273768,False
POWERGRID,2023-06-02,TRAIN,BULL,SUPPLY,SINGLE (1-TF),1,False,False,False,False,True,8.5,78,-1.0,STOP,2,3,3.432305544981599,1.1990864103540253,False
POWERGRID,2023-06-16,TRAIN,BULL,DEMAND,DUAL (2-TF),2,False,False,False,True,True,10.0,85,-1.0,STOP,19,1,2.293207383009134,4.107886396122065,False
POWERGRID,2023-06-23,TRAIN,BULL,DEMAND,SINGLE (1-TF),1,False,False,False,False,True,8.5,78,-1.0,STOP,2,13,4.84202881007142,5.973853044425617,False
POWERGRID,2023-07-03,TRAIN,BULL,DEMAND,SINGLE (1-TF),1,False,False,False,False,True,8.5,78,2.0,T1,1,3,0.31918096958747433,5.444143330322187,True
POWERGRID,2023-07-10,TRAIN,BULL,DEMAND,SINGLE (1-TF),1,False,False,False,False,True,8.5,78,-1.0,STOP,1,3,4.280944431194852,1.5442404006677817,False
POWERGRID,2023-07-17,TRAIN,BULL,DEMAND,TRIPLE (3-TF),3,False,False,True,True,True,11.5,92,-1.0,STOP,1,1,3.8373078319816027,0.0,False
POWERGRID,2023-07-24,TRAIN,BULL,SUPPLY,SINGLE (1-TF),1,False,False,False,False,True,8.5,78,-1.0,STOP,3,2,3.6076932266157096,0.9317883168080122,False
POWERGRID,2023-07-31,TRAIN,BULL,SUPPLY,DUAL (2-TF),2,False,False,False,True,True,10.0,85,-1.0,STOP,1,1,5.93119101660495,0.6152192091745319,False
POWERGRID,2023-08-07,TRAIN,BULL,SUPPLY,SINGLE (1-TF),1,False,False,False,False,True,8.5,78,-1.0,STOP,7,18,7.300448430493278,2.786248131539609,False
POWERGRID,2023-08-14,TRAIN,BULL,SUPPLY,DUAL (2-TF),2,False,False,False,True,True,10.0,85,-1.0,STOP,1,1,2.9595206065794324,0.3118503118503063,False
POWERGRID,2023-08-22,TRAIN,BULL,SUPPLY,DUAL (2-TF),2,False,False,False,True,True,10.0,85,-1.0,STOP,1,2,3.6720596255226337,0.0,False
POWERGRID,2023-08-29,TRAIN,BULL,SUPPLY,DUAL (2-TF),2,False,False,False,True,True,10.0,85,-1.0,STOP,1,4,4.142934228670782,1.1151747706696957,False
POWERGRID,2023-09-13,TRAIN,BULL,DEMAND,SINGLE (1-TF),1,False,False,False,False,True,8.5,78,2.0,T1,1,4,0.6385181776346144,6.971928209848138,True
POWERGRID,2023-09-28,TRAIN,BULL,SUPPLY,DUAL (2-TF),2,False,False,True,False,True,10.0,85,-1.0,STOP,1,12,5.183657544172572,2.4914999163926197,False
POWERGRID,2023-10-06,TRAIN,BULL,SUPPLY,DUAL (2-TF),2,False,False,False,True,True,10.0,85,-1.0,STOP,4,4,5.183657544172572,0.6800066885903789,False
POWERGRID,2023-10-13,TRAIN,BULL,DEMAND,SINGLE (1-TF),1,False,False,False,False,True,8.5,78,2.0,T1,8,8,0.8336597101773517,5.561461422257035,True
POWERGRID,2023-10-20,TRAIN,BULL,DEMAND,SINGLE (1-TF),1,False,False,False,False,True,8.5,78,-1.0,STOP,1,2,2.5853605323442834,1.0581433402421716,False
POWERGRID,2023-10-30,TRAIN,BULL,SUPPLY,SINGLE (1-TF),1,False,False,False,False,True,8.5,78,-1.0,STOP,5,3,2.7415852334419175,0.4451682953311581,False
POWERGRID,2023-11-06,TRAIN,BULL,SUPPLY,SINGLE (1-TF),1,False,False,False,False,True,8.5,78,-1.0,STOP,1,1,3.7704737825656887,0.0,False
POWERGRID,2023-11-21,TRAIN,BULL,SUPPLY,SINGLE (1-TF),1,False,False,False,False,True,8.5,78,-1.0,STOP,1,1,2.230696896875985,0.005224114512585365,False
POWERGRID,2023-11-29,TRAIN,BULL,DEMAND,SINGLE (1-TF),1,False,False,False,False,True,8.5,78,5.0,T3,1,4,0.8329453153292903,7.739665787159196,True
POWERGRID,2023-12-21,TRAIN,BULL,SUPPLY,SINGLE (1-TF),1,False,False,False,False,True,8.5,78,-1.0,STOP,3,2,2.1081830790568667,1.6782246879334366,False
POWERGRID,2023-12-29,TRAIN,BULL,DEMAND,SINGLE (1-TF),1,False,False,False,False,True,8.5,78,2.0,T1,1,19,3.787108110607601,8.531397392028122,True
POWERGRID,2024-01-05,TRAIN,BULL,SUPPLY,SINGLE (1-TF),1,False,False,False,False,True,8.5,78,-1.0,STOP,1,1,3.091747727999274,0.0,False
POWERGRID,2024-01-12,TRAIN,BULL,DEMAND,DUAL (2-TF),2,False,False,False,True,True,10.0,85,-1.0,STOP,2,3,4.638159402355748,2.259498602135756,False
POWERGRID,2024-01-19,TRAIN,BULL,SUPPLY,SINGLE (1-TF),1,False,False,False,False,True,8.5,78,-1.0,STOP,2,1,2.7477742125005573,2.246124644099968,False
POWERGRID,2024-02-14,TRAIN,BULL,SUPPLY,SINGLE (1-TF),1,False,False,False,False,True,8.5,78,-1.0,STOP,1,4,8.408890315333402,1.4041563026558614,False
POWERGRID,2024-02-21,TRAIN,BULL,SUPPLY,SINGLE (1-TF),1,False,False,False,False,True,8.5,78,-1.0,STOP,1,3,8.065602345204615,0.0,False
POWERGRID,2024-02-28,TRAIN,BULL,SUPPLY,SINGLE (1-TF),1,False,False,False,False,True,8.5,78,-1.0,STOP,1,3,6.698913585934196,1.4204000153556713,False
POWERGRID,2024-03-06,TRAIN,BULL,DEMAND,SINGLE (1-TF),1,False,False,False,False,True,8.5,78,-1.0,STOP,1,4,9.003119893032242,3.892437973555199,False
POWERGRID,2024-03-14,TRAIN,BULL,SUPPLY,SINGLE (1-TF),1,False,False,False,False,True,8.5,78,-1.0,STOP,2,12,5.401689255549008,5.275977214692597,False
POWERGRID,2024-03-21,TRAIN,BULL,SUPPLY,SINGLE (1-TF),1,False,False,False,False,True,8.5,78,-1.0,STOP,1,8,5.401689255549008,2.1724612060498925,False
POWERGRID,2024-04-01,TRAIN,BULL,SUPPLY,SINGLE (1-TF),1,False,False,False,False,True,8.5,78,-1.0,STOP,4,13,3.368089415647745,5.791013427349785,False
POWERGRID,2024-04-08,TRAIN,BULL,DEMAND,DUAL (2-TF),2,False,False,False,True,True,10.0,85,2.0,T1,5,2,0.9581641102480212,6.97527700011829,True
POWERGRID,2024-04-16,TRAIN,BULL,SUPPLY,SINGLE (1-TF),1,False,False,False,False,True,8.5,78,-1.0,STOP,2,3,3.537762851581895,1.8929130252261113,False
POWERGRID,2024-04-24,TRAIN,BULL,SUPPLY,SINGLE (1-TF),1,False,False,False,False,True,8.5,78,-1.0,STOP,1,1,5.178796321031962,0.0,False
POWERGRID,2024-05-02,TRAIN,BULL,DEMAND,SINGLE (1-TF),1,False,False,False,False,True,8.5,78,2.0,T1,4,9,0.8993979836077529,11.13367665191847,True
POWERGRID,2024-05-09,TRAIN,BULL,SUPPLY,SINGLE (1-TF),1,False,False,False,False,True,8.5,78,-1.0,STOP,3,5,6.7140270232622825,3.0157403538097314,False
POWERGRID,2024-05-16,TRAIN,BULL,DEMAND,SINGLE (1-TF),1,False,False,False,False,True,8.5,78,2.0,T1,1,11,1.0407239819004555,13.581621997911583,True
POWERGRID,2024-05-24,TRAIN,BULL,DEMAND,SINGLE (1-TF),1,False,False,False,False,True,8.5,78,2.0,T1,2,5,3.522345515626589,10.733312972954629,True
POWERGRID,2024-05-31,TRAIN,BULL,DEMAND,SINGLE (1-TF),1,False,False,False,False,True,8.5,78,2.0,T1,1,1,2.921714343886801,10.733312972954629,True
POWERGRID,2024-06-10,TRAIN,BULL,SUPPLY,DUAL (2-TF),2,False,False,False,True,True,10.0,85,-1.0,STOP,1,2,5.821550800290398,0.0,False
POWERGRID,2024-06-18,TRAIN,BULL,SUPPLY,DUAL (2-TF),2,False,False,False,True,True,10.0,85,-1.0,STOP,1,1,4.67314694191135,0.0,False
POWERGRID,2024-06-25,TRAIN,BULL,SUPPLY,SINGLE (1-TF),1,False,False,False,False,True,8.5,78,-1.0,STOP,1,3,4.765381296873968,0.0,False
POWERGRID,2024-07-02,TRAIN,BULL,SUPPLY,SINGLE (1-TF),1,False,False,False,False,True,8.5,78,-1.0,STOP,1,1,4.269603465952299,0.0,False
POWERGRID,2024-07-09,TRAIN,BULL,DEMAND,DUAL (2-TF),2,False,False,False,True,True,10.0,85,-1.0,STOP,2,8,4.718117826114527,3.4846851417337845,False
POWERGRID,2024-07-16,TRAIN,BULL,SUPPLY,SINGLE (1-TF),1,False,False,False,False,True,8.5,78,2.0,T1,1,3,1.1651453316302716,3.9347020156391146,True
POWERGRID,2024-07-24,TRAIN,BULL,DEMAND,SINGLE (1-TF),1,False,False,False,False,True,8.5,78,2.0,T1,1,6,2.722180261832823,6.759818731117831,True
POWERGRID,2024-07-31,TRAIN,BULL,DEMAND,DUAL (2-TF),2,False,False,False,True,True,10.0,85,-1.0,STOP,5,22,3.4627128781439858,4.5802247615450025,False
POWERGRID,2024-08-07,TRAIN,BULL,DEMAND,DUAL (2-TF),2,False,False,False,True,True,10.0,85,-1.0,STOP,1,3,2.5130408100644366,1.9392451672292268,False
POWERGRID,2024-08-14,TRAIN,BULL,SUPPLY,SINGLE (1-TF),1,False,False,False,False,True,8.5,78,2.0,T1,3,14,0.0865105357473808,5.249335722671942,True
POWERGRID,2024-08-22,TRAIN,BULL,SUPPLY,SINGLE (1-TF),1,False,False,False,False,True,8.5,78,-1.0,STOP,1,2,2.552351855387939,0.7510661320094245,False
POWERGRID,2024-08-29,TRAIN,BULL,SUPPLY,SINGLE (1-TF),1,False,False,False,False,True,8.5,78,-1.0,STOP,2,17,4.324681869724064,3.8333123346352576,False
POWERGRID,2024-09-05,TRAIN,BULL,SUPPLY,SINGLE (1-TF),1,False,False,False,False,True,8.5,78,-1.0,STOP,4,8,2.372591819303407,2.3884090980987667,False
POWERGRID,2024-09-12,TRAIN,BULL,DEMAND,SINGLE (1-TF),1,False,False,False,False,True,8.5,78,-1.0,STOP,17,11,2.2804980323850055,3.4868718147216313,False
POWERGRID,2024-09-19,TRAIN,BULL,DEMAND,DUAL (2-TF),2,False,False,False,True,True,10.0,85,2.0,T1,1,4,1.1261402956904638,8.713431896822915,True
POWERGRID,2024-09-26,TRAIN,BULL,SUPPLY,SINGLE (1-TF),1,False,False,False,False,True,8.5,78,-1.0,STOP,1,1,3.113154045906339,0.4775691729098785,False
POWERGRID,2024-10-04,TRAIN,BULL,DEMAND,DUAL (2-TF),2,False,False,False,True,True,10.0,85,-1.0,STOP,1,1,7.156913202748928,0.0,False
POWERGRID,2024-10-18,TRAIN,BULL,SUPPLY,DUAL (2-TF),2,False,False,False,True,True,10.0,85,-1.0,STOP,1,2,1.7574297188755108,2.6666666666666705,False
POWERGRID,2024-10-25,TRAIN,BULL,SUPPLY,SINGLE (1-TF),1,False,False,False,False,True,8.5,78,2.0,T1,12,2,0.8032128514056224,5.169477911646578,True
POWERGRID,2024-11-01,TRAIN,BULL,DEMAND,SINGLE (1-TF),1,False,False,False,False,True,8.5,78,-1.0,STOP,2,4,3.0164807724321627,2.0109871816214295,False
POWERGRID,2024-11-08,TRAIN,SIDEWAYS,DEMAND,DUAL (2-TF),2,False,False,False,True,True,10.0,85,-1.0,STOP,1,34,4.884897959183667,7.951020408163273,False
POWERGRID,2024-11-18,TRAIN,SIDEWAYS,SUPPLY,DUAL (2-TF),2,False,False,False,True,True,10.0,85,-1.0,STOP,2,2,6.121510673234807,1.8489326765188818,False
POWERGRID,2024-11-26,TRAIN,BULL,SUPPLY,TRIPLE (3-TF),3,False,False,True,True,True,11.5,92,2.0,T1,1,20,3.15881653843747,7.574904609995629,True
POWERGRID,2024-12-10,TRAIN,BULL,DEMAND,SINGLE (1-TF),1,False,False,False,False,True,8.5,78,2.0,T1,1,4,0.9455888439619125,2.4674456366009743,True
POWERGRID,2024-12-17,TRAIN,BULL,SUPPLY,DUAL (2-TF),2,False,False,True,False,True,10.0,85,2.0,T1,1,3,2.377992413375422,4.319275764240845,True
POWERGRID,2024-12-24,TRAIN,SIDEWAYS,DEMAND,DUAL (2-TF),2,False,False,False,True,True,10.0,85,-1.0,STOP,1,1,5.263832788356741,0.0,False
POWERGRID,2025-01-01,TRAIN,SIDEWAYS,SUPPLY,DUAL (2-TF),2,False,False,False,True,True,10.0,85,2.0,T1,2,7,0.8582126644355262,9.055966069120924,True
POWERGRID,2025-01-15,TRAIN,BEAR,SUPPLY,SINGLE (1-TF),1,False,False,False,False,True,8.5,78,-1.0,STOP,1,3,3.0363243393990027,2.8689953287317915,False
POWERGRID,2025-01-22,TRAIN,BEAR,DEMAND,SINGLE (1-TF),1,False,False,False,False,True,8.5,78,-1.0,STOP,1,1,2.9761082723380765,0.0,False
POWERGRID,2025-01-29,TRAIN,BEAR,DEMAND,TRIPLE (3-TF),3,False,False,True,True,True,11.5,92,-1.0,STOP,1,9,8.565491494382416,2.9373437114781726,False
POWERGRID,2025-02-04,TRAIN,BEAR,DEMAND,TRIPLE (3-TF),3,False,False,True,True,True,11.5,92,-1.0,STOP,1,2,7.874071453837988,0.0,False
POWERGRID,2025-02-11,TRAIN,BEAR,DEMAND,TRIPLE (3-TF),3,False,False,True,True,True,11.5,92,-1.0,STOP,1,1,13.373014475398865,0.0,False
POWERGRID,2025-02-18,TRAIN,BEAR,SUPPLY,SINGLE (1-TF),1,False,False,False,False,True,8.5,78,-1.0,STOP,14,7,5.526518063028439,2.8478093774019975,False
POWERGRID,2025-02-25,TRAIN,BEAR,SUPPLY,SINGLE (1-TF),1,False,False,False,False,True,8.5,78,-1.0,STOP,6,3,4.378414495146007,2.6608497425618087,False
POWERGRID,2025-03-05,TRAIN,BEAR,SUPPLY,SINGLE (1-TF),1,False,False,False,False,True,8.5,78,-1.0,STOP,1,1,5.236623841274991,0.0,False
POWERGRID,2025-03-12,TRAIN,BEAR,DEMAND,TRIPLE (3-TF),3,False,False,True,True,True,11.5,92,2.0,T1,1,5,0.9006910474415689,6.599891295908068,True
POWERGRID,2025-03-20,TRAIN,BEAR,SUPPLY,DUAL (2-TF),2,False,False,False,True,True,10.0,85,-1.0,STOP,1,1,6.122213681783246,0.0,False
POWERGRID,2025-03-27,TRAIN,BEAR,DEMAND,SINGLE (1-TF),1,False,False,False,False,True,8.5,78,2.0,T1,7,2,0.2808783833077923,5.792660684321878,True
POWERGRID,2025-04-04,TRAIN,BEAR,SUPPLY,DUAL (2-TF),2,False,False,False,True,True,10.0,85,-1.0,STOP,1,3,4.120064320171511,2.315526174736472,False
POWERGRID,2025-04-23,TRAIN,SIDEWAYS,DEMAND,SINGLE (1-TF),1,False,False,False,False,True,8.5,78,-1.0,STOP,3,9,4.077267562328736,2.7170643673551216,False
POWERGRID,2025-04-30,TRAIN,SIDEWAYS,DEMAND,TRIPLE (3-TF),3,False,False,True,True,True,11.5,92,-1.0,STOP,1,6,5.30205549506747,1.4055231119469622,False
POWERGRID,2025-05-08,TRAIN,SIDEWAYS,DEMAND,SINGLE (1-TF),1,False,False,False,False,True,8.5,78,-1.0,STOP,1,1,2.9780617246391516,3.894128384545191,False
POWERGRID,2025-05-15,TRAIN,SIDEWAYS,SUPPLY,SINGLE (1-TF),1,False,False,False,False,True,8.5,78,2.0,T1,3,3,0.41096355670277473,5.756886186869541,True
POWERGRID,2025-05-22,TRAIN,BEAR,SUPPLY,SINGLE (1-TF),1,False,False,False,False,True,8.5,78,2.0,T1,3,1,0.5984133497469566,3.2451101080563567,True
POWERGRID,2025-05-29,TRAIN,BEAR,DEMAND,TRIPLE (3-TF),3,False,False,True,True,True,11.5,92,-1.0,STOP,1,11,4.7672227263209415,1.99274097857192,False
POWERGRID,2025-06-05,TRAIN,BEAR,SUPPLY,TRIPLE (3-TF),3,False,False,True,True,True,11.5,92,-1.0,STOP,1,1,2.308704777489242,0.06758919995731127,False
POWERGRID,2025-06-12,TRAIN,BEAR,DEMAND,DUAL (2-TF),2,False,False,False,True,True,10.0,85,-1.0,STOP,1,1,4.733975701717638,0.0,False
POWERGRID,2025-06-19,TRAIN,BEAR,DEMAND,SINGLE (1-TF),1,False,False,False,False,True,8.5,78,-1.0,STOP,1,1,3.421853679017539,0.0,False
POWERGRID,2025-06-26,TRAIN,SIDEWAYS,SUPPLY,DUAL (2-TF),2,False,False,True,False,True,10.0,85,-1.0,STOP,1,1,3.6006546644844533,0.17078203942219392,False
POWERGRID,2025-07-03,TRAIN,SIDEWAYS,SUPPLY,DUAL (2-TF),2,False,False,True,False,True,10.0,85,-1.0,STOP,5,1,0.9331634585585825,1.167315175097291,False
POWERGRID,2025-07-10,TRAIN,SIDEWAYS,DEMAND,SINGLE (1-TF),1,False,False,False,False,True,8.5,78,-1.0,STOP,5,9,2.062539261534175,1.8915334682766658,False
POWERGRID,2025-07-17,TRAIN,SIDEWAYS,DEMAND,SINGLE (1-TF),1,False,False,False,False,True,8.5,78,-1.0,STOP,1,8,2.062539261534175,1.8915334682766658,False
POWERGRID,2025-07-24,TRAIN,SIDEWAYS,DEMAND,SINGLE (1-TF),1,False,False,False,False,True,8.5,78,-1.0,STOP,1,1,1.891195319030373,1.633463360267483,False
POWERGRID,2025-07-31,TRAIN,SIDEWAYS,DEMAND,SINGLE (1-TF),1,False,False,False,False,True,8.5,78,-1.0,STOP,1,1,2.4154760220681792,0.7886546894893259,False
POWERGRID,2025-08-07,TRAIN,BEAR,SUPPLY,TRIPLE (3-TF),3,False,False,True,True,True,11.5,92,2.0,T1,7,6,0.03545722086303682,3.82583413112079,True
POWERGRID,2025-08-14,TRAIN,SIDEWAYS,SUPPLY,TRIPLE (3-TF),3,False,False,True,True,True,11.5,92,-1.0,STOP,1,27,3.4338328218089873,4.397905759162306,False
POWERGRID,2025-08-22,TRAIN,BEAR,SUPPLY,DUAL (2-TF),2,False,False,True,False,True,10.0,85,2.0,T1,8,1,0.32817293286723836,2.550474423913811,True
POWERGRID,2025-09-01,VALIDATION,BEAR,SUPPLY,DUAL (2-TF),2,False,False,False,True,True,10.0,85,-1.0,STOP,1,1,2.858087505969667,1.392307409720423,False
POWERGRID,2025-09-08,VALIDATION,BEAR,SUPPLY,TRIPLE (3-TF),3,False,False,True,True,True,11.5,92,-1.0,STOP,1,12,2.9727883820410446,1.5205435134260823,False
POWERGRID,2025-09-15,VALIDATION,SIDEWAYS,DEMAND,DUAL (2-TF),2,False,False,False,True,True,10.0,85,-1.0,STOP,9,1,1.614417798324173,3.564721178850045,False
POWERGRID,2025-09-22,VALIDATION,SIDEWAYS,DEMAND,DUAL (2-TF),2,False,False,False,True,True,10.0,85,-1.0,STOP,1,3,1.867928556180175,2.0244787589838458,False
POWERGRID,2025-09-29,VALIDATION,BEAR,SUPPLY,DUAL (2-TF),2,False,False,True,False,True,10.0,85,-1.0,STOP,4,17,3.0393942640808564,2.3786563805850296,False
POWERGRID,2025-10-07,VALIDATION,SIDEWAYS,DEMAND,DUAL (2-TF),2,False,False,False,True,True,10.0,85,-1.0,STOP,20,1,3.9666276346604126,1.4051522248243677,False
POWERGRID,2025-10-14,VALIDATION,SIDEWAYS,DEMAND,DUAL (2-TF),2,False,False,False,True,True,10.0,85,-1.0,STOP,1,14,2.8136117000251684,3.668834668870595,False
POWERGRID,2025-10-21,VALIDATION,SIDEWAYS,DEMAND,DUAL (2-TF),2,False,False,False,True,True,10.0,85,2.0,T1,3,3,0.32904148783977677,3.1831187410586472,True
POWERGRID,2025-10-29,VALIDATION,SIDEWAYS,DEMAND,DUAL (2-TF),2,False,False,False,True,True,10.0,85,-1.0,STOP,3,2,3.2689556509299154,1.5665236051502127,False
POWERGRID,2025-11-20,VALIDATION,SIDEWAYS,DEMAND,SINGLE (1-TF),1,False,False,False,False,True,8.5,78,-1.0,STOP,8,6,2.266832073982171,1.2856659524078102,False
POWERGRID,2025-11-27,VALIDATION,SIDEWAYS,DEMAND,DUAL (2-TF),2,False,False,False,True,True,10.0,85,-1.0,STOP,3,6,2.266832073982171,1.2856659524078102,False
POWERGRID,2025-12-04,VALIDATION,BEAR,SUPPLY,TRIPLE (3-TF),3,False,False,True,True,True,11.5,92,2.0,T1,1,33,1.2436785914965325,6.630455141412246,True
POWERGRID,2025-12-11,VALIDATION,BEAR,SUPPLY,DUAL (2-TF),2,False,False,False,True,True,10.0,85,-1.0,STOP,9,9,1.9040796320036024,3.4461956111907255,False
POWERGRID,2025-12-18,VALIDATION,BEAR,SUPPLY,DUAL (2-TF),2,False,False,False,True,True,10.0,85,-1.0,STOP,4,9,1.9040796320036024,3.4461956111907255,False
POWERGRID,2025-12-26,VALIDATION,BEAR,DEMAND,DUAL (2-TF),2,False,True,False,False,True,10.0,85,-1.0,STOP,2,10,3.473688250873214,3.7385329904425633,False
POWERGRID,2026-01-02,VALIDATION,BEAR,DEMAND,TRIPLE (3-TF),3,False,True,False,True,True,11.5,92,-1.0,STOP,5,1,1.573059892798875,1.8993241668608885,False
POWERGRID,2026-01-09,VALIDATION,BEAR,SUPPLY,SINGLE (1-TF),1,False,False,False,False,True,8.5,78,-1.0,STOP,16,1,9.773807260976993,0.0,False
POWERGRID,2026-01-16,VALIDATION,BEAR,SUPPLY,DUAL (2-TF),2,False,False,False,True,True,10.0,85,-1.0,STOP,11,1,10.564000459470831,0.0,False
POWERGRID,2026-01-23,VALIDATION,BEAR,DEMAND,TRIPLE (3-TF),3,False,True,True,False,True,11.5,92,-1.0,STOP,1,1,2.1743396522626446,0.8909297853133994,False
POWERGRID,2026-02-10,VALIDATION,BULL,SUPPLY,ATZ (4-TF),4,True,True,True,True,True,13.0,100,-1.0,STOP,1,1,4.994885181135126,0.0,False
POWERGRID,2026-02-17,VALIDATION,BULL,SUPPLY,TRIPLE (3-TF),3,False,True,True,False,True,11.5,92,-1.0,STOP,1,1,2.8411024157876907,0.0,False
POWERGRID,2026-02-24,VALIDATION,BULL,SUPPLY,ATZ (4-TF),4,True,True,True,True,True,13.0,100,-1.0,STOP,1,1,4.090833194189347,0.0,False
POWERGRID,2026-03-04,TEST_OOS,BULL,SUPPLY,TRIPLE (3-TF),3,False,True,True,False,True,11.5,92,-1.0,STOP,7,20,3.3470733718054335,6.512778235779059,False
POWERGRID,2026-03-11,TEST_OOS,BULL,DEMAND,DUAL (2-TF),2,False,False,False,True,True,10.0,85,-1.0,STOP,1,11,3.217202867144517,3.1838639773295587,False
POWERGRID,2026-03-18,TEST_OOS,BULL,SUPPLY,TRIPLE (3-TF),3,False,True,True,False,True,11.5,92,-1.0,STOP,1,4,4.462474645030421,1.1494252873563333,False
POWERGRID,2026-03-25,TEST_OOS,BULL,SUPPLY,TRIPLE (3-TF),3,False,True,True,False,True,11.5,92,-1.0,STOP,1,11,5.949966193373889,4.1582150101419915,False
POWERGRID,2026-04-06,TEST_OOS,BULL,SUPPLY,TRIPLE (3-TF),3,False,True,True,False,True,11.5,92,-1.0,STOP,1,2,3.321349084060944,1.6264338298236602,False
POWERGRID,2026-04-13,TEST_OOS,BULL,DEMAND,DUAL (2-TF),2,False,False,False,True,True,10.0,85,-1.0,STOP,25,11,5.675080467558869,3.167880738607496,False
POWERGRID,2026-04-21,TEST_OOS,BULL,DEMAND,SINGLE (1-TF),1,False,False,False,False,True,8.5,78,-1.0,STOP,4,13,6.1428571428571495,3.1587301587301555,False
POWERGRID,2026-04-28,TEST_OOS,BULL,DEMAND,SINGLE (1-TF),1,False,False,False,False,True,8.5,78,-1.0,STOP,5,7,6.1428571428571495,2.825396825396818,False
POWERGRID,2026-05-05,TEST_OOS,BULL,SUPPLY,ATZ (4-TF),4,True,True,True,True,True,13.0,100,2.0,T1,1,6,1.10062893081761,7.02830188679246,True
POWERGRID,2026-05-19,TEST_OOS,BULL,SUPPLY,TRIPLE (3-TF),3,False,True,True,False,True,11.5,92,2.0,T1,3,8,0.9950248756218906,7.661691542288565,True
POWERGRID,2026-05-26,TEST_OOS,BULL,SUPPLY,TRIPLE (3-TF),3,False,True,True,False,True,11.5,92,2.0,T1,2,2,1.1517275913870768,4.7070605908863365,True
POWERGRID,2026-06-16,TEST_OOS,SIDEWAYS,SUPPLY,TRIPLE (3-TF),3,False,True,True,False,True,11.5,92,-1.0,STOP,2,2,2.180359323216466,1.1861154718297497,False
POWERGRID,2026-06-23,TEST_OOS,SIDEWAYS,DEMAND,DUAL (2-TF),2,False,False,False,True,True,10.0,85,-1.0,STOP,3,9,3.2906130931763076,1.143055074471774,False
POWERGRID,2026-06-30,TEST_OOS,SIDEWAYS,SUPPLY,TRIPLE (3-TF),3,False,True,True,False,True,11.5,92,2.0,T1,4,3,0.37813681677553207,4.022000687521481,True
POWERGRID,2026-07-07,TEST_OOS,SIDEWAYS,SUPPLY,TRIPLE (3-TF),3,False,True,True,False,True,11.5,92,3.5,T2,13,10,1.100034376074268,7.304915778618081,True
POWERGRID,2026-07-14,TEST_OOS,SIDEWAYS,SUPPLY,TRIPLE (3-TF),3,False,True,True,False,True,11.5,92,-1.0,STOP,1,4,1.8287321962370275,1.916652013363828,False
POWERGRID,2026-07-21,TEST_OOS,SIDEWAYS,DEMAND,DUAL (2-TF),2,False,False,False,True,True,10.0,85,-1.0,STOP,13,1,4.416740872662503,0.08904719501335707,False
POWERGRID,2026-07-28,TEST_OOS,SIDEWAYS,DEMAND,DUAL (2-TF),2,False,False,False,True,True,10.0,85,-1.0,STOP,1,1,2.8517110266159693,0.0,False
POWERGRID,2026-08-04,TEST_OOS,SIDEWAYS,DEMAND,DUAL (2-TF),2,False,False,False,True,True,10.0,85,-1.0,STOP,1,2,5.052816901408459,3.556338028169022,False
POWERGRID,2026-08-11,TEST_OOS,BEAR,DEMAND,ATZ (4-TF),4,True,True,True,True,True,13.0,100,-1.0,STOP,1,1,4.807864164432525,0.0,False
POWERGRID,2026-08-18,TEST_OOS,BEAR,SUPPLY,DUAL (2-TF),2,False,False,False,True,True,10.0,85,-1.0,STOP,1,3,2.985631647695466,2.2019033401753974,False
COALINDIA,2022-06-16,TRAIN,BEAR,DEMAND,SINGLE (1-TF),1,False,False,False,False,True,8.5,78,-1.0,STOP,1,1,8.922840798102408,0.0,False
COALINDIA,2022-06-23,TRAIN,BEAR,DEMAND,SINGLE (1-TF),1,False,False,False,False,True,8.5,78,2.0,T1,1,18,3.8992382532619363,9.729240515876013,True
COALINDIA,2022-06-30,TRAIN,SIDEWAYS,SUPPLY,SINGLE (1-TF),1,False,False,False,False,True,8.5,78,-1.0,STOP,1,7,7.941467875924081,1.890099839951237,False
COALINDIA,2022-07-07,TRAIN,SIDEWAYS,DEMAND,SINGLE (1-TF),1,False,False,False,False,True,8.5,78,2.0,T1,1,8,0.33157498116051076,9.638281838734002,True
COALINDIA,2022-07-14,TRAIN,SIDEWAYS,DEMAND,SINGLE (1-TF),1,False,False,False,False,True,8.5,78,2.0,T1,2,10,0.20961329960245179,11.933501987712338,True
COALINDIA,2022-07-21,TRAIN,BULL,DEMAND,SINGLE (1-TF),1,False,False,False,False,True,8.5,78,2.0,T1,3,4,0.5119932669378722,8.612708654790294,True
COALINDIA,2022-08-04,TRAIN,BULL,SUPPLY,SINGLE (1-TF),1,False,False,False,False,True,8.5,78,-1.0,STOP,1,1,5.592127587377,0.0,False
COALINDIA,2022-08-12,TRAIN,BULL,DEMAND,SINGLE (1-TF),1,False,False,False,False,True,8.5,78,2.0,T1,32,5,2.171836188777783,10.184064709254194,True
COALINDIA,2022-08-22,TRAIN,BULL,SUPPLY,SINGLE (1-TF),1,False,False,False,False,True,8.5,78,-1.0,STOP,2,1,1.3963088878096233,2.822972316658576,False
COALINDIA,2022-08-29,TRAIN,BULL,DEMAND,SINGLE (1-TF),1,False,False,False,False,True,8.5,78,-1.0,STOP,1,21,7.567955933421155,6.412405699916166,False
COALINDIA,2022-09-06,TRAIN,BULL,SUPPLY,SINGLE (1-TF),1,False,False,False,False,True,8.5,78,-1.0,STOP,1,1,3.234092235843544,0.3444249854057229,False
COALINDIA,2022-09-13,TRAIN,BULL,SUPPLY,SINGLE (1-TF),1,False,False,False,False,True,8.5,78,2.0,T1,1,9,1.010746442056335,8.77722916061575,True
COALINDIA,2022-09-20,TRAIN,BULL,SUPPLY,DUAL (2-TF),2,False,False,False,True,True,10.0,85,2.0,T1,1,2,0.3018692673865147,3.2567049808429034,True
COALINDIA,2022-09-27,TRAIN,BULL,DEMAND,DUAL (2-TF),2,False,False,False,True,True,10.0,85,-1.0,STOP,1,1,4.307940246699323,0.6384429430360138,False
COALINDIA,2022-10-04,TRAIN,BULL,DEMAND,DUAL (2-TF),2,False,False,False,True,True,10.0,85,2.0,T1,1,1,0.09297712762660737,7.233620529349771,True
COALINDIA,2022-10-12,TRAIN,BULL,DEMAND,DUAL (2-TF),2,False,False,False,True,True,10.0,85,2.0,T1,1,18,3.1999535396945182,13.043730762529767,True
COALINDIA,2022-10-19,TRAIN,BULL,SUPPLY,DUAL (2-TF),2,False,False,False,True,True,10.0,85,-1.0,STOP,1,1,2.3189561848327855,1.6409321406187658,False
COALINDIA,2022-10-27,TRAIN,BULL,SUPPLY,DUAL (2-TF),2,False,False,False,True,True,10.0,85,-1.0,STOP,1,1,4.562064634007085,0.0,False
COALINDIA,2022-11-03,TRAIN,BULL,SUPPLY,SINGLE (1-TF),1,False,False,False,False,True,8.5,78,-1.0,STOP,1,1,4.9389060180427125,0.0,False
COALINDIA,2022-11-25,TRAIN,BULL,SUPPLY,DUAL (2-TF),2,False,False,False,True,True,10.0,85,2.0,T1,1,15,0.8805513016845248,3.9159921242616478,True
COALINDIA,2022-12-02,TRAIN,BULL,SUPPLY,DUAL (2-TF),2,False,False,False,True,True,10.0,85,2.0,T1,2,13,2.0018802189901983,4.672897196261691,True
COALINDIA,2022-12-09,TRAIN,BULL,SUPPLY,DUAL (2-TF),2,False,False,False,True,True,10.0,85,-1.0,STOP,1,1,0.8834019204389649,1.662551440329219,False
COALINDIA,2022-12-16,TRAIN,BULL,SUPPLY,DUAL (2-TF),2,False,False,False,True,True,10.0,85,2.0,T1,1,5,0.6790982465905921,6.195379905371553,True
COALINDIA,2022-12-23,TRAIN,BULL,DEMAND,SINGLE (1-TF),1,False,False,False,False,True,8.5,78,-1.0,STOP,1,1,6.054186642881026,0.0,False
COALINDIA,2022-12-30,TRAIN,BULL,DEMAND,SINGLE (1-TF),1,False,False,False,False,True,8.5,78,-1.0,STOP,4,2,4.505897171647775,1.1221802358868704,False
COALINDIA,2023-01-06,TRAIN,BULL,SUPPLY,SINGLE (1-TF),1,False,False,False,False,True,8.5,78,-1.0,STOP,10,1,2.297090352220527,3.9929669332425797,False
COALINDIA,2023-01-13,TRAIN,BULL,SUPPLY,DUAL (2-TF),2,False,False,False,True,True,10.0,85,-1.0,STOP,1,4,4.5580845403488075,1.814957138634344,False
COALINDIA,2023-01-20,TRAIN,BULL,SUPPLY,DUAL (2-TF),2,False,False,False,True,True,10.0,85,-1.0,STOP,1,1,6.273084364190665,0.0,False
COALINDIA,2023-01-30,TRAIN,BULL,SUPPLY,SINGLE (1-TF),1,False,False,False,False,True,8.5,78,-1.0,STOP,23,1,1.5297324358903042,2.5476998386827683,False
COALINDIA,2023-02-07,TRAIN,BULL,SUPPLY,SINGLE (1-TF),1,False,False,False,False,True,8.5,78,-1.0,STOP,18,1,3.1769361221028856,0.9666478236291736,False
COALINDIA,2023-02-14,TRAIN,BULL,SUPPLY,SINGLE (1-TF),1,False,False,False,False,True,8.5,78,-1.0,STOP,3,1,1.723240617590927,0.6765743364367176,False
COALINDIA,2023-02-21,TRAIN,BULL,DEMAND,DUAL (2-TF),2,False,False,False,True,True,10.0,85,-1.0,STOP,1,22,3.455226029369421,5.338324215375745,False
COALINDIA,2023-02-28,TRAIN,BULL,DEMAND,DUAL (2-TF),2,False,False,False,True,True,10.0,85,2.0,T1,1,2,1.1912334470595052,4.614583935696519,True
COALINDIA,2023-03-08,TRAIN,BULL,DEMAND,SINGLE (1-TF),1,False,False,False,False,True,8.5,78,-1.0,STOP,7,6,4.91180307413079,3.2953320855311676,False
COALINDIA,2023-03-15,TRAIN,BULL,SUPPLY,SINGLE (1-TF),1,False,False,False,False,True,8.5,78,2.0,T1,1,6,1.3466889259877663,4.730105731775181,True
COALINDIA,2023-03-22,TRAIN,BULL,SUPPLY,SINGLE (1-TF),1,False,False,False,False,True,8.5,78,-1.0,STOP,9,4,2.8659389868457903,0.6101315421214684,False
COALINDIA,2023-03-29,TRAIN,SIDEWAYS,SUPPLY,SINGLE (1-TF),1,False,False,False,False,True,8.5,78,-1.0,STOP,1,2,3.614668218859127,2.2293364377182843,False
COALINDIA,2023-04-25,TRAIN,BULL,SUPPLY,DUAL (2-TF),2,False,False,False,True,True,10.0,85,-1.0,STOP,1,3,2.242515940775968,0.6970712201448136,False
COALINDIA,2023-05-03,TRAIN,BULL,DEMAND,DUAL (2-TF),2,False,False,False,True,True,10.0,85,2.0,T1,4,1,0.0,3.8245765454741636,True
COALINDIA,2023-05-10,TRAIN,BULL,DEMAND,DUAL (2-TF),2,False,False,False,True,True,10.0,85,-1.0,STOP,17,3,2.7251437087502683,0.12774111134767355,False
COALINDIA,2023-05-17,TRAIN,BULL,DEMAND,DUAL (2-TF),2,False,False,False,True,True,10.0,85,-1.0,STOP,12,1,3.4096879268677154,0.0,False
COALINDIA,2023-05-24,TRAIN,BULL,SUPPLY,SINGLE (1-TF),1,False,False,False,False,True,8.5,78,-1.0,STOP,1,3,2.7804953400957753,1.2666700993769673,False
COALINDIA,2023-05-31,TRAIN,BULL,DEMAND,SINGLE (1-TF),1,False,False,False,False,True,8.5,78,-1.0,STOP,1,1,5.111739018751614,2.6509118931415343,False
COALINDIA,2023-06-07,TRAIN,BULL,DEMAND,DUAL (2-TF),2,False,False,False,True,True,10.0,85,-1.0,STOP,1,1,2.3365978284011,0.0,False
COALINDIA,2023-06-14,TRAIN,BULL,SUPPLY,DUAL (2-TF),2,False,False,False,True,True,10.0,85,-1.0,STOP,1,12,2.474843622518364,2.1267337503399495,False
COALINDIA,2023-06-21,TRAIN,BULL,SUPPLY,DUAL (2-TF),2,False,False,False,True,True,10.0,85,2.0,T1,1,3,0.48324917196069656,2.2967910083075367,True
COALINDIA,2023-06-28,TRAIN,SIDEWAYS,SUPPLY,DUAL (2-TF),2,False,False,False,True,True,10.0,85,-1.0,STOP,1,1,2.411028119507901,0.7743848857645128,False
COALINDIA,2023-07-06,TRAIN,BULL,DEMAND,DUAL (2-TF),2,False,False,False,True,True,10.0,85,2.0,T1,17,3,0.1801605066331736,4.0672599224763974,True
COALINDIA,2023-07-13,TRAIN,BULL,DEMAND,DUAL (2-TF),2,False,False,False,True,True,10.0,85,-1.0,STOP,1,3,1.830541133650921,1.5093935663437312,False
COALINDIA,2023-07-20,TRAIN,SIDEWAYS,SUPPLY,SINGLE (1-TF),1,False,False,False,False,True,8.5,78,-1.0,STOP,9,20,2.990525591488914,2.1754088815963657,False
COALINDIA,2023-07-27,TRAIN,SIDEWAYS,SUPPLY,SINGLE (1-TF),1,False,False,False,False,True,8.5,78,-1.0,STOP,1,3,2.6600931845270326,0.9426806804637604,False
COALINDIA,2023-08-07,TRAIN,BULL,SUPPLY,SINGLE (1-TF),1,False,False,False,False,True,8.5,78,-1.0,STOP,1,1,3.033257501895783,0.0,False
COALINDIA,2023-08-14,TRAIN,BULL,SUPPLY,SINGLE (1-TF),1,False,False,False,False,True,8.5,78,-1.0,STOP,1,1,3.1199220019499463,0.0,False
COALINDIA,2023-08-22,TRAIN,BULL,SUPPLY,DUAL (2-TF),2,False,False,False,True,True,10.0,85,-1.0,STOP,1,2,1.901303140354626,0.0,False
COALINDIA,2023-08-29,TRAIN,BULL,SUPPLY,DUAL (2-TF),2,False,False,False,True,True,10.0,85,-1.0,STOP,1,3,3.4944949736716246,0.3670017552257847,False
COALINDIA,2023-09-21,TRAIN,BULL,SUPPLY,SINGLE (1-TF),1,False,False,False,False,True,8.5,78,-1.0,STOP,1,1,2.8150544214713453,0.1223936704987547,False
COALINDIA,2023-09-28,TRAIN,BULL,SUPPLY,SINGLE (1-TF),1,False,False,False,False,True,8.5,78,-1.0,STOP,1,1,6.438947781703974,0.0,False
COALINDIA,2023-10-06,TRAIN,BULL,SUPPLY,SINGLE (1-TF),1,False,False,False,False,True,8.5,78,-1.0,STOP,3,1,4.48621553884711,1.4076858813700937,False
COALINDIA,2023-10-20,TRAIN,BULL,DEMAND,SINGLE (1-TF),1,False,False,False,False,True,8.5,78,-1.0,STOP,1,3,2.915429107394094,1.5046115366578172,False
COALINDIA,2023-10-30,TRAIN,BULL,SUPPLY,SINGLE (1-TF),1,False,False,False,False,True,8.5,78,-1.0,STOP,1,1,3.497450605481199,0.0,False
COALINDIA,2023-11-06,TRAIN,BULL,SUPPLY,SINGLE (1-TF),1,False,False,False,False,True,8.5,78,-1.0,STOP,1,1,1.6839327978892542,0.3996430372870948,False
COALINDIA,2023-11-22,TRAIN,BULL,SUPPLY,SINGLE (1-TF),1,False,False,False,False,True,8.5,78,-1.0,STOP,1,4,2.914377130138414,1.5580440982124288,False
COALINDIA,2023-12-14,TRAIN,BULL,SUPPLY,SINGLE (1-TF),1,False,False,False,False,True,8.5,78,-1.0,STOP,1,3,5.925532268243276,2.4778290762945425,False
COALINDIA,2023-12-22,TRAIN,BULL,SUPPLY,SINGLE (1-TF),1,False,False,False,False,True,8.5,78,-1.0,STOP,1,1,6.948589825279193,0.0,False
COALINDIA,2024-01-08,TRAIN,BULL,SUPPLY,SINGLE (1-TF),1,False,False,False,False,True,8.5,78,-1.0,STOP,1,12,7.839927239654375,4.304987115355479,False
COALINDIA,2024-01-15,TRAIN,BULL,SUPPLY,SINGLE (1-TF),1,False,False,False,False,True,8.5,78,2.0,T1,1,3,0.9496647349737711,4.229497254164264,True
COALINDIA,2024-01-24,TRAIN,BULL,SUPPLY,SINGLE (1-TF),1,False,False,False,False,True,8.5,78,-1.0,STOP,1,1,1.9140352473685813,2.6268692935359677,False
COALINDIA,2024-02-01,TRAIN,BULL,SUPPLY,SINGLE (1-TF),1,False,False,False,False,True,8.5,78,-1.0,STOP,1,1,7.6347882852140945,0.0,False
COALINDIA,2024-03-01,TRAIN,BULL,SUPPLY,DUAL (2-TF),2,False,False,False,True,True,10.0,85,-1.0,STOP,1,1,4.565549181622027,0.0,False
COALINDIA,2024-03-11,TRAIN,BULL,DEMAND,SINGLE (1-TF),1,False,False,False,False,True,8.5,78,-1.0,STOP,1,2,9.488256732132012,1.6349463454140463,False
COALINDIA,2024-03-19,TRAIN,BULL,SUPPLY,SINGLE (1-TF),1,False,False,False,False,True,8.5,78,-1.0,STOP,4,5,3.249097472924175,1.876725419409654,False
COALINDIA,2024-03-27,TRAIN,BULL,DEMAND,DUAL (2-TF),2,False,False,False,True,True,10.0,85,2.0,T1,1,33,0.3853616470841886,15.479141963996982,True
COALINDIA,2024-04-04,TRAIN,BULL,DEMAND,DUAL (2-TF),2,False,False,False,True,True,10.0,85,2.0,T1,10,5,1.3939039932030586,6.069456244689894,True
COALINDIA,2024-04-12,TRAIN,BULL,SUPPLY,SINGLE (1-TF),1,False,False,False,False,True,8.5,78,-1.0,STOP,1,1,3.585965273842036,1.4091400896491388,False
COALINDIA,2024-04-22,TRAIN,BULL,SUPPLY,SINGLE (1-TF),1,False,False,False,False,True,8.5,78,-1.0,STOP,4,1,2.5515966731697293,1.614642160386082,False
COALINDIA,2024-04-29,TRAIN,BULL,DEMAND,DUAL (2-TF),2,False,False,False,True,True,10.0,85,-1.0,STOP,7,2,2.06180212931706,5.372630485588158,False
COALINDIA,2024-05-08,TRAIN,BULL,DEMAND,DUAL (2-TF),2,False,False,False,True,True,10.0,85,-1.0,STOP,1,1,3.5392211194518644,3.027860345609346,False
COALINDIA,2024-05-15,TRAIN,BULL,SUPPLY,SINGLE (1-TF),1,False,False,False,False,True,8.5,78,-1.0,STOP,1,1,4.007672117908337,1.5748031496063015,False
COALINDIA,2024-05-30,TRAIN,BULL,SUPPLY,SINGLE (1-TF),1,False,False,False,False,True,8.5,78,5.0,T3,3,1,6.664335664335659,14.025641025641027,True
COALINDIA,2024-06-07,TRAIN,BULL,DEMAND,DUAL (2-TF),2,False,False,False,True,True,10.0,85,2.0,T1,1,23,1.8602941176470527,7.602941176470583,True
COALINDIA,2024-06-14,TRAIN,BULL,DEMAND,SINGLE (1-TF),1,False,False,False,False,True,8.5,78,-1.0,STOP,3,1,2.1664793514909495,1.9106147923192829,False
COALINDIA,2024-06-24,TRAIN,BULL,SUPPLY,SINGLE (1-TF),1,False,False,False,False,True,8.5,78,-1.0,STOP,9,2,1.4211307770262245,0.7659494237703566,False
COALINDIA,2024-07-01,TRAIN,BULL,SUPPLY,DUAL (2-TF),2,False,False,False,True,True,10.0,85,-1.0,STOP,1,5,4.708143750456207,0.5158276357088991,False
COALINDIA,2024-07-08,TRAIN,BULL,SUPPLY,DUAL (2-TF),2,False,False,False,True,True,10.0,85,-1.0,STOP,1,1,4.9100951361347,0.0,False
COALINDIA,2024-07-15,TRAIN,BULL,SUPPLY,SINGLE (1-TF),1,False,False,False,False,True,8.5,78,-1.0,STOP,1,1,5.2166183213249635,0.030410779451669187,False
COALINDIA,2024-07-23,TRAIN,BULL,SUPPLY,SINGLE (1-TF),1,False,False,False,False,True,8.5,78,-1.0,STOP,4,2,4.026279170563674,1.3869562241941702,False
COALINDIA,2024-07-30,TRAIN,BULL,SUPPLY,DUAL (2-TF),2,False,False,False,True,True,10.0,85,-1.0,STOP,1,1,4.026279170563674,0.0,False
COALINDIA,2024-08-06,TRAIN,BULL,DEMAND,DUAL (2-TF),2,False,False,True,False,True,10.0,85,-1.0,STOP,23,9,2.629430017965059,2.0228179463848157,False
COALINDIA,2024-08-13,TRAIN,BULL,SUPPLY,DUAL (2-TF),2,False,False,False,True,True,10.0,85,-1.0,STOP,1,5,6.481418420395471,1.7026493223455694,False
COALINDIA,2024-08-21,TRAIN,BULL,DEMAND,DUAL (2-TF),2,False,False,True,False,True,10.0,85,-1.0,STOP,11,2,6.0989463836232805,0.8887799879714007,False
COALINDIA,2024-08-28,TRAIN,BULL,DEMAND,DUAL (2-TF),2,False,False,False,True,True,10.0,85,-1.0,STOP,1,1,3.352922320760764,0.2906293407415351,False
COALINDIA,2024-09-11,TRAIN,BULL,SUPPLY,SINGLE (1-TF),1,False,False,False,False,True,8.5,78,2.0,T1,2,31,4.194985304922859,12.42422850844966,True
COALINDIA,2024-09-18,TRAIN,BULL,SUPPLY,SINGLE (1-TF),1,False,False,False,False,True,8.5,78,-1.0,STOP,1,3,3.182116412034864,2.2073296466398014,False
COALINDIA,2024-09-25,TRAIN,BULL,DEMAND,DUAL (2-TF),2,False,False,True,False,True,10.0,85,-1.0,STOP,8,11,4.837060108781554,2.3429873088187403,False
COALINDIA,2024-10-03,TRAIN,BULL,DEMAND,TRIPLE (3-TF),3,False,False,True,True,True,11.5,92,-1.0,STOP,1,1,2.4668273671405054,0.6623262519993688,False
COALINDIA,2024-10-10,TRAIN,BULL,DEMAND,DUAL (2-TF),2,False,False,True,False,True,10.0,85,-1.0,STOP,1,8,6.20403674769181,0.8728722307498459,False
COALINDIA,2024-10-17,TRAIN,BULL,DEMAND,DUAL (2-TF),2,False,False,True,False,True,10.0,85,-1.0,STOP,1,2,1.2983070636310572,1.7489784004670188,False
COALINDIA,2024-10-31,TRAIN,SIDEWAYS,DEMAND,TRIPLE (3-TF),3,False,False,True,True,True,11.5,92,-1.0,STOP,1,2,6.4632352941176485,0.0,False
COALINDIA,2024-11-07,TRAIN,BEAR,DEMAND,TRIPLE (3-TF),3,False,False,True,True,True,11.5,92,-1.0,STOP,1,2,5.518873800921897,0.0,False
COALINDIA,2024-11-14,TRAIN,BEAR,SUPPLY,SINGLE (1-TF),1,False,False,False,False,True,8.5,78,2.0,T1,3,21,1.402052165739799,8.195608469752745,True
COALINDIA,2024-11-25,TRAIN,BEAR,SUPPLY,DUAL (2-TF),2,False,False,False,True,True,10.0,85,-1.0,STOP,1,3,3.689662537377188,0.6167236223835973,False
COALINDIA,2024-12-02,TRAIN,BEAR,SUPPLY,DUAL (2-TF),2,False,False,False,True,True,10.0,85,2.0,T1,1,13,2.024835877560707,7.295209470326139,True
COALINDIA,2024-12-09,TRAIN,BEAR,DEMAND,DUAL (2-TF),2,False,False,True,False,True,10.0,85,-1.0,STOP,1,3,2.2334408204260687,1.091610720515952,False
COALINDIA,2024-12-23,TRAIN,BEAR,DEMAND,DUAL (2-TF),2,False,False,False,True,True,10.0,85,-1.0,STOP,1,3,7.068556645467275,0.0,False
COALINDIA,2024-12-31,TRAIN,BEAR,SUPPLY,DUAL (2-TF),2,False,False,False,True,True,10.0,85,-1.0,STOP,2,1,1.9539706049903196,1.0111655463142335,False
COALINDIA,2025-01-07,TRAIN,BEAR,DEMAND,DUAL (2-TF),2,False,False,False,True,True,10.0,85,-1.0,STOP,1,2,3.4753459588001023,0.025785749076019777,False
COALINDIA,2025-01-14,TRAIN,BEAR,SUPPLY,SINGLE (1-TF),1,False,False,False,False,True,8.5,78,-1.0,STOP,1,13,8.599151360493758,2.1334678496187047,False
COALINDIA,2025-01-21,TRAIN,BEAR,DEMAND,DUAL (2-TF),2,False,False,False,True,True,10.0,85,2.0,T1,2,7,2.9312648887339585,6.324443669746087,True
COALINDIA,2025-01-28,TRAIN,BEAR,DEMAND,DUAL (2-TF),2,False,False,False,True,True,10.0,85,-1.0,STOP,1,1,3.6061506505495777,0.9174047254998146,False
COALINDIA,2025-02-03,TRAIN,BEAR,DEMAND,DUAL (2-TF),2,False,False,False,True,True,10.0,85,-1.0,STOP,1,6,5.785336572816924,1.4892096612834012,False
COALINDIA,2025-02-10,TRAIN,BEAR,DEMAND,DUAL (2-TF),2,False,False,False,True,True,10.0,85,-1.0,STOP,1,1,5.298089354977733,0.6234736388449981,False
COALINDIA,2025-02-17,TRAIN,BEAR,SUPPLY,SINGLE (1-TF),1,False,False,False,False,True,8.5,78,-1.0,STOP,4,10,6.587341621910325,3.590397911041206,False
COALINDIA,2025-02-24,TRAIN,BEAR,DEMAND,SINGLE (1-TF),1,False,False,False,False,True,8.5,78,2.0,T1,1,7,2.7332056041192656,6.029218057717634,True
COALINDIA,2025-03-04,TRAIN,BEAR,DEMAND,TRIPLE (3-TF),3,False,False,True,True,True,11.5,92,2.0,T1,1,2,2.6763261884804206,6.029218057717634,True
COALINDIA,2025-03-11,TRAIN,BEAR,DEMAND,DUAL (2-TF),2,False,False,False,True,True,10.0,85,2.0,T1,1,7,0.07068594822252887,11.633728978293524,True
COALINDIA,2025-03-19,TRAIN,BEAR,DEMAND,DUAL (2-TF),2,False,False,False,True,True,10.0,85,2.0,T1,13,7,6.683914254847327,6.4223574230965985,True
COALINDIA,2025-03-26,TRAIN,BEAR,DEMAND,SINGLE (1-TF),1,False,False,False,False,True,8.5,78,-1.0,STOP,1,6,3.796225591796666,1.219046580124351,False
COALINDIA,2025-04-03,TRAIN,BEAR,SUPPLY,TRIPLE (3-TF),3,False,False,True,True,True,11.5,92,2.0,T1,10,4,0.0,4.025859535703789,True
COALINDIA,2025-04-11,TRAIN,BEAR,DEMAND,DUAL (2-TF),2,False,False,False,True,True,10.0,85,2.0,T1,1,4,0.9334757914862648,5.249395490074779,True
COALINDIA,2025-04-22,TRAIN,BEAR,DEMAND,DUAL (2-TF),2,False,False,False,True,True,10.0,85,-1.0,STOP,1,9,5.414809176905517,1.7043601174295917,False
COALINDIA,2025-04-29,TRAIN,BEAR,DEMAND,DUAL (2-TF),2,False,False,False,True,True,10.0,85,-1.0,STOP,1,4,5.414809176905517,0.3370664347069721,False
COALINDIA,2025-05-07,TRAIN,BEAR,SUPPLY,DUAL (2-TF),2,False,False,True,False,True,10.0,85,-1.0,STOP,2,4,3.84111498257839,3.0968641114982614,False
COALINDIA,2025-05-21,TRAIN,SIDEWAYS,SUPPLY,TRIPLE (3-TF),3,False,False,True,True,True,11.5,92,2.0,T1,1,9,2.1622635442902287,3.5314291838593874,True
COALINDIA,2025-06-04,TRAIN,BEAR,SUPPLY,TRIPLE (3-TF),3,False,False,True,True,True,11.5,92,-1.0,STOP,3,3,2.389152542372882,0.9735593220338914,False
COALINDIA,2025-06-11,TRAIN,SIDEWAYS,SUPPLY,TRIPLE (3-TF),3,False,False,True,True,True,11.5,92,2.0,T1,1,19,2.6452437267215885,4.173123453769395,True
COALINDIA,2025-06-25,TRAIN,BEAR,DEMAND,SINGLE (1-TF),1,False,False,False,False,True,8.5,78,-1.0,STOP,5,8,2.171731251742393,1.2461667131307574,False
COALINDIA,2025-07-02,TRAIN,BEAR,SUPPLY,DUAL (2-TF),2,False,False,True,False,True,10.0,85,2.0,T1,33,6,0.030269675288941568,3.0875068794716487,True
COALINDIA,2025-07-09,TRAIN,BEAR,SUPPLY,TRIPLE (3-TF),3,False,False,True,True,True,11.5,92,-1.0,STOP,1,9,1.4635653688409402,1.4242373167031834,False
COALINDIA,2025-07-16,TRAIN,SIDEWAYS,SUPPLY,TRIPLE (3-TF),3,False,False,True,True,True,11.5,92,-1.0,STOP,1,4,2.0051399361744253,0.0,False
COALINDIA,2025-07-23,TRAIN,SIDEWAYS,SUPPLY,DUAL (2-TF),2,False,False,True,False,True,10.0,85,2.0,T1,1,3,1.4097138533112785,2.5840082957316297,True
COALINDIA,2025-07-30,TRAIN,BEAR,SUPPLY,TRIPLE (3-TF),3,False,False,True,True,True,11.5,92,-1.0,STOP,7,16,2.700573871947779,1.6766062788342626,False
COALINDIA,2025-08-06,TRAIN,SIDEWAYS,SUPPLY,TRIPLE (3-TF),3,False,False,True,True,True,11.5,92,-1.0,STOP,1,2,2.857142857142859,0.0,False
COALINDIA,2025-08-13,TRAIN,SIDEWAYS,DEMAND,DUAL (2-TF),2,False,False,False,True,True,10.0,85,2.0,T1,7,7,1.5933338963488513,4.9883174281451375,True
COALINDIA,2025-08-21,TRAIN,SIDEWAYS,SUPPLY,DUAL (2-TF),2,False,False,True,False,True,10.0,85,2.0,T1,1,3,0.019351449976499922,2.6400906753656073,True
COALINDIA,2025-08-29,TRAIN,SIDEWAYS,SUPPLY,TRIPLE (3-TF),3,False,False,True,True,True,11.5,92,-1.0,STOP,1,2,2.668803959616415,0.6243145195309121,False
COALINDIA,2025-09-05,VALIDATION,BULL,DEMAND,SINGLE (1-TF),1,False,False,False,False,True,8.5,78,2.0,T1,21,14,0.3154137730680869,4.471128572614329,True
COALINDIA,2025-09-12,VALIDATION,BULL,DEMAND,DUAL (2-TF),2,False,False,False,True,True,10.0,85,-1.0,STOP,11,4,1.8503445656302548,1.595311736936349,False
COALINDIA,2025-09-19,VALIDATION,BULL,DEMAND,DUAL (2-TF),2,False,False,False,True,True,10.0,85,-1.0,STOP,6,4,1.8503445656302548,1.595311736936349,False
COALINDIA,2025-09-26,VALIDATION,BULL,SUPPLY,DUAL (2-TF),2,False,False,True,False,True,10.0,85,2.0,T1,33,2,0.0,2.762095710441626,True
COALINDIA,2025-10-06,VALIDATION,SIDEWAYS,SUPPLY,DUAL (2-TF),2,False,False,False,True,True,10.0,85,-1.0,STOP,12,3,1.5682160533677598,0.4088659350118307,False
COALINDIA,2025-10-13,VALIDATION,SIDEWAYS,SUPPLY,DUAL (2-TF),2,False,False,False,True,True,10.0,85,-1.0,STOP,1,5,2.081674127372088,1.0161206162634193,False
COALINDIA,2025-10-20,VALIDATION,BULL,DEMAND,SINGLE (1-TF),1,False,False,False,False,True,8.5,78,2.0,T1,7,8,1.287188494895158,3.606323416401357,True
COALINDIA,2025-10-28,VALIDATION,BULL,SUPPLY,DUAL (2-TF),2,False,False,True,False,True,10.0,85,2.0,T1,1,1,2.101022118868634,2.7445784435671348,True
COALINDIA,2025-11-06,VALIDATION,SIDEWAYS,SUPPLY,SINGLE (1-TF),1,False,False,False,False,True,8.5,78,-1.0,STOP,1,4,2.4312150648504853,1.8234112986378757,False
COALINDIA,2025-11-13,VALIDATION,BULL,DEMAND,DUAL (2-TF),2,False,False,False,True,True,10.0,85,-1.0,STOP,8,1,1.7012561441834957,0.5843801201529182,False
COALINDIA,2025-11-20,VALIDATION,SIDEWAYS,SUPPLY,DUAL (2-TF),2,False,False,True,False,True,10.0,85,-1.0,STOP,22,2,6.5610739679507475,0.9047012628674587,False
COALINDIA,2025-11-27,VALIDATION,SIDEWAYS,SUPPLY,DUAL (2-TF),2,False,False,False,True,True,10.0,85,-1.0,STOP,1,9,2.778084003968703,0.09370521441957198,False
COALINDIA,2025-12-04,VALIDATION,SIDEWAYS,DEMAND,DUAL (2-TF),2,False,False,True,False,True,10.0,85,5.0,T3,1,13,1.4900303424360641,8.812852188990023,True
COALINDIA,2025-12-11,VALIDATION,BULL,DEMAND,SINGLE (1-TF),1,False,False,False,False,True,8.5,78,3.5,T2,1,8,0.668517669892449,8.270210529153287,True
COALINDIA,2025-12-29,VALIDATION,BULL,SUPPLY,TRIPLE (3-TF),3,False,False,True,True,True,11.5,92,-1.0,STOP,1,1,3.948095701839813,0.0,False
COALINDIA,2026-01-06,VALIDATION,BULL,SUPPLY,ATZ (4-TF),4,True,True,True,True,True,13.0,100,-1.0,STOP,1,6,3.6152698214027916,2.5610167043758696,False
COALINDIA,2026-01-13,VALIDATION,BULL,SUPPLY,ATZ (4-TF),4,True,True,True,True,True,13.0,100,-1.0,STOP,1,1,3.5255639459381523,0.3150401616083888,False
COALINDIA,2026-01-20,VALIDATION,BULL,SUPPLY,ATZ (4-TF),4,True,True,True,True,True,13.0,100,-1.0,STOP,1,5,6.4586499338202765,1.7525368890631978,False
COALINDIA,2026-01-28,VALIDATION,BULL,SUPPLY,ATZ (4-TF),4,True,True,True,True,True,13.0,100,-1.0,STOP,1,1,10.642906369991142,0.0,False
COALINDIA,2026-02-04,VALIDATION,BULL,DEMAND,SINGLE (1-TF),1,False,False,False,False,True,8.5,78,-1.0,STOP,1,6,6.2823714391416985,0.0,False
COALINDIA,2026-02-11,VALIDATION,BULL,SUPPLY,ATZ (4-TF),4,True,True,True,True,True,13.0,100,-1.0,STOP,9,2,3.2337124637129477,1.6251844096511647,False
COALINDIA,2026-02-25,VALIDATION,BULL,DEMAND,DUAL (2-TF),2,False,False,False,True,True,10.0,85,2.0,T1,4,1,0.477587335450563,4.761327547334478,True
COALINDIA,2026-03-05,TEST_OOS,BULL,DEMAND,DUAL (2-TF),2,False,False,False,True,True,10.0,85,2.0,T1,24,9,1.2245662506731512,6.747992226462819,True
COALINDIA,2026-03-12,TEST_OOS,BULL,SUPPLY,ATZ (4-TF),4,True,True,True,True,True,13.0,100,-1.0,STOP,1,1,8.143202486474042,0.0,False
COALINDIA,2026-03-19,TEST_OOS,BULL,DEMAND,DUAL (2-TF),2,False,False,False,True,True,10.0,85,-1.0,STOP,4,10,4.363990841286753,3.9922014916914175,False
COALINDIA,2026-03-27,TEST_OOS,BULL,SUPPLY,TRIPLE (3-TF),3,False,True,True,False,True,11.5,92,-1.0,STOP,2,19,6.688925987757376,6.096828046744571,False
COALINDIA,2026-04-07,TEST_OOS,BULL,SUPPLY,ATZ (4-TF),4,True,True,True,True,True,13.0,100,-1.0,STOP,1,1,4.257935242952772,0.0,False
COALINDIA,2026-04-15,TEST_OOS,BULL,SUPPLY,DUAL (2-TF),2,False,True,False,False,True,10.0,85,-1.0,STOP,7,3,5.48575553199648,1.4706877495319473,False
COALINDIA,2026-04-29,TEST_OOS,BULL,SUPPLY,ATZ (4-TF),4,True,True,True,True,True,13.0,100,-1.0,STOP,1,1,8.503066386140832,0.0,False
COALINDIA,2026-05-06,TEST_OOS,BULL,DEMAND,SINGLE (1-TF),1,False,False,False,False,True,8.5,78,2.0,T1,2,19,1.538257525527114,5.657958714582509,True
COALINDIA,2026-05-13,TEST_OOS,BULL,DEMAND,SINGLE (1-TF),1,False,False,False,False,True,8.5,78,-1.0,STOP,1,1,2.113728247495167,2.689400597644579,False
COALINDIA,2026-05-20,TEST_OOS,BULL,SUPPLY,ATZ (4-TF),4,True,True,True,True,True,13.0,100,-1.0,STOP,2,6,3.189670291125911,1.5696246930901492,False
COALINDIA,2026-05-28,TEST_OOS,BULL,SUPPLY,ATZ (4-TF),4,True,True,True,True,True,13.0,100,-1.0,STOP,1,1,3.3359107478184082,0.6097426267535604,False
COALINDIA,2026-06-04,TEST_OOS,BULL,DEMAND,SINGLE (1-TF),1,False,False,False,False,True,8.5,78,-1.0,STOP,4,1,1.8968753450369948,1.8858341614220964,False
COALINDIA,2026-06-11,TEST_OOS,BULL,DEMAND,DUAL (2-TF),2,False,False,False,True,True,10.0,85,-1.0,STOP,1,1,4.195649773655736,0.0,False
COALINDIA,2026-06-18,TEST_OOS,BULL,DEMAND,SINGLE (1-TF),1,False,False,False,False,True,8.5,78,-1.0,STOP,2,4,3.637062320576861,1.4489477610253452,False
COALINDIA,2026-07-02,TEST_OOS,BULL,SUPPLY,TRIPLE (3-TF),3,False,True,False,True,True,11.5,92,2.0,T1,1,19,2.249307994696555,6.750250052336544,True
COALINDIA,2026-07-30,TEST_OOS,SIDEWAYS,DEMAND,TRIPLE (3-TF),3,False,False,True,True,True,11.5,92,-1.0,STOP,1,9,5.756735986586253,0.0,False
COALINDIA,2026-08-06,TEST_OOS,SIDEWAYS,DEMAND,DUAL (2-TF),2,False,False,True,False,True,10.0,85,-1.0,STOP,1,5,2.235576923076926,0.0,False
COALINDIA,2026-08-20,TEST_OOS,BEAR,SUPPLY,SINGLE (1-TF),1,False,False,False,False,True,8.5,78,-1.0,STOP,3,7,3.2005863669679857,2.882970925971173,False
TATASTEEL,2022-06-16,TRAIN,BEAR,SUPPLY,SINGLE (1-TF),1,False,False,False,False,True,8.5,78,2.0,T1,1,4,0.385138196647036,13.955595831445407,True
TATASTEEL,2022-06-30,TRAIN,BEAR,DEMAND,SINGLE (1-TF),1,False,False,False,False,True,8.5,78,-1.0,STOP,1,4,3.728513650151672,2.755308392315461,False
TATASTEEL,2022-07-07,TRAIN,BEAR,SUPPLY,SINGLE (1-TF),1,False,False,False,False,True,8.5,78,-1.0,STOP,1,1,5.87563451776651,0.9771573604060865,False
TATASTEEL,2022-07-14,TRAIN,BEAR,DEMAND,SINGLE (1-TF),1,False,False,False,False,True,8.5,78,2.0,T1,1,11,4.398897279156181,21.419153781613314,True
TATASTEEL,2022-07-28,TRAIN,SIDEWAYS,SUPPLY,DUAL (2-TF),2,False,False,False,True,True,10.0,85,-1.0,STOP,1,1,19.204518710284766,0.0,False
TATASTEEL,2022-08-05,TRAIN,BULL,SUPPLY,DUAL (2-TF),2,False,False,False,True,True,10.0,85,-1.0,STOP,1,4,16.32467974152591,0.0,False
TATASTEEL,2022-08-16,TRAIN,BULL,SUPPLY,DUAL (2-TF),2,False,False,False,True,True,10.0,85,-1.0,STOP,1,1,17.15225031175605,0.0,False
TATASTEEL,2022-08-23,TRAIN,BULL,DEMAND,SINGLE (1-TF),1,False,False,False,False,True,8.5,78,-1.0,STOP,1,1,6.164588528678311,0.0,False
TATASTEEL,2022-08-30,TRAIN,BULL,DEMAND,SINGLE (1-TF),1,False,False,False,False,True,8.5,78,-1.0,STOP,1,13,5.928456591639863,0.823954983922837,False
TATASTEEL,2022-09-07,TRAIN,SIDEWAYS,DEMAND,SINGLE (1-TF),1,False,False,False,False,True,8.5,78,-1.0,STOP,2,7,3.732647814910021,3.1773778920308517,False
TATASTEEL,2022-09-14,TRAIN,BULL,DEMAND,SINGLE (1-TF),1,False,False,False,False,True,8.5,78,-1.0,STOP,1,3,3.732647814910021,3.1773778920308517,False
TATASTEEL,2022-09-21,TRAIN,SIDEWAYS,SUPPLY,DUAL (2-TF),2,False,False,False,True,True,10.0,85,2.0,T1,1,4,2.0818153429790778,8.701988133652545,True
TATASTEEL,2022-09-28,TRAIN,BEAR,SUPPLY,SINGLE (1-TF),1,False,False,False,False,True,8.5,78,-1.0,STOP,1,1,5.08354907036949,0.0,False
TATASTEEL,2022-10-06,TRAIN,SIDEWAYS,SUPPLY,DUAL (2-TF),2,False,False,False,True,True,10.0,85,-1.0,STOP,1,1,7.168010905373171,0.0,False
TATASTEEL,2022-10-13,TRAIN,BEAR,SUPPLY,SINGLE (1-TF),1,False,False,False,False,True,8.5,78,-1.0,STOP,2,8,2.5995038291446564,3.8291446445906563,False
TATASTEEL,2022-10-20,TRAIN,BEAR,SUPPLY,SINGLE (1-TF),1,False,False,False,False,True,8.5,78,-1.0,STOP,1,3,2.3961310178061033,1.2969883490877192,False
TATASTEEL,2022-10-28,TRAIN,SIDEWAYS,SUPPLY,SINGLE (1-TF),1,False,False,False,False,True,8.5,78,-1.0,STOP,1,5,2.933879840362435,3.3869054039477953,False
TATASTEEL,2022-11-04,TRAIN,SIDEWAYS,DEMAND,DUAL (2-TF),2,False,False,False,True,True,10.0,85,3.5,T2,36,1,0.2483264953573785,9.468797236018133,True
TATASTEEL,2022-11-14,TRAIN,BULL,SUPPLY,SINGLE (1-TF),1,False,False,False,False,True,8.5,78,-1.0,STOP,1,1,3.8753246753246797,0.0,False
TATASTEEL,2022-11-21,TRAIN,SIDEWAYS,SUPPLY,SINGLE (1-TF),1,False,False,False,False,True,8.5,78,-1.0,STOP,9,1,3.638759375633492,0.5067909993918508,False
TATASTEEL,2022-11-28,TRAIN,SIDEWAYS,SUPPLY,DUAL (2-TF),2,False,False,False,True,True,10.0,85,-1.0,STOP,1,1,2.0335801439149055,0.9490040671602843,False
TATASTEEL,2022-12-05,TRAIN,BULL,SUPPLY,DUAL (2-TF),2,False,False,False,True,True,10.0,85,-1.0,STOP,1,1,9.211343407162069,0.0,False
TATASTEEL,2022-12-12,TRAIN,BULL,SUPPLY,SINGLE (1-TF),1,False,False,False,False,True,8.5,78,2.0,T1,3,7,0.4383401519579221,9.740892265731542,True
TATASTEEL,2022-12-19,TRAIN,BULL,SUPPLY,SINGLE (1-TF),1,False,False,False,False,True,8.5,78,2.0,T1,1,3,0.4535147392290187,4.702750665483594,True
TATASTEEL,2022-12-26,TRAIN,SIDEWAYS,SUPPLY,SINGLE (1-TF),1,False,False,False,False,True,8.5,78,-1.0,STOP,2,1,6.345071889977066,0.0,False
TATASTEEL,2023-01-02,TRAIN,BULL,DEMAND,SINGLE (1-TF),1,False,False,False,False,True,8.5,78,-1.0,STOP,26,14,5.310611314772628,3.873972059843452,False
TATASTEEL,2023-01-09,TRAIN,BULL,SUPPLY,DUAL (2-TF),2,False,False,False,True,True,10.0,85,-1.0,STOP,2,3,2.656511239086011,0.7616570685491298,False
TATASTEEL,2023-01-16,TRAIN,BULL,SUPPLY,DUAL (2-TF),2,False,False,False,True,True,10.0,85,-1.0,STOP,1,2,3.4900944269579806,0.7128309572301389,False
TATASTEEL,2023-01-23,TRAIN,BULL,DEMAND,SINGLE (1-TF),1,False,False,False,False,True,8.5,78,-1.0,STOP,1,4,4.528708778866031,1.1501482612992961,False
TATASTEEL,2023-01-31,TRAIN,BULL,SUPPLY,DUAL (2-TF),2,False,False,False,True,True,10.0,85,3.5,T2,2,4,1.7676767676767748,9.379509379509372,True
TATASTEEL,2023-02-07,TRAIN,BULL,DEMAND,SINGLE (1-TF),1,False,False,False,False,True,8.5,78,-1.0,STOP,1,1,10.081768352951759,0.0,False
TATASTEEL,2023-02-14,TRAIN,BULL,SUPPLY,SINGLE (1-TF),1,False,False,False,False,True,8.5,78,-1.0,STOP,3,3,2.6604687963603975,0.5340718029868522,False
TATASTEEL,2023-02-21,TRAIN,BULL,DEMAND,DUAL (2-TF),2,False,False,False,True,True,10.0,85,-1.0,STOP,4,1,4.668329177057363,2.354114713216957,False
TATASTEEL,2023-02-28,TRAIN,SIDEWAYS,DEMAND,SINGLE (1-TF),1,False,False,False,False,True,8.5,78,-1.0,STOP,1,1,6.747250569701775,0.0,False
TATASTEEL,2023-03-08,TRAIN,SIDEWAYS,SUPPLY,DUAL (2-TF),2,False,False,False,True,True,10.0,85,-1.0,STOP,1,1,4.0563261874737275,0.672551492223624,False
TATASTEEL,2023-03-15,TRAIN,BULL,SUPPLY,DUAL (2-TF),2,False,False,False,True,True,10.0,85,2.0,T1,1,7,2.0154241645244153,5.089974293059129,True
TATASTEEL,2023-03-22,TRAIN,SIDEWAYS,SUPPLY,SINGLE (1-TF),1,False,False,False,False,True,8.5,78,-1.0,STOP,12,1,1.8294573643410812,1.2713178294573686,False
TATASTEEL,2023-03-29,TRAIN,SIDEWAYS,SUPPLY,SINGLE (1-TF),1,False,False,False,False,True,8.5,78,-1.0,STOP,1,6,3.2985562229950425,2.6346295710823058,False
TATASTEEL,2023-04-10,TRAIN,SIDEWAYS,SUPPLY,SINGLE (1-TF),1,False,False,False,False,True,8.5,78,-1.0,STOP,1,1,3.2006738260686376,0.0,False
TATASTEEL,2023-04-18,TRAIN,SIDEWAYS,DEMAND,DUAL (2-TF),2,False,False,False,True,True,10.0,85,2.0,T1,23,6,0.8596288919173994,3.711080826082405,True
TATASTEEL,2023-04-25,TRAIN,SIDEWAYS,SUPPLY,SINGLE (1-TF),1,False,False,False,False,True,8.5,78,-1.0,STOP,4,2,2.7811735941320337,0.6519967400163005,False
TATASTEEL,2023-05-03,TRAIN,SIDEWAYS,DEMAND,SINGLE (1-TF),1,False,False,False,False,True,8.5,78,-1.0,STOP,8,4,1.637318504788388,1.6888065080836172,False
TATASTEEL,2023-05-10,TRAIN,SIDEWAYS,SUPPLY,SINGLE (1-TF),1,False,False,False,False,True,8.5,78,2.0,T1,1,6,0.0,4.460892178435695,True
TATASTEEL,2023-05-17,TRAIN,SIDEWAYS,SUPPLY,DUAL (2-TF),2,False,False,False,True,True,10.0,85,-1.0,STOP,9,7,2.9495236164605685,2.716399756740313,False
TATASTEEL,2023-05-24,TRAIN,SIDEWAYS,SUPPLY,DUAL (2-TF),2,False,False,False,True,True,10.0,85,-1.0,STOP,1,3,3.4616189081782074,0.8575611796695328,False
TATASTEEL,2023-05-31,TRAIN,SIDEWAYS,DEMAND,DUAL (2-TF),2,False,False,False,True,True,10.0,85,2.0,T1,1,5,0.7548340399131319,5.025333471202565,True
TATASTEEL,2023-06-14,TRAIN,BULL,SUPPLY,TRIPLE (3-TF),3,False,False,True,True,True,11.5,92,-1.0,STOP,1,1,2.75193031082954,0.0,False
TATASTEEL,2023-06-21,TRAIN,BULL,SUPPLY,TRIPLE (3-TF),3,False,False,True,True,True,11.5,92,-1.0,STOP,1,1,1.415639445300461,1.2230354391371439,False
TATASTEEL,2023-06-28,TRAIN,BULL,SUPPLY,TRIPLE (3-TF),3,False,False,True,True,True,11.5,92,-1.0,STOP,1,2,3.304431599229294,0.17341040462427035,False
TATASTEEL,2023-07-06,TRAIN,BULL,SUPPLY,DUAL (2-TF),2,False,False,True,False,True,10.0,85,-1.0,STOP,1,2,3.075462743236838,0.8922638822971029,False
TATASTEEL,2023-07-20,TRAIN,BULL,SUPPLY,TRIPLE (3-TF),3,False,False,True,True,True,11.5,92,-1.0,STOP,2,3,2.425119898651699,2.8866165957831975,False
TATASTEEL,2023-07-27,TRAIN,BULL,DEMAND,DUAL (2-TF),2,False,False,False,True,True,10.0,85,2.0,T1,14,10,1.5456374611304167,5.322846167916584,True
TATASTEEL,2023-08-03,TRAIN,BULL,DEMAND,DUAL (2-TF),2,False,False,False,True,True,10.0,85,-1.0,STOP,1,1,2.5708984892658333,0.0,False
TATASTEEL,2023-08-10,TRAIN,BULL,SUPPLY,DUAL (2-TF),2,False,False,True,False,True,10.0,85,-1.0,STOP,1,1,2.1425369789332143,0.0,False
TATASTEEL,2023-08-18,TRAIN,BULL,SUPPLY,DUAL (2-TF),2,False,False,True,False,True,10.0,85,-1.0,STOP,4,5,3.850662819009826,1.2264406168274862,False
TATASTEEL,2023-08-25,TRAIN,BULL,DEMAND,SINGLE (1-TF),1,False,False,False,False,True,8.5,78,2.0,T1,1,3,0.7250974349678212,4.377775763618235,True
TATASTEEL,2023-09-04,TRAIN,BULL,DEMAND,SINGLE (1-TF),1,False,False,False,False,True,8.5,78,-1.0,STOP,36,4,2.9679144385026723,1.8894830659536455,False
TATASTEEL,2023-09-11,TRAIN,BULL,SUPPLY,SINGLE (1-TF),1,False,False,False,False,True,8.5,78,2.0,T1,1,2,1.1002346088504162,3.0418250950570385,True
TATASTEEL,2023-09-18,TRAIN,BULL,SUPPLY,SINGLE (1-TF),1,False,False,False,False,True,8.5,78,2.0,T1,1,13,4.245515879545826,5.323350337337512,True
TATASTEEL,2023-09-26,TRAIN,BULL,SUPPLY,DUAL (2-TF),2,False,False,False,True,True,10.0,85,2.0,T1,1,18,0.08167932696234118,8.23327615780447,True
TATASTEEL,2023-10-04,TRAIN,BULL,SUPPLY,DUAL (2-TF),2,False,False,False,True,True,10.0,85,2.0,T1,10,4,0.42401064183572085,6.592949783837717,True
TATASTEEL,2023-10-11,TRAIN,BULL,SUPPLY,DUAL (2-TF),2,False,False,False,True,True,10.0,85,2.0,T1,5,3,0.5410354586316012,4.145163975362081,True
TATASTEEL,2023-10-18,TRAIN,BULL,DEMAND,SINGLE (1-TF),1,False,False,False,False,True,8.5,78,-1.0,STOP,2,1,1.882934310300765,1.1587288063389276,False
TATASTEEL,2023-10-26,TRAIN,BULL,SUPPLY,TRIPLE (3-TF),3,False,False,True,True,True,11.5,92,-1.0,STOP,14,6,3.4879695343603827,1.306906698978713,False
TATASTEEL,2023-11-02,TRAIN,BULL,SUPPLY,DUAL (2-TF),2,False,False,True,False,True,10.0,85,-1.0,STOP,3,6,4.408477152821252,1.3860323705624584,False
TATASTEEL,2023-11-09,TRAIN,BULL,SUPPLY,TRIPLE (3-TF),3,False,False,True,True,True,11.5,92,-1.0,STOP,1,1,5.1506136110078025,0.0,False
TATASTEEL,2023-12-04,TRAIN,BULL,SUPPLY,DUAL (2-TF),2,False,False,False,True,True,10.0,85,-1.0,STOP,1,1,5.535274641310804,0.0,False
TATASTEEL,2023-12-11,TRAIN,BULL,SUPPLY,SINGLE (1-TF),1,False,False,False,False,True,8.5,78,-1.0,STOP,2,3,3.7171717171717127,2.0525252525252573,False
TATASTEEL,2023-12-18,TRAIN,BULL,SUPPLY,TRIPLE (3-TF),3,False,False,True,True,True,11.5,92,-1.0,STOP,1,1,5.488850771869639,0.0,False
TATASTEEL,2023-12-27,TRAIN,BULL,DEMAND,DUAL (2-TF),2,False,False,False,True,True,10.0,85,-1.0,STOP,1,6,1.9337231968810948,3.3684210526315734,False
TATASTEEL,2024-01-03,TRAIN,BULL,DEMAND,DUAL (2-TF),2,False,False,False,True,True,10.0,85,-1.0,STOP,1,1,1.9337231968810948,2.159844054580905,False
TATASTEEL,2024-01-10,TRAIN,BULL,SUPPLY,TRIPLE (3-TF),3,False,False,True,True,True,11.5,92,-1.0,STOP,1,4,3.627232142857152,1.163903061224485,False
TATASTEEL,2024-01-17,TRAIN,BULL,SUPPLY,DUAL (2-TF),2,False,False,False,True,True,10.0,85,-1.0,STOP,1,7,3.029336734693887,4.081632653061228,False
TATASTEEL,2024-01-25,TRAIN,BULL,SUPPLY,TRIPLE (3-TF),3,False,False,True,True,True,11.5,92,-1.0,STOP,1,1,2.9409401366010535,0.44997991161109063,False
TATASTEEL,2024-02-02,TRAIN,BULL,SUPPLY,TRIPLE (3-TF),3,False,False,True,True,True,11.5,92,-1.0,STOP,1,1,10.098199672667748,0.0,False
TATASTEEL,2024-02-09,TRAIN,BULL,SUPPLY,SINGLE (1-TF),1,False,False,False,False,True,8.5,78,2.0,T1,1,1,1.0133373072051153,4.440801728634235,True
TATASTEEL,2024-02-23,TRAIN,BULL,SUPPLY,SINGLE (1-TF),1,False,False,False,False,True,8.5,78,-1.0,STOP,1,5,6.612878902126362,1.349721007389528,False
TATASTEEL,2024-03-01,TRAIN,BULL,SUPPLY,DUAL (2-TF),2,False,False,False,True,True,10.0,85,-1.0,STOP,1,1,8.589781894233642,0.0,False
TATASTEEL,2024-04-10,TRAIN,BULL,SUPPLY,SINGLE (1-TF),1,False,False,False,False,True,8.5,78,-1.0,STOP,1,8,3.5809797143043567,3.704911616985198,False
TATASTEEL,2024-04-19,TRAIN,BULL,SUPPLY,DUAL (2-TF),2,False,False,False,True,True,10.0,85,-1.0,STOP,4,2,3.421341424052683,2.18191207798076,False
TATASTEEL,2024-04-26,TRAIN,BULL,DEMAND,SINGLE (1-TF),1,False,False,False,False,True,8.5,78,-1.0,STOP,7,4,3.3300749429781598,2.7240143369175676,False
TATASTEEL,2024-05-06,TRAIN,BULL,DEMAND,SINGLE (1-TF),1,False,False,False,False,True,8.5,78,-1.0,STOP,1,1,3.6191078772540326,0.15185068016449266,False
TATASTEEL,2024-05-13,TRAIN,BULL,SUPPLY,DUAL (2-TF),2,False,False,False,True,True,10.0,85,-1.0,STOP,1,5,6.6965154759587255,3.744078904678483,False
TATASTEEL,2024-05-21,TRAIN,BULL,SUPPLY,DUAL (2-TF),2,False,False,False,True,True,10.0,85,-1.0,STOP,1,1,6.884692751930429,0.0,False
TATASTEEL,2024-05-28,TRAIN,BULL,SUPPLY,SINGLE (1-TF),1,False,False,False,False,True,8.5,78,-1.0,STOP,1,7,6.613974075245026,5.64021498577301,False
TATASTEEL,2024-06-05,TRAIN,BULL,SUPPLY,DUAL (2-TF),2,False,False,False,True,True,10.0,85,-1.0,STOP,2,1,3.100158982511937,2.7821939586645366,False
TATASTEEL,2024-06-20,TRAIN,BULL,SUPPLY,DUAL (2-TF),2,False,False,False,True,True,10.0,85,2.0,T1,1,2,0.8735658959874206,2.3644516918059533,True
TATASTEEL,2024-06-27,TRAIN,BULL,SUPPLY,DUAL (2-TF),2,False,False,False,True,True,10.0,85,2.0,T1,6,4,0.42380363764790596,5.868503149096474,True
TATASTEEL,2024-07-04,TRAIN,BULL,DEMAND,SINGLE (1-TF),1,False,False,False,False,True,8.5,78,-1.0,STOP,2,3,4.92836335532966,0.2972474882587242,False
TATASTEEL,2024-07-19,TRAIN,BULL,SUPPLY,DUAL (2-TF),2,False,False,False,True,True,10.0,85,3.5,T2,10,1,0.1547891771407343,8.278125193486474,True
TATASTEEL,2024-07-26,TRAIN,BULL,DEMAND,TRIPLE (3-TF),3,False,False,True,True,True,11.5,92,-1.0,STOP,1,5,8.261084964082242,0.17339608620262642,False
TATASTEEL,2024-08-02,TRAIN,BULL,SUPPLY,SINGLE (1-TF),1,False,False,False,False,True,8.5,78,2.0,T1,1,7,1.5328947368421135,6.460526315789469,True
TATASTEEL,2024-08-09,TRAIN,BULL,DEMAND,DUAL (2-TF),2,False,False,True,False,True,10.0,85,-1.0,STOP,1,3,6.816161892390784,0.4170369863950128,False
TATASTEEL,2024-08-19,TRAIN,BULL,SUPPLY,DUAL (2-TF),2,False,False,False,True,True,10.0,85,-1.0,STOP,1,1,3.1124636879236407,0.40807857241665746,False
TATASTEEL,2024-08-26,TRAIN,BULL,DEMAND,TRIPLE (3-TF),3,False,False,True,True,True,11.5,92,-1.0,STOP,4,4,2.5052904635128783,1.4745033790702413,False
TATASTEEL,2024-09-02,TRAIN,SIDEWAYS,SUPPLY,SINGLE (1-TF),1,False,False,False,False,True,8.5,78,2.0,T1,10,4,0.6211180124223518,4.469349176343508,True
TATASTEEL,2024-09-09,TRAIN,SIDEWAYS,DEMAND,TRIPLE (3-TF),3,False,False,True,True,True,11.5,92,-1.0,STOP,1,1,3.136531365313655,0.0,False
TATASTEEL,2024-09-16,TRAIN,SIDEWAYS,SUPPLY,DUAL (2-TF),2,False,False,False,True,True,10.0,85,-1.0,STOP,1,1,4.180064308681665,0.0,False
TATASTEEL,2024-09-23,TRAIN,SIDEWAYS,SUPPLY,DUAL (2-TF),2,False,False,False,True,True,10.0,85,-1.0,STOP,1,1,7.240446632914903,0.0,False
TATASTEEL,2024-09-30,TRAIN,BULL,DEMAND,DUAL (2-TF),2,False,False,False,True,True,10.0,85,-1.0,STOP,6,6,4.722832407287765,1.3115389585217736,False
TATASTEEL,2024-10-15,TRAIN,SIDEWAYS,DEMAND,TRIPLE (3-TF),3,False,False,True,True,True,11.5,92,-1.0,STOP,1,1,4.722832407287765,0.0,False
TATASTEEL,2024-10-22,TRAIN,SIDEWAYS,DEMAND,TRIPLE (3-TF),3,False,False,True,True,True,11.5,92,-1.0,STOP,1,1,4.88492249882574,0.0,False
TATASTEEL,2024-10-29,TRAIN,BEAR,SUPPLY,SINGLE (1-TF),1,False,False,False,False,True,8.5,78,-1.0,STOP,1,6,4.010095344924305,2.600953449242835,False
TATASTEEL,2024-11-05,TRAIN,SIDEWAYS,DEMAND,TRIPLE (3-TF),3,False,False,True,True,True,11.5,92,-1.0,STOP,1,5,3.6240011215477272,5.320342072059445,False
TATASTEEL,2024-11-12,TRAIN,BEAR,DEMAND,TRIPLE (3-TF),3,False,False,True,True,True,11.5,92,-1.0,STOP,1,1,7.603397855451897,0.0,False
TATASTEEL,2024-11-21,TRAIN,BEAR,SUPPLY,SINGLE (1-TF),1,False,False,False,False,True,8.5,78,-1.0,STOP,1,8,6.491557223264545,1.3808630393996273,False
TATASTEEL,2024-11-28,TRAIN,BEAR,DEMAND,TRIPLE (3-TF),3,False,False,True,True,True,11.5,92,-1.0,STOP,17,5,2.9495009682705047,2.9792939073439597,False
TATASTEEL,2024-12-05,TRAIN,BEAR,DEMAND,TRIPLE (3-TF),3,False,False,True,True,True,11.5,92,-1.0,STOP,10,1,2.3773394031360593,1.6330659729749402,False
TATASTEEL,2024-12-12,TRAIN,BEAR,SUPPLY,DUAL (2-TF),2,False,False,True,False,True,10.0,85,2.0,T1,1,20,2.753202632882734,14.14112817609172,True
TATASTEEL,2024-12-27,TRAIN,BEAR,SUPPLY,SINGLE (1-TF),1,False,False,False,False,True,8.5,78,2.0,T1,1,10,0.14019036375710006,10.492141961189404,True
TATASTEEL,2025-01-03,TRAIN,BEAR,SUPPLY,DUAL (2-TF),2,False,False,False,True,True,10.0,85,2.0,T1,1,4,2.0908050362456927,5.242273941243803,True
TATASTEEL,2025-01-10,TRAIN,BEAR,SUPPLY,SINGLE (1-TF),1,False,False,False,False,True,8.5,78,-1.0,STOP,11,16,4.876897663808713,6.0567922598914405,False
TATASTEEL,2025-01-17,TRAIN,BEAR,SUPPLY,SINGLE (1-TF),1,False,False,False,False,True,8.5,78,-1.0,STOP,1,1,7.450513975023372,0.0,False
TATASTEEL,2025-01-24,TRAIN,BEAR,SUPPLY,SINGLE (1-TF),1,False,False,False,False,True,8.5,78,2.0,T1,1,1,1.6823473130282245,4.010524637218945,True
TATASTEEL,2025-01-31,TRAIN,BEAR,DEMAND,TRIPLE (3-TF),3,False,False,True,True,True,11.5,92,2.0,T1,3,4,0.6333739342265539,7.8765732846122525,True
TATASTEEL,2025-02-06,TRAIN,BEAR,DEMAND,TRIPLE (3-TF),3,False,False,True,True,True,11.5,92,2.0,T1,4,2,2.1427433487334806,5.010355265254107,True
TATASTEEL,2025-02-13,TRAIN,BEAR,SUPPLY,SINGLE (1-TF),1,False,False,False,False,True,8.5,78,-1.0,STOP,1,6,5.641265388810978,2.4700015583606056,False
TATASTEEL,2025-02-20,TRAIN,BEAR,DEMAND,TRIPLE (3-TF),3,False,False,True,True,True,11.5,92,-1.0,STOP,29,2,5.274378207658907,2.9688116857481175,False
TATASTEEL,2025-02-28,TRAIN,BEAR,SUPPLY,SINGLE (1-TF),1,False,False,False,False,True,8.5,78,-1.0,STOP,1,3,6.418816388467359,2.6100151745068265,False
TATASTEEL,2025-03-07,TRAIN,SIDEWAYS,DEMAND,SINGLE (1-TF),1,False,False,False,False,True,8.5,78,-1.0,STOP,19,1,14.1569497102797,0.0,False
TATASTEEL,2025-03-17,TRAIN,SIDEWAYS,DEMAND,SINGLE (1-TF),1,False,False,False,False,True,8.5,78,2.0,T1,1,2,0.4341534008683232,5.044449038660321,True
TATASTEEL,2025-03-24,TRAIN,BULL,SUPPLY,TRIPLE (3-TF),3,False,False,True,True,True,11.5,92,-1.0,STOP,1,1,7.750017694104337,0.0,False
TATASTEEL,2025-04-01,TRAIN,SIDEWAYS,SUPPLY,DUAL (2-TF),2,False,False,True,False,True,10.0,85,-1.0,STOP,29,2,2.597831835007937,1.1832363828662031,False
TATASTEEL,2025-04-09,TRAIN,BEAR,DEMAND,TRIPLE (3-TF),3,False,False,True,True,True,11.5,92,-1.0,STOP,1,1,7.708285252711754,0.0,False
TATASTEEL,2025-04-21,TRAIN,BEAR,SUPPLY,SINGLE (1-TF),1,False,False,False,False,True,8.5,78,-1.0,STOP,1,1,9.6360429693763,0.0,False
TATASTEEL,2025-04-28,TRAIN,BEAR,DEMAND,TRIPLE (3-TF),3,False,False,True,True,True,11.5,92,2.0,T1,1,9,2.241787511097959,7.642793725954434,True
TATASTEEL,2025-05-06,TRAIN,SIDEWAYS,DEMAND,TRIPLE (3-TF),3,False,False,True,True,True,11.5,92,2.0,T1,1,4,1.0517799352750858,7.009414533686378,True
TATASTEEL,2025-05-13,TRAIN,SIDEWAYS,SUPPLY,TRIPLE (3-TF),3,False,False,True,True,True,11.5,92,-1.0,STOP,1,1,22.772519582245426,0.0,False
TATASTEEL,2025-05-20,TRAIN,BULL,DEMAND,SINGLE (1-TF),1,False,False,False,False,True,8.5,78,2.0,T1,19,13,1.2979152656354933,9.475453934095498,True
TATASTEEL,2025-05-27,TRAIN,BULL,DEMAND,DUAL (2-TF),2,False,False,False,True,True,10.0,85,-1.0,STOP,1,4,2.4736126400310776,1.651233568607125,False
TATASTEEL,2025-06-03,TRAIN,BULL,SUPPLY,DUAL (2-TF),2,False,False,True,False,True,10.0,85,2.0,T1,6,2,0.5087256101487672,4.192156610213145,True
TATASTEEL,2025-06-10,TRAIN,BULL,SUPPLY,DUAL (2-TF),2,False,False,True,False,True,10.0,85,2.0,T1,1,2,0.5087256101487672,4.192156610213145,True
TATASTEEL,2025-06-17,TRAIN,BULL,DEMAND,SINGLE (1-TF),1,False,False,False,False,True,8.5,78,-1.0,STOP,1,1,3.336604514229633,0.0,False
TATASTEEL,2025-06-24,TRAIN,BULL,SUPPLY,DUAL (2-TF),2,False,False,False,True,True,10.0,85,-1.0,STOP,1,1,3.193773483628569,0.0,False
TATASTEEL,2025-07-15,TRAIN,BULL,SUPPLY,TRIPLE (3-TF),3,False,False,True,True,True,11.5,92,-1.0,STOP,4,1,2.2369250157530005,1.1531190926275894,False
TATASTEEL,2025-07-22,TRAIN,BULL,DEMAND,SINGLE (1-TF),1,False,False,False,False,True,8.5,78,-1.0,STOP,5,4,4.621178272802695,1.8063445458607343,False
TATASTEEL,2025-07-29,TRAIN,BULL,SUPPLY,TRIPLE (3-TF),3,False,False,True,True,True,11.5,92,-1.0,STOP,25,1,3.8632521445119203,0.0,False
TATASTEEL,2025-08-05,TRAIN,BULL,SUPPLY,TRIPLE (3-TF),3,False,False,True,True,True,11.5,92,-1.0,STOP,1,19,7.192245557350563,3.095315024232628,False
TATASTEEL,2025-08-12,TRAIN,BULL,SUPPLY,DUAL (2-TF),2,False,False,True,False,True,10.0,85,-1.0,STOP,1,1,3.344807430018838,0.0,False
TATASTEEL,2025-08-20,TRAIN,BULL,SUPPLY,DUAL (2-TF),2,False,False,True,False,True,10.0,85,2.0,T1,1,5,1.612081050082835,4.377469096469992,True
TATASTEEL,2025-08-28,TRAIN,BULL,DEMAND,DUAL (2-TF),2,False,False,False,True,True,10.0,85,-1.0,STOP,1,1,3.8779565412473453,0.0,False
TATASTEEL,2025-09-12,VALIDATION,BULL,SUPPLY,DUAL (2-TF),2,False,False,False,True,True,10.0,85,-1.0,STOP,1,1,3.0634842519684975,0.0,False
TATASTEEL,2025-09-19,VALIDATION,BULL,DEMAND,SINGLE (1-TF),1,False,False,False,False,True,8.5,78,-1.0,STOP,6,1,1.5149693399062223,2.1221594324876762,False
TATASTEEL,2025-09-26,VALIDATION,BULL,DEMAND,SINGLE (1-TF),1,False,False,False,False,True,8.5,78,-1.0,STOP,1,1,2.4474483415709005,1.1552432561186194,False
TATASTEEL,2025-10-06,VALIDATION,BULL,DEMAND,SINGLE (1-TF),1,False,False,False,False,True,8.5,78,2.0,T1,1,16,1.7245466398008749,8.545691596539045,True
TATASTEEL,2025-10-13,VALIDATION,BULL,DEMAND,DUAL (2-TF),2,False,False,False,True,True,10.0,85,2.0,T1,1,9,1.5962497032993102,3.435793971042008,True
TATASTEEL,2025-10-20,VALIDATION,BULL,DEMAND,DUAL (2-TF),2,False,False,False,True,True,10.0,85,-1.0,STOP,1,22,4.125335511728319,6.873614190687362,False
TATASTEEL,2025-10-28,VALIDATION,BULL,SUPPLY,TRIPLE (3-TF),3,False,True,True,False,True,11.5,92,-1.0,STOP,1,1,8.545691596539045,0.0,False
TATASTEEL,2025-11-12,VALIDATION,BULL,DEMAND,SINGLE (1-TF),1,False,False,False,False,True,8.5,78,-1.0,STOP,1,1,2.3396140490692696,2.6242386292480298,False
TATASTEEL,2025-11-19,VALIDATION,BULL,SUPPLY,DUAL (2-TF),2,False,True,False,False,True,10.0,85,-1.0,STOP,2,31,7.244933817500295,8.146890008199598,False
TATASTEEL,2025-11-26,VALIDATION,BULL,SUPPLY,DUAL (2-TF),2,False,True,False,False,True,10.0,85,-1.0,STOP,1,23,4.969321426401785,4.726322823643764,False
TATASTEEL,2025-12-03,VALIDATION,BULL,SUPPLY,TRIPLE (3-TF),3,False,True,True,False,True,11.5,92,-1.0,STOP,1,7,3.2879056407749165,4.155717166778698,False
TATASTEEL,2025-12-10,VALIDATION,SIDEWAYS,SUPPLY,DUAL (2-TF),2,False,True,False,False,True,10.0,85,-1.0,STOP,1,1,6.718515129730084,0.0,False
TATASTEEL,2025-12-17,VALIDATION,BULL,DEMAND,SINGLE (1-TF),1,False,False,False,False,True,8.5,78,2.0,T1,1,21,2.5234532715829476,11.115069469184183,True
TATASTEEL,2025-12-24,VALIDATION,BULL,SUPPLY,ATZ (4-TF),4,True,True,True,True,True,13.0,100,-1.0,STOP,1,2,2.3762376237623806,1.3321332133213313,False
TATASTEEL,2026-01-01,VALIDATION,BULL,SUPPLY,TRIPLE (3-TF),3,False,False,True,True,True,11.5,92,-1.0,STOP,1,2,7.244933817500295,0.0,False
TATASTEEL,2026-01-08,VALIDATION,BULL,DEMAND,DUAL (2-TF),2,False,False,True,False,True,10.0,85,-1.0,STOP,1,1,3.0304721509097035,1.6352271458868215,False
TATASTEEL,2026-01-15,VALIDATION,BULL,SUPPLY,TRIPLE (3-TF),3,False,False,True,True,True,11.5,92,-1.0,STOP,1,1,3.9147093120106518,0.0,False
TATASTEEL,2026-01-22,VALIDATION,BULL,SUPPLY,SINGLE (1-TF),1,False,False,False,False,True,8.5,78,-1.0,STOP,1,1,2.831114990181103,0.6982325987344541,False
TATASTEEL,2026-02-06,VALIDATION,BULL,DEMAND,SINGLE (1-TF),1,False,False,False,False,True,8.5,78,-1.0,STOP,21,5,6.368956608846937,2.7363315231718386,False
TATASTEEL,2026-02-13,VALIDATION,BULL,DEMAND,SINGLE (1-TF),1,False,False,False,False,True,8.5,78,-1.0,STOP,2,14,7.412085691188352,7.154405820533562,False
TATASTEEL,2026-02-20,VALIDATION,BULL,DEMAND,SINGLE (1-TF),1,False,False,False,False,True,8.5,78,-1.0,STOP,1,7,5.388626769307174,5.329029053886277,False
TATASTEEL,2026-02-27,VALIDATION,BULL,DEMAND,SINGLE (1-TF),1,False,False,False,False,True,8.5,78,-1.0,STOP,2,1,7.027818448023429,2.4938994631527502,False
TATASTEEL,2026-03-09,TEST_OOS,BULL,SUPPLY,SINGLE (1-TF),1,False,False,False,False,True,8.5,78,-1.0,STOP,20,13,6.457233894254704,1.707657074579312,False
TATASTEEL,2026-03-16,TEST_OOS,BULL,DEMAND,TRIPLE (3-TF),3,False,False,True,True,True,11.5,92,2.0,T1,1,27,6.368956608846937,12.737913217693903,True
TATASTEEL,2026-03-23,TEST_OOS,BULL,DEMAND,DUAL (2-TF),2,False,False,True,False,True,10.0,85,2.0,T1,1,16,2.8340511511671105,11.17668953049397,True
TATASTEEL,2026-04-01,TEST_OOS,BULL,DEMAND,TRIPLE (3-TF),3,False,False,True,True,True,11.5,92,2.0,T1,2,3,2.110355092494152,7.500531575590042,True
TATASTEEL,2026-04-09,TEST_OOS,BULL,SUPPLY,DUAL (2-TF),2,False,False,False,True,True,10.0,85,-1.0,STOP,1,12,6.457233894254704,1.707657074579312,False
TATASTEEL,2026-04-17,TEST_OOS,BULL,SUPPLY,DUAL (2-TF),2,False,False,False,True,True,10.0,85,-1.0,STOP,1,7,6.457233894254704,0.0,False
TATASTEEL,2026-04-24,TEST_OOS,BULL,DEMAND,DUAL (2-TF),2,False,False,False,True,True,10.0,85,2.0,T1,1,9,1.6078563519953804,3.389014586241766,True
TATASTEEL,2026-05-01,TEST_OOS,BULL,DEMAND,DUAL (2-TF),2,False,False,False,True,True,10.0,85,2.0,T1,3,2,0.7352229853922851,3.884105639934217,True
TATASTEEL,2026-05-08,TEST_OOS,BULL,SUPPLY,DUAL (2-TF),2,False,False,False,True,True,10.0,85,-1.0,STOP,1,3,2.330748865355512,2.028177004538587,False
TATASTEEL,2026-05-15,TEST_OOS,BULL,SUPPLY,SINGLE (1-TF),1,False,False,False,False,True,8.5,78,2.0,T1,1,1,3.555953278070842,5.3739638281838715,True
TATASTEEL,2026-05-22,TEST_OOS,BULL,DEMAND,DUAL (2-TF),2,False,False,False,True,True,10.0,85,-1.0,STOP,1,1,1.7668014635085632,0.0,False
TATASTEEL,2026-06-12,TEST_OOS,BULL,SUPPLY,SINGLE (1-TF),1,False,False,False,False,True,8.5,78,2.0,T1,1,8,1.0306686777274927,4.6807440925087995,True
TATASTEEL,2026-06-19,TEST_OOS,BULL,DEMAND,DUAL (2-TF),2,False,False,False,True,True,10.0,85,-1.0,STOP,1,3,4.00992354817477,1.594855956660425,False
TATASTEEL,2026-07-03,TEST_OOS,SIDEWAYS,SUPPLY,SINGLE (1-TF),1,False,False,False,False,True,8.5,78,-1.0,STOP,1,5,2.7863447835797133,0.8188875890673146,False
TATASTEEL,2026-07-10,TEST_OOS,SIDEWAYS,SUPPLY,SINGLE (1-TF),1,False,False,False,False,True,8.5,78,2.0,T1,1,10,1.5284416198329878,4.826934187719942,True
TATASTEEL,2026-07-17,TEST_OOS,SIDEWAYS,SUPPLY,SINGLE (1-TF),1,False,False,False,False,True,8.5,78,-1.0,STOP,2,9,2.753079807177298,2.945902517407606,False
TATASTEEL,2026-07-24,TEST_OOS,SIDEWAYS,SUPPLY,SINGLE (1-TF),1,False,False,False,False,True,8.5,78,-1.0,STOP,4,2,3.5517650869048976,1.1983158803843241,False
TATASTEEL,2026-07-31,TEST_OOS,SIDEWAYS,DEMAND,DUAL (2-TF),2,False,False,True,False,True,10.0,85,-1.0,STOP,9,2,2.3384515218924653,2.4795182030275043,False
TATASTEEL,2026-08-07,TEST_OOS,SIDEWAYS,DEMAND,TRIPLE (3-TF),3,False,False,True,True,True,11.5,92,-1.0,STOP,4,2,2.3384515218924653,2.4795182030275043,False
TMPV,2022-06-17,TRAIN,BEAR,SUPPLY,SINGLE (1-TF),1,False,False,False,False,True,8.5,78,-1.0,STOP,10,6,4.928415433147294,4.894443096335845,False
TMPV,2022-06-24,TRAIN,BEAR,DEMAND,SINGLE (1-TF),1,False,False,False,False,True,8.5,78,-1.0,STOP,1,5,6.3555778558287255,0.0,False
TMPV,2022-07-01,TRAIN,SIDEWAYS,DEMAND,SINGLE (1-TF),1,False,False,False,False,True,8.5,78,-1.0,STOP,1,1,3.548664944013785,0.0,False
TMPV,2022-07-15,TRAIN,BULL,SUPPLY,SINGLE (1-TF),1,False,False,False,False,True,8.5,78,-1.0,STOP,1,1,5.399799742526113,0.19787345634863493,False
TMPV,2022-07-22,TRAIN,BULL,DEMAND,SINGLE (1-TF),1,False,False,False,False,True,8.5,78,2.0,T1,3,4,2.907708809401676,9.016928601408376,True
TMPV,2022-07-29,TRAIN,BULL,SUPPLY,SINGLE (1-TF),1,False,False,False,False,True,8.5,78,-1.0,STOP,1,1,6.749320729730333,0.9795191451469325,False
TMPV,2022-08-08,TRAIN,BULL,SUPPLY,SINGLE (1-TF),1,False,False,False,False,True,8.5,78,-1.0,STOP,1,1,6.148822978742825,0.0,False
TMPV,2022-08-17,TRAIN,BULL,DEMAND,SINGLE (1-TF),1,False,False,False,True,False,8.5,78,-1.0,STOP,3,20,11.454046639231825,1.9204389574759901,False
TMPV,2022-08-24,TRAIN,BULL,SUPPLY,SINGLE (1-TF),1,False,False,False,False,True,8.5,78,2.0,T1,5,12,0.723532232053348,8.89595955193305,True
TMPV,2022-09-01,TRAIN,BULL,SUPPLY,SINGLE (1-TF),1,False,False,False,False,True,8.5,78,-1.0,STOP,1,1,3.3566652503522127,0.0,False
TMPV,2022-09-15,TRAIN,SIDEWAYS,DEMAND,SINGLE (1-TF),1,False,False,False,False,True,8.5,78,-1.0,STOP,1,1,4.112668302864877,1.8648072115053778,False
TMPV,2022-09-29,TRAIN,BEAR,DEMAND,DUAL (2-TF),2,False,False,False,True,True,10.0,85,2.0,T1,2,20,1.3387192832543608,6.558947668246196,True
TMPV,2022-10-07,TRAIN,BEAR,SUPPLY,SINGLE (1-TF),1,False,False,False,False,True,8.5,78,-1.0,STOP,1,15,4.598442255119406,1.7331201320472551,False
TMPV,2022-10-14,TRAIN,BEAR,SUPPLY,SINGLE (1-TF),1,False,False,False,False,True,8.5,78,-1.0,STOP,11,1,2.4879834632530593,0.13448559260826431,False
TMPV,2022-10-21,TRAIN,BEAR,SUPPLY,SINGLE (1-TF),1,False,False,False,False,True,8.5,78,-1.0,STOP,1,2,2.3677272378222027,1.5716589448895597,False
TMPV,2022-10-31,TRAIN,BEAR,SUPPLY,SINGLE (1-TF),1,False,False,False,False,True,8.5,78,-1.0,STOP,1,1,5.336985179307335,0.0,False
TMPV,2022-11-07,TRAIN,SIDEWAYS,DEMAND,DUAL (2-TF),2,False,False,False,True,True,10.0,85,2.0,T1,3,2,1.241112790150368,5.635791611960264,True
TMPV,2022-11-15,TRAIN,SIDEWAYS,SUPPLY,DUAL (2-TF),2,False,False,False,True,True,10.0,85,-1.0,STOP,1,12,2.412379440271098,3.128036209388845,False
TMPV,2022-11-22,TRAIN,SIDEWAYS,SUPPLY,SINGLE (1-TF),1,False,False,False,False,True,8.5,78,-1.0,STOP,4,3,1.4043286365031011,2.506549599943356,False
TMPV,2022-11-29,TRAIN,SIDEWAYS,DEMAND,DUAL (2-TF),2,False,False,False,True,True,10.0,85,-1.0,STOP,7,1,2.154463681207086,0.824547828610123,False
TMPV,2022-12-06,TRAIN,SIDEWAYS,SUPPLY,SINGLE (1-TF),1,False,False,False,False,True,8.5,78,-1.0,STOP,38,1,3.456998313659371,0.7073262132284012,False
TMPV,2022-12-13,TRAIN,SIDEWAYS,SUPPLY,SINGLE (1-TF),1,False,False,False,False,True,8.5,78,2.0,T1,1,7,2.5415180218969087,6.470660597859518,True
TMPV,2022-12-20,TRAIN,BEAR,SUPPLY,SINGLE (1-TF),1,False,False,False,False,True,8.5,78,2.0,T1,17,2,0.47581673697635574,2.509074855292852,True
TMPV,2022-12-27,TRAIN,BEAR,SUPPLY,SINGLE (1-TF),1,False,False,False,False,True,8.5,78,-1.0,STOP,1,10,5.906997319732491,3.411486117255201,False
TMPV,2023-01-03,TRAIN,BEAR,SUPPLY,SINGLE (1-TF),1,False,False,False,False,True,8.5,78,-1.0,STOP,1,5,8.253537610384091,1.2714118523247082,False
TMPV,2023-01-10,TRAIN,BEAR,SUPPLY,DUAL (2-TF),2,False,False,False,True,True,10.0,85,-1.0,STOP,1,1,8.555965298596556,0.0,False
TMPV,2023-01-17,TRAIN,SIDEWAYS,SUPPLY,DUAL (2-TF),2,False,False,False,True,True,10.0,85,2.0,T1,1,2,0.8888011060635902,3.765060240963855,True
TMPV,2023-01-24,TRAIN,SIDEWAYS,SUPPLY,DUAL (2-TF),2,False,False,False,True,True,10.0,85,-1.0,STOP,1,1,4.614456620086462,0.0,False
TMPV,2023-02-08,TRAIN,BULL,DEMAND,SINGLE (1-TF),1,False,False,False,False,True,8.5,78,-1.0,STOP,1,2,3.231825301759889,0.4929512577167572,False
TMPV,2023-02-15,TRAIN,BULL,SUPPLY,DUAL (2-TF),2,False,False,False,True,True,10.0,85,2.0,T1,1,8,2.353161768152619,5.683682557539961,True
TMPV,2023-02-22,TRAIN,SIDEWAYS,DEMAND,SINGLE (1-TF),1,False,False,False,False,True,8.5,78,-1.0,STOP,1,1,3.999723202546531,0.0,False
TMPV,2023-03-01,TRAIN,SIDEWAYS,SUPPLY,SINGLE (1-TF),1,False,False,False,False,True,8.5,78,-1.0,STOP,1,3,3.2011134307585185,1.9173085690974991,False
TMPV,2023-03-09,TRAIN,SIDEWAYS,DEMAND,SINGLE (1-TF),1,False,False,False,False,True,8.5,78,-1.0,STOP,3,1,3.410317289013604,2.103268820298818,False
TMPV,2023-03-16,TRAIN,SIDEWAYS,SUPPLY,SINGLE (1-TF),1,False,False,False,False,True,8.5,78,-1.0,STOP,2,13,12.048017107309498,5.197803265940899,False
TMPV,2023-03-23,TRAIN,SIDEWAYS,SUPPLY,DUAL (2-TF),2,False,False,False,True,True,10.0,85,-1.0,STOP,1,8,5.437165874208567,3.8875612820576064,False
TMPV,2023-03-31,TRAIN,SIDEWAYS,SUPPLY,SINGLE (1-TF),1,False,False,False,False,True,8.5,78,-1.0,STOP,1,1,3.1313055825424088,0.2540916224497376,False
TMPV,2023-04-11,TRAIN,BULL,SUPPLY,DUAL (2-TF),2,False,False,False,True,True,10.0,85,-1.0,STOP,1,1,8.346781849250037,0.0,False
TMPV,2023-04-26,TRAIN,BULL,DEMAND,SINGLE (1-TF),1,False,False,False,False,True,8.5,78,2.0,T1,1,7,0.8612893501571853,5.37013909823005,True
TMPV,2023-05-04,TRAIN,BULL,DEMAND,DUAL (2-TF),2,False,False,False,True,True,10.0,85,2.0,T1,2,1,0.4292950974499872,5.039924444062853,True
TMPV,2023-05-18,TRAIN,BULL,SUPPLY,SINGLE (1-TF),1,False,False,False,False,True,8.5,78,-1.0,STOP,2,10,3.3212501224649618,3.6465170961105153,False
TMPV,2023-05-25,TRAIN,BULL,DEMAND,SINGLE (1-TF),1,False,False,False,False,True,8.5,78,2.0,T1,1,9,3.019045011927574,9.53423800398888,True
TMPV,2023-06-01,TRAIN,BULL,SUPPLY,SINGLE (1-TF),1,False,False,False,False,True,8.5,78,-1.0,STOP,1,1,5.117317544803931,0.0,False
TMPV,2023-06-15,TRAIN,BULL,SUPPLY,SINGLE (1-TF),1,False,False,False,False,True,8.5,78,-1.0,STOP,1,1,1.9231818926147515,0.0,False
TMPV,2023-06-22,TRAIN,BULL,DEMAND,SINGLE (1-TF),1,False,False,False,False,True,8.5,78,-1.0,STOP,1,1,2.2699883083011065,2.460652936415136,False
TMPV,2023-07-10,TRAIN,BULL,SUPPLY,SINGLE (1-TF),1,False,False,False,False,True,8.5,78,-1.0,STOP,1,1,7.894415464331199,0.0,False
TMPV,2023-07-17,TRAIN,BULL,SUPPLY,SINGLE (1-TF),1,False,False,False,False,True,8.5,78,-1.0,STOP,1,6,2.8069310996140318,2.8726287262872643,False
TMPV,2023-07-24,TRAIN,BULL,SUPPLY,SINGLE (1-TF),1,False,False,False,False,True,8.5,78,-1.0,STOP,1,1,3.8801115241635875,0.0,False
TMPV,2023-07-31,TRAIN,BULL,SUPPLY,SINGLE (1-TF),1,False,False,False,False,True,8.5,78,-1.0,STOP,1,1,4.797569187813077,0.0,False
TMPV,2023-08-07,TRAIN,BULL,SUPPLY,SINGLE (1-TF),1,False,False,False,False,True,8.5,78,-1.0,STOP,1,3,1.901885289431764,3.012148167817309,False
TMPV,2023-08-14,TRAIN,BULL,DEMAND,DUAL (2-TF),2,False,False,True,False,True,10.0,85,-1.0,STOP,1,1,2.946728363095733,1.4366136010557478,False
TMPV,2023-08-22,TRAIN,BULL,SUPPLY,DUAL (2-TF),2,False,False,False,True,True,10.0,85,-1.0,STOP,1,13,3.6582280615945177,2.209441567860219,False
TMPV,2023-08-29,TRAIN,BULL,SUPPLY,SINGLE (1-TF),1,False,False,False,False,True,8.5,78,-1.0,STOP,4,6,3.501958496541377,1.95516293024419,False
TMPV,2023-09-05,TRAIN,BULL,DEMAND,SINGLE (1-TF),1,False,False,False,False,True,8.5,78,2.0,T1,1,4,0.5260857872798164,4.370041683474519,True
TMPV,2023-09-12,TRAIN,BULL,DEMAND,SINGLE (1-TF),1,False,False,False,False,True,8.5,78,2.0,T1,12,9,1.0733541902416182,4.115356453438065,True
TMPV,2023-09-20,TRAIN,BULL,DEMAND,SINGLE (1-TF),1,False,False,False,False,True,8.5,78,-1.0,STOP,2,5,2.523541103255027,2.165129842624868,False
TMPV,2023-09-27,TRAIN,BULL,SUPPLY,TRIPLE (3-TF),3,False,False,True,True,True,11.5,92,-1.0,STOP,1,11,9.24218685577636,1.9592644512245394,False
TMPV,2023-10-05,TRAIN,BULL,SUPPLY,DUAL (2-TF),2,False,False,False,True,True,10.0,85,-1.0,STOP,1,4,3.0861338978565707,0.8087456999206117,False
TMPV,2023-10-20,TRAIN,BULL,DEMAND,SINGLE (1-TF),1,False,False,False,False,True,8.5,78,-1.0,STOP,1,1,3.73108114299677,0.9545336530384715,False
TMPV,2023-10-30,TRAIN,BULL,SUPPLY,SINGLE (1-TF),1,False,False,False,False,True,8.5,78,-1.0,STOP,1,11,5.589155370177273,2.5090238228924338,False
TMPV,2023-11-13,TRAIN,BULL,SUPPLY,DUAL (2-TF),2,False,False,False,True,True,10.0,85,-1.0,STOP,1,1,4.418250468001399,0.0,False
TMPV,2023-11-29,TRAIN,BULL,SUPPLY,SINGLE (1-TF),1,False,False,False,False,True,8.5,78,-1.0,STOP,1,1,5.486914776746081,0.0,False
TMPV,2023-12-06,TRAIN,BULL,SUPPLY,SINGLE (1-TF),1,False,False,False,False,True,8.5,78,-1.0,STOP,1,1,3.1258612436721354,0.0,False
TMPV,2023-12-13,TRAIN,BULL,DEMAND,SINGLE (1-TF),1,False,False,False,False,True,8.5,78,-1.0,STOP,6,1,1.791204191504421,3.393328810819391,False
TMPV,2023-12-20,TRAIN,BULL,DEMAND,DUAL (2-TF),2,False,False,False,True,True,10.0,85,-1.0,STOP,1,1,3.8329988410549234,1.2437459366255008,False
TMPV,2023-12-28,TRAIN,BULL,SUPPLY,SINGLE (1-TF),1,False,False,False,False,True,8.5,78,-1.0,STOP,1,1,11.424533554124848,0.0,False
TMPV,2024-01-05,TRAIN,BULL,SUPPLY,SINGLE (1-TF),1,False,False,False,False,True,8.5,78,-1.0,STOP,1,2,3.0827988946243257,0.0,False
TMPV,2024-01-12,TRAIN,BULL,SUPPLY,SINGLE (1-TF),1,False,False,False,False,True,8.5,78,-1.0,STOP,1,1,3.7233010336753005,0.0,False
TMPV,2024-01-19,TRAIN,BULL,SUPPLY,SINGLE (1-TF),1,False,False,False,False,True,8.5,78,-1.0,STOP,1,4,3.8590392705105905,2.9471775107685305,False
TMPV,2024-02-13,TRAIN,BULL,SUPPLY,SINGLE (1-TF),1,False,False,False,False,True,8.5,78,-1.0,STOP,3,1,2.6503116385656935,0.8601888651485108,False
TMPV,2024-02-20,TRAIN,BULL,DEMAND,SINGLE (1-TF),1,False,False,False,False,True,8.5,78,2.0,T1,1,9,0.9848233078542261,7.719065027140794,True
TMPV,2024-02-27,TRAIN,BULL,SUPPLY,SINGLE (1-TF),1,False,False,False,False,True,8.5,78,-1.0,STOP,1,1,4.653280667105548,0.0,False
TMPV,2024-03-06,TRAIN,BULL,DEMAND,SINGLE (1-TF),1,False,False,False,False,True,8.5,78,-1.0,STOP,6,2,2.330345710627404,2.398634229620135,False
TMPV,2024-03-14,TRAIN,BULL,DEMAND,DUAL (2-TF),2,False,False,False,True,True,10.0,85,-1.0,STOP,1,2,2.330345710627404,2.398634229620135,False
TMPV,2024-03-21,TRAIN,BULL,SUPPLY,SINGLE (1-TF),1,False,False,False,False,True,8.5,78,-1.0,STOP,1,1,4.265700221777459,0.0,False
TMPV,2024-04-01,TRAIN,BULL,SUPPLY,SINGLE (1-TF),1,False,False,False,False,True,8.5,78,-1.0,STOP,1,1,3.3619958315441116,0.0,False
TMPV,2024-04-08,TRAIN,BULL,SUPPLY,SINGLE (1-TF),1,False,False,False,False,True,8.5,78,-1.0,STOP,1,1,5.373956576838893,0.0,False
TMPV,2024-04-16,TRAIN,BULL,SUPPLY,SINGLE (1-TF),1,False,False,False,False,True,8.5,78,-1.0,STOP,10,1,1.9755037534571314,1.242034667558175,False
TMPV,2024-04-24,TRAIN,BULL,SUPPLY,DUAL (2-TF),2,False,False,False,True,True,10.0,85,-1.0,STOP,1,4,2.974677002583977,0.20258397932816913,False
TMPV,2024-05-02,TRAIN,BULL,SUPPLY,DUAL (2-TF),2,False,False,False,True,True,10.0,85,-1.0,STOP,1,1,4.805451883621656,0.0,False
TMPV,2024-05-09,TRAIN,BULL,SUPPLY,DUAL (2-TF),2,False,False,False,True,True,10.0,85,-1.0,STOP,1,1,3.482100551450211,0.7591261480144741,False
TMPV,2024-05-16,TRAIN,BULL,DEMAND,DUAL (2-TF),2,False,False,False,True,True,10.0,85,-1.0,STOP,1,8,6.104547830632513,0.0,False
TMPV,2024-05-24,TRAIN,BULL,SUPPLY,SINGLE (1-TF),1,False,False,False,False,True,8.5,78,-1.0,STOP,1,12,5.375933469110653,7.738246775288532,False
TMPV,2024-05-31,TRAIN,BULL,DEMAND,DUAL (2-TF),2,False,False,False,True,True,10.0,85,-1.0,STOP,1,2,7.378655250995673,0.2183034097927788,False
TMPV,2024-06-10,TRAIN,BULL,SUPPLY,TRIPLE (3-TF),3,False,False,True,True,True,11.5,92,-1.0,STOP,1,1,5.8385295233964145,0.0,False
TMPV,2024-06-18,TRAIN,BULL,SUPPLY,TRIPLE (3-TF),3,False,False,True,True,True,11.5,92,-1.0,STOP,1,14,2.8214068976867086,4.1112516843068905,False
TMPV,2024-06-25,TRAIN,BULL,SUPPLY,DUAL (2-TF),2,False,False,False,True,True,10.0,85,-1.0,STOP,4,1,2.7860655141226562,0.5821629432494994,False
TMPV,2024-07-02,TRAIN,BULL,DEMAND,DUAL (2-TF),2,False,False,False,True,True,10.0,85,2.0,T1,15,1,0.5032012386491971,6.394108047035194,True
TMPV,2024-07-09,TRAIN,BULL,SUPPLY,DUAL (2-TF),2,False,False,True,False,True,10.0,85,-1.0,STOP,1,1,3.6430719622980807,0.0,False
TMPV,2024-07-16,TRAIN,BULL,SUPPLY,DUAL (2-TF),2,False,False,True,False,True,10.0,85,-1.0,STOP,1,5,2.6039407177231353,4.04765988357429,False
TMPV,2024-07-24,TRAIN,BULL,SUPPLY,TRIPLE (3-TF),3,False,False,True,True,True,11.5,92,-1.0,STOP,1,1,9.53583393810456,2.7179910328167125,False
TMPV,2024-08-01,TRAIN,BULL,DEMAND,SINGLE (1-TF),1,False,False,False,False,True,8.5,78,-1.0,STOP,2,1,9.782402171454423,0.0,False
TMPV,2024-08-08,TRAIN,BULL,DEMAND,DUAL (2-TF),2,False,False,False,True,True,10.0,85,-1.0,STOP,24,1,4.9511144295674505,0.36222744654874106,False
TMPV,2024-08-16,TRAIN,BULL,SUPPLY,SINGLE (1-TF),1,False,False,False,False,True,8.5,78,-1.0,STOP,1,1,3.9437372878928176,0.0,False
TMPV,2024-08-23,TRAIN,BULL,SUPPLY,SINGLE (1-TF),1,False,False,False,False,True,8.5,78,-1.0,STOP,1,4,4.99177231758855,1.99521298477878,False
TMPV,2024-08-30,TRAIN,BULL,DEMAND,SINGLE (1-TF),1,False,False,False,False,True,8.5,78,-1.0,STOP,2,4,4.541807393032408,1.3761639081189005,False
TMPV,2024-09-13,TRAIN,BULL,DEMAND,TRIPLE (3-TF),3,False,False,True,True,True,11.5,92,-1.0,STOP,1,2,4.75234337951145,0.0,False
TMPV,2024-09-20,TRAIN,BULL,SUPPLY,SINGLE (1-TF),1,False,False,False,False,True,8.5,78,2.0,T1,1,10,2.609811305009959,6.149015844537863,True
TMPV,2024-09-27,TRAIN,BULL,SUPPLY,DUAL (2-TF),2,False,False,False,True,True,10.0,85,-1.0,STOP,1,1,2.7105194466196854,0.22552858261550177,False
TMPV,2024-10-07,TRAIN,SIDEWAYS,DEMAND,DUAL (2-TF),2,False,False,True,False,True,10.0,85,-1.0,STOP,1,1,7.944155259271662,0.0,False
TMPV,2024-10-14,TRAIN,BEAR,DEMAND,DUAL (2-TF),2,False,False,True,False,True,10.0,85,-1.0,STOP,2,3,3.5877761316144485,1.690511465404768,False
TMPV,2024-10-21,TRAIN,BEAR,SUPPLY,SINGLE (1-TF),1,False,False,False,False,True,8.5,78,2.0,T1,1,6,1.124048817115138,9.008080151516848,True
TMPV,2024-10-28,TRAIN,BEAR,SUPPLY,SINGLE (1-TF),1,False,False,False,False,True,8.5,78,2.0,T1,1,11,3.1258500585431697,8.934041370501339,True
TMPV,2024-11-04,TRAIN,BEAR,SUPPLY,SINGLE (1-TF),1,False,False,False,False,True,8.5,78,2.0,T1,1,31,0.505943014839389,11.758938730058823,True
TMPV,2024-11-11,TRAIN,BEAR,DEMAND,TRIPLE (3-TF),3,False,False,True,True,True,11.5,92,-1.0,STOP,1,1,6.779743096163392,0.0,False
TMPV,2024-11-19,TRAIN,BEAR,SUPPLY,SINGLE (1-TF),1,False,False,False,False,True,8.5,78,-1.0,STOP,1,12,4.146779972320316,2.5429099892644147,False
TMPV,2024-11-27,TRAIN,BEAR,SUPPLY,SINGLE (1-TF),1,False,False,False,False,True,8.5,78,-1.0,STOP,1,4,3.999632579684268,0.0,False
TMPV,2024-12-04,TRAIN,BEAR,DEMAND,DUAL (2-TF),2,False,False,True,False,True,10.0,85,3.5,T2,2,1,0.2558640933059754,4.5782788269215775,True
TMPV,2024-12-11,TRAIN,BEAR,SUPPLY,SINGLE (1-TF),1,False,False,False,False,True,8.5,78,2.0,T1,1,7,1.7594931838875603,9.016761352706562,True
TMPV,2024-12-18,TRAIN,BEAR,SUPPLY,DUAL (2-TF),2,False,False,False,True,True,10.0,85,-1.0,STOP,12,4,2.661631264178178,3.4916993194473127,False
TMPV,2024-12-26,TRAIN,BEAR,SUPPLY,SINGLE (1-TF),1,False,False,False,False,True,8.5,78,-1.0,STOP,1,1,5.9117659451943085,0.0,False
TMPV,2025-01-02,TRAIN,BEAR,DEMAND,TRIPLE (3-TF),3,False,False,True,True,True,11.5,92,2.0,T1,1,5,0.60297847083581,7.442130254141254,True
TMPV,2025-01-09,TRAIN,BEAR,DEMAND,DUAL (2-TF),2,False,False,True,False,True,10.0,85,-1.0,STOP,1,2,6.129603896021117,1.5425999821517387,False
TMPV,2025-01-16,TRAIN,BEAR,DEMAND,DUAL (2-TF),2,False,False,True,False,True,10.0,85,-1.0,STOP,1,4,4.940687940542473,2.2957800494597795,False
TMPV,2025-01-23,TRAIN,BEAR,DEMAND,DUAL (2-TF),2,False,False,True,False,True,10.0,85,-1.0,STOP,1,1,4.784638374968585,0.0,False
TMPV,2025-02-05,TRAIN,BEAR,SUPPLY,SINGLE (1-TF),1,False,False,False,False,True,8.5,78,2.0,T1,1,14,2.6757441418619425,6.587886464390579,True
TMPV,2025-02-12,TRAIN,BEAR,DEMAND,TRIPLE (3-TF),3,False,False,True,True,True,11.5,92,-1.0,STOP,1,1,4.70711297071131,0.0,False
TMPV,2025-02-19,TRAIN,BEAR,SUPPLY,DUAL (2-TF),2,False,False,False,True,True,10.0,85,-1.0,STOP,21,2,3.886672803518465,1.071026753751522,False
TMPV,2025-02-27,TRAIN,BEAR,SUPPLY,SINGLE (1-TF),1,False,False,False,False,True,8.5,78,-1.0,STOP,14,2,3.6760087338856886,0.21386055693475756,False
TMPV,2025-03-06,TRAIN,BEAR,SUPPLY,SINGLE (1-TF),1,False,False,False,False,True,8.5,78,-1.0,STOP,1,8,5.735969767770048,2.088658209587137,False
TMPV,2025-03-13,TRAIN,BEAR,DEMAND,TRIPLE (3-TF),3,False,False,True,True,True,11.5,92,-1.0,STOP,15,1,17.361840970054445,0.2619648935669515,False
TMPV,2025-03-21,TRAIN,BEAR,SUPPLY,SINGLE (1-TF),1,False,False,False,False,True,8.5,78,-1.0,STOP,1,1,5.514013100828524,0.0,False
TMPV,2025-03-28,TRAIN,BEAR,DEMAND,TRIPLE (3-TF),3,False,False,True,True,True,11.5,92,-1.0,STOP,1,1,3.5222683997995663,0.0,False
TMPV,2025-04-07,TRAIN,BEAR,DEMAND,TRIPLE (3-TF),3,False,False,True,True,True,11.5,92,-1.0,STOP,1,1,17.987078695415285,0.0,False
TMPV,2025-04-16,TRAIN,BEAR,DEMAND,TRIPLE (3-TF),3,False,False,True,True,True,11.5,92,-1.0,STOP,1,1,6.888767805713396,0.0,False
TMPV,2025-04-24,TRAIN,BEAR,SUPPLY,DUAL (2-TF),2,False,False,False,True,True,10.0,85,-1.0,STOP,1,3,4.427407315252555,0.3747822841502812,False
TMPV,2025-05-02,TRAIN,BEAR,DEMAND,DUAL (2-TF),2,False,False,True,False,True,10.0,85,-1.0,STOP,1,2,4.907181984175288,0.0,False
TMPV,2025-05-16,TRAIN,BEAR,SUPPLY,TRIPLE (3-TF),3,False,False,True,True,True,11.5,92,-1.0,STOP,1,1,2.9402635514546165,0.0,False
TMPV,2025-05-23,TRAIN,BEAR,DEMAND,SINGLE (1-TF),1,False,False,False,False,True,8.5,78,-1.0,STOP,1,5,2.3975369869883862,1.0963751358279241,False
TMPV,2025-05-30,TRAIN,BEAR,SUPPLY,TRIPLE (3-TF),3,False,False,True,True,True,11.5,92,-1.0,STOP,1,8,3.9326159220237704,2.729731252464927,False
TMPV,2025-06-06,TRAIN,BEAR,SUPPLY,TRIPLE (3-TF),3,False,False,True,True,True,11.5,92,-1.0,STOP,1,1,2.9011190030440246,0.614522744487169,False
TMPV,2025-06-13,TRAIN,BEAR,DEMAND,SINGLE (1-TF),1,False,False,False,False,True,8.5,78,-1.0,STOP,1,1,6.248156316284822,0.0,False
TMPV,2025-07-04,TRAIN,BEAR,SUPPLY,DUAL (2-TF),2,False,False,True,False,True,10.0,85,-1.0,STOP,1,2,1.3014039921446778,0.6756162616877236,False
TMPV,2025-07-11,TRAIN,BEAR,DEMAND,DUAL (2-TF),2,False,False,False,True,True,10.0,85,-1.0,STOP,1,1,3.058909090909087,0.7490909090909058,False
TMPV,2025-07-18,TRAIN,BEAR,SUPPLY,SINGLE (1-TF),1,False,False,False,False,True,8.5,78,-1.0,STOP,1,3,2.5296819998806637,0.7025237157687543,False
TMPV,2025-07-25,TRAIN,BEAR,DEMAND,DUAL (2-TF),2,False,False,False,True,True,10.0,85,-1.0,STOP,1,3,3.3062696016648676,2.1001260368731023,False
TMPV,2025-08-01,TRAIN,BEAR,SUPPLY,SINGLE (1-TF),1,False,False,False,False,True,8.5,78,-1.0,STOP,11,12,3.5857398453326237,2.067160537639181,False
TMPV,2025-08-08,TRAIN,BEAR,SUPPLY,SINGLE (1-TF),1,False,False,False,False,True,8.5,78,-1.0,STOP,3,4,6.592096818556889,1.370679380214528,False
TMPV,2025-08-25,TRAIN,SIDEWAYS,SUPPLY,DUAL (2-TF),2,False,False,False,True,True,10.0,85,-1.0,STOP,5,5,4.697849195093065,2.7634407029959176,False
TMPV,2025-09-02,VALIDATION,SIDEWAYS,SUPPLY,TRIPLE (3-TF),3,False,False,True,True,True,11.5,92,-1.0,STOP,1,2,3.3061994927151477,0.3067303722055154,False
TMPV,2025-09-09,VALIDATION,SIDEWAYS,SUPPLY,DUAL (2-TF),2,False,False,True,False,True,10.0,85,-1.0,STOP,1,1,5.18502202643171,0.0,False
TMPV,2025-09-16,VALIDATION,SIDEWAYS,DEMAND,DUAL (2-TF),2,False,False,False,True,True,10.0,85,-1.0,STOP,1,4,2.1622465784542024,2.1182349934692426,False
TMPV,2025-09-23,VALIDATION,SIDEWAYS,SUPPLY,DUAL (2-TF),2,False,False,True,False,True,10.0,85,-1.0,STOP,7,1,4.0065215850287075,4.499893669809316,False
TMPV,2025-09-30,VALIDATION,SIDEWAYS,SUPPLY,SINGLE (1-TF),1,False,False,False,False,True,8.5,78,-1.0,STOP,2,1,6.431348653667602,2.273386722376967,False
TMPV,2025-10-08,VALIDATION,SIDEWAYS,DEMAND,DUAL (2-TF),2,False,True,False,False,True,10.0,85,-1.0,STOP,1,3,3.247850578120363,3.204862140527721,False
TMPV,2025-10-15,VALIDATION,BEAR,DEMAND,TRIPLE (3-TF),3,False,False,True,True,True,11.5,92,-1.0,STOP,1,1,3.4741383635177905,0.2558571213565398,False
TMPV,2025-10-30,VALIDATION,BEAR,DEMAND,ATZ (4-TF),4,True,True,True,True,True,13.0,100,-1.0,STOP,4,6,2.346382556987123,2.594152626362728,False
TMPV,2025-11-21,VALIDATION,BEAR,SUPPLY,SINGLE (1-TF),1,False,False,False,False,True,8.5,78,2.0,T1,30,6,0.9938900203666055,6.37067209775967,True
TMPV,2025-11-28,VALIDATION,BEAR,DEMAND,SINGLE (1-TF),1,False,False,False,False,True,8.5,78,-1.0,STOP,1,6,3.4051542036332996,1.9574707787635512,False
TMPV,2025-12-05,VALIDATION,BEAR,SUPPLY,DUAL (2-TF),2,False,False,False,True,True,10.0,85,-1.0,STOP,13,5,1.86749170777937,1.948323438414586,False
TMPV,2025-12-12,VALIDATION,BEAR,SUPPLY,SINGLE (1-TF),1,False,False,False,False,True,8.5,78,-1.0,STOP,1,6,4.715380565143628,2.0300707892119574,False
TMPV,2025-12-19,VALIDATION,BEAR,SUPPLY,SINGLE (1-TF),1,False,False,False,False,True,8.5,78,-1.0,STOP,1,1,4.715380565143628,0.0,False
TMPV,2025-12-29,VALIDATION,BEAR,SUPPLY,DUAL (2-TF),2,False,False,False,True,True,10.0,85,-1.0,STOP,1,3,2.7707175376365156,0.8714353545792107,False
TMPV,2026-01-05,VALIDATION,BEAR,DEMAND,DUAL (2-TF),2,False,False,True,False,True,10.0,85,-1.0,STOP,2,3,2.639574100398576,2.6953201215263305,False
TMPV,2026-01-12,VALIDATION,BEAR,SUPPLY,SINGLE (1-TF),1,False,False,False,False,True,8.5,78,-1.0,STOP,15,1,5.8497058497058445,6.124431124431122,False
TMPV,2026-01-19,VALIDATION,BEAR,SUPPLY,DUAL (2-TF),2,False,False,False,True,True,10.0,85,-1.0,STOP,10,1,6.998793795057362,5.105332547897554,False
TMPV,2026-01-27,VALIDATION,BEAR,SUPPLY,SINGLE (1-TF),1,False,False,False,False,True,8.5,78,-1.0,STOP,1,4,5.958906117184976,2.441598030307483,False
TMPV,2026-02-03,VALIDATION,BEAR,SUPPLY,SINGLE (1-TF),1,False,False,False,False,True,8.5,78,-1.0,STOP,1,1,11.803499721546437,0.0,False
TMPV,2026-02-10,VALIDATION,BEAR,DEMAND,SINGLE (1-TF),1,False,False,False,False,True,8.5,78,-1.0,STOP,15,1,5.466920773209906,2.1753335148380093,False
TMPV,2026-02-17,VALIDATION,BEAR,DEMAND,DUAL (2-TF),2,False,False,False,True,True,10.0,85,-1.0,STOP,10,1,5.250231948916649,2.4095399225017853,False
TMPV,2026-02-24,VALIDATION,BEAR,DEMAND,DUAL (2-TF),2,False,False,False,True,True,10.0,85,2.0,T1,1,2,1.7591087182494265,3.96332524854074,True
TMPV,2026-03-11,TEST_OOS,BEAR,SUPPLY,SINGLE (1-TF),1,False,False,False,False,True,8.5,78,-1.0,STOP,22,1,3.236934398896105,0.42545851779452026,False
TMPV,2026-03-18,TEST_OOS,BEAR,SUPPLY,SINGLE (1-TF),1,False,False,False,False,True,8.5,78,-1.0,STOP,1,16,11.56952901702498,9.320243569031938,False
TMPV,2026-03-25,TEST_OOS,BEAR,SUPPLY,SINGLE (1-TF),1,False,False,False,False,True,8.5,78,-1.0,STOP,1,7,8.361431720918175,5.368953443133187,False
TMPV,2026-04-06,TEST_OOS,BEAR,SUPPLY,SINGLE (1-TF),1,False,False,False,False,True,8.5,78,-1.0,STOP,1,2,13.776552287581708,0.0,False
TMPV,2026-04-13,TEST_OOS,BEAR,SUPPLY,TRIPLE (3-TF),3,False,False,True,True,True,11.5,92,-1.0,STOP,1,1,11.56952901702498,0.0,False
TMPV,2026-04-21,TEST_OOS,BEAR,DEMAND,SINGLE (1-TF),1,False,False,False,False,True,8.5,78,-1.0,STOP,1,3,3.47300022406454,2.2070356262603616,False
TMPV,2026-04-28,TEST_OOS,BEAR,SUPPLY,DUAL (2-TF),2,False,False,True,False,True,10.0,85,-1.0,STOP,1,19,5.30167645306784,6.13281139193826,False
TMPV,2026-05-05,TEST_OOS,BEAR,SUPPLY,DUAL (2-TF),2,False,False,True,False,True,10.0,85,-1.0,STOP,2,7,4.544540518801527,4.9409669357387,False
TMPV,2026-05-12,TEST_OOS,BEAR,DEMAND,DUAL (2-TF),2,False,False,False,True,True,10.0,85,-1.0,STOP,1,1,2.3120705417440726,1.1117992273437844,False
TMPV,2026-05-19,TEST_OOS,BEAR,SUPPLY,DUAL (2-TF),2,False,False,True,False,True,10.0,85,-1.0,STOP,1,1,5.723444557773581,0.0,False
TMPV,2026-05-26,TEST_OOS,BEAR,SUPPLY,ATZ (4-TF),4,True,True,True,True,True,13.0,100,-1.0,STOP,1,1,13.658412050038304,0.0,False
TMPV,2026-06-02,TEST_OOS,BEAR,DEMAND,SINGLE (1-TF),1,False,False,False,False,True,8.5,78,-1.0,STOP,1,11,6.858771539889657,5.75530162382658,False
TMPV,2026-06-09,TEST_OOS,BEAR,DEMAND,SINGLE (1-TF),1,False,False,False,False,True,8.5,78,-1.0,STOP,1,1,3.7983407785577525,0.11486917677089689,False
TMPV,2026-06-16,TEST_OOS,BEAR,SUPPLY,ATZ (4-TF),4,True,True,True,True,True,13.0,100,2.0,T1,1,1,2.7976391669483345,7.3867034138478,True
TMPV,2026-07-01,TEST_OOS,BEAR,SUPPLY,TRIPLE (3-TF),3,False,True,True,False,True,11.5,92,2.0,T1,1,17,0.014102383302781374,10.238330277816953,True
TMPV,2026-07-08,TEST_OOS,BEAR,SUPPLY,DUAL (2-TF),2,False,False,True,False,True,10.0,85,2.0,T1,19,11,1.5526164462334608,7.18803910293272,True
TMPV,2026-07-15,TEST_OOS,BEAR,DEMAND,DUAL (2-TF),2,False,False,False,True,True,10.0,85,-1.0,STOP,1,5,1.7422649444277425,1.8924601982577387,False
TMPV,2026-07-22,TEST_OOS,BEAR,DEMAND,DUAL (2-TF),2,False,False,False,True,True,10.0,85,-1.0,STOP,1,1,3.2421933363215203,0.0,False
TMPV,2026-07-29,TEST_OOS,BEAR,SUPPLY,DUAL (2-TF),2,False,False,False,True,True,10.0,85,-1.0,STOP,1,2,4.34848947207812,0.7171193164479603,False
TMPV,2026-08-05,TEST_OOS,SIDEWAYS,DEMAND,SINGLE (1-TF),1,False,False,False,False,True,8.5,78,-1.0,STOP,6,4,4.988962472406177,3.473142016188377,False
TMPV,2026-08-12,TEST_OOS,BEAR,SUPPLY,TRIPLE (3-TF),3,False,False,True,True,True,11.5,92,2.0,T1,1,2,0.7306590257879689,5.730659025787966,True
BERGEPAINT,2022-06-16,TRAIN,BEAR,DEMAND,SINGLE (1-TF),1,False,False,False,False,True,8.5,78,-1.0,STOP,1,1,5.600578563376084,0.11273477548763737,False
BERGEPAINT,2022-06-23,TRAIN,BEAR,SUPPLY,SINGLE (1-TF),1,False,False,False,False,True,8.5,78,-1.0,STOP,1,1,4.520636285468623,0.0,False
BERGEPAINT,2022-06-30,TRAIN,BEAR,DEMAND,SINGLE (1-TF),1,False,False,False,False,True,8.5,78,2.0,T1,1,5,0.22314103826213352,7.079258821727814,True
BERGEPAINT,2022-07-07,TRAIN,BEAR,SUPPLY,SINGLE (1-TF),1,False,False,False,False,True,8.5,78,-1.0,STOP,1,1,3.650763399191074,0.7623403849818992,False
BERGEPAINT,2022-07-14,TRAIN,BEAR,SUPPLY,SINGLE (1-TF),1,False,False,False,False,True,8.5,78,-1.0,STOP,1,6,2.5334405689129635,2.8763122248560853,False
BERGEPAINT,2022-07-21,TRAIN,BEAR,SUPPLY,SINGLE (1-TF),1,False,False,False,False,True,8.5,78,-1.0,STOP,1,1,3.250213128729753,0.3111679454390408,False
BERGEPAINT,2022-07-28,TRAIN,SIDEWAYS,SUPPLY,SINGLE (1-TF),1,False,False,False,False,True,8.5,78,-1.0,STOP,1,1,7.810442244785258,0.0,False
BERGEPAINT,2022-08-04,TRAIN,BULL,SUPPLY,SINGLE (1-TF),1,False,False,False,False,True,8.5,78,-1.0,STOP,1,1,9.599525363393667,0.0,False
BERGEPAINT,2022-08-12,TRAIN,BULL,SUPPLY,DUAL (2-TF),2,False,False,False,True,True,10.0,85,-1.0,STOP,1,1,2.5821725485877978,0.4019159830424381,False
BERGEPAINT,2022-08-22,TRAIN,BULL,DEMAND,SINGLE (1-TF),1,False,False,False,False,True,8.5,78,-1.0,STOP,1,1,3.8529055142335045,1.8676366795157058,False
BERGEPAINT,2022-08-29,TRAIN,BULL,DEMAND,SINGLE (1-TF),1,False,False,False,False,True,8.5,78,-1.0,STOP,1,1,5.403840237435983,0.0,False
BERGEPAINT,2022-09-06,TRAIN,BULL,SUPPLY,SINGLE (1-TF),1,False,False,False,False,True,8.5,78,2.0,T1,4,5,0.05107345457198123,5.685569925031478,True
BERGEPAINT,2022-09-13,TRAIN,BULL,SUPPLY,SINGLE (1-TF),1,False,False,False,False,True,8.5,78,2.0,T1,1,7,0.77172431576232,7.175746859689842,True
BERGEPAINT,2022-09-20,TRAIN,SIDEWAYS,DEMAND,DUAL (2-TF),2,False,False,False,True,True,10.0,85,-1.0,STOP,2,7,3.158411949685533,2.613993710691826,False
BERGEPAINT,2022-09-27,TRAIN,SIDEWAYS,DEMAND,DUAL (2-TF),2,False,False,False,True,True,10.0,85,-1.0,STOP,1,2,4.305189686003815,0.08652681369814288,False
BERGEPAINT,2022-10-04,TRAIN,BEAR,SUPPLY,SINGLE (1-TF),1,False,False,False,False,True,8.5,78,2.0,T1,3,10,1.436928271367436,6.94515331160928,True
BERGEPAINT,2022-10-12,TRAIN,SIDEWAYS,DEMAND,DUAL (2-TF),2,False,False,False,True,True,10.0,85,-1.0,STOP,1,3,2.504920379316508,2.059601200771359,False
BERGEPAINT,2022-10-19,TRAIN,SIDEWAYS,SUPPLY,SINGLE (1-TF),1,False,False,False,False,True,8.5,78,2.0,T1,1,5,1.9663146103376508,7.38118098895824,True
BERGEPAINT,2022-10-27,TRAIN,BEAR,SUPPLY,SINGLE (1-TF),1,False,False,False,False,True,8.5,78,-1.0,STOP,1,20,7.116427700458303,2.71622587562545,False
BERGEPAINT,2022-11-03,TRAIN,BEAR,DEMAND,SINGLE (1-TF),1,False,False,False,False,True,8.5,78,2.0,T1,4,12,1.6301493603344308,7.033170178350108,True
BERGEPAINT,2022-11-14,TRAIN,BEAR,DEMAND,DUAL (2-TF),2,False,False,False,True,True,10.0,85,-1.0,STOP,1,26,4.154542515357259,3.447300355641772,False
BERGEPAINT,2022-11-21,TRAIN,BEAR,DEMAND,DUAL (2-TF),2,False,False,False,True,True,10.0,85,-1.0,STOP,1,21,4.154542515357259,3.447300355641772,False
BERGEPAINT,2022-11-28,TRAIN,SIDEWAYS,DEMAND,DUAL (2-TF),2,False,False,False,True,True,10.0,85,-1.0,STOP,11,4,2.8442172316556062,2.793500091290849,False
BERGEPAINT,2022-12-05,TRAIN,SIDEWAYS,DEMAND,DUAL (2-TF),2,False,False,False,True,True,10.0,85,-1.0,STOP,1,5,2.969551694764161,1.4164305949008453,False
BERGEPAINT,2022-12-12,TRAIN,SIDEWAYS,SUPPLY,SINGLE (1-TF),1,False,False,False,False,True,8.5,78,2.0,T1,1,3,0.49982149232416634,2.852155976040302,True
BERGEPAINT,2022-12-26,TRAIN,BEAR,SUPPLY,SINGLE (1-TF),1,False,False,False,False,True,8.5,78,2.0,T1,3,17,0.8481939674790067,6.992428317265921,True
BERGEPAINT,2023-01-09,TRAIN,BEAR,SUPPLY,SINGLE (1-TF),1,False,False,False,False,True,8.5,78,-1.0,STOP,35,3,2.02719986357435,0.22595497953615326,False
BERGEPAINT,2023-01-16,TRAIN,BEAR,SUPPLY,DUAL (2-TF),2,False,False,False,True,True,10.0,85,2.0,T1,2,6,1.3092687571685195,3.895345062650133,True
BERGEPAINT,2023-01-23,TRAIN,BEAR,SUPPLY,DUAL (2-TF),2,False,False,False,True,True,10.0,85,2.0,T1,12,4,0.641551820970326,3.238000604830001,True
BERGEPAINT,2023-01-31,TRAIN,BEAR,SUPPLY,DUAL (2-TF),2,False,False,False,True,True,10.0,85,-1.0,STOP,1,7,4.33710082526013,2.2223717258701168,False
BERGEPAINT,2023-02-08,TRAIN,BEAR,SUPPLY,DUAL (2-TF),2,False,False,False,True,True,10.0,85,-1.0,STOP,1,1,5.356332274171576,0.0,False
BERGEPAINT,2023-02-15,TRAIN,BEAR,SUPPLY,SINGLE (1-TF),1,False,False,False,False,True,8.5,78,2.0,T1,4,3,0.8765301496146296,3.0613786998855774,True
BERGEPAINT,2023-02-22,TRAIN,BEAR,DEMAND,SINGLE (1-TF),1,False,False,False,False,True,8.5,78,2.0,T1,1,9,2.267305714223188,5.469109053903225,True
BERGEPAINT,2023-03-10,TRAIN,SIDEWAYS,SUPPLY,SINGLE (1-TF),1,False,False,False,False,True,8.5,78,-1.0,STOP,1,1,2.3725272851296033,0.31974761255115963,False
BERGEPAINT,2023-03-17,TRAIN,SIDEWAYS,SUPPLY,DUAL (2-TF),2,False,False,False,True,True,10.0,85,-1.0,STOP,1,24,4.2364490509595765,3.244222545240047,False
BERGEPAINT,2023-03-24,TRAIN,BEAR,DEMAND,DUAL (2-TF),2,False,False,False,True,True,10.0,85,-1.0,STOP,1,2,3.011297645443985,0.0,False
BERGEPAINT,2023-04-03,TRAIN,BEAR,SUPPLY,DUAL (2-TF),2,False,False,False,True,True,10.0,85,-1.0,STOP,2,13,2.343295973432952,3.837691988376922,False
BERGEPAINT,2023-04-12,TRAIN,SIDEWAYS,DEMAND,DUAL (2-TF),2,False,False,False,True,True,10.0,85,2.0,T1,1,30,3.1742402195152333,9.545586829085773,True
BERGEPAINT,2023-04-20,TRAIN,BEAR,SUPPLY,DUAL (2-TF),2,False,False,False,True,True,10.0,85,-1.0,STOP,1,4,4.982009410462215,0.7260107730630895,False
BERGEPAINT,2023-05-12,TRAIN,BULL,SUPPLY,DUAL (2-TF),2,False,False,False,True,True,10.0,85,-1.0,STOP,1,1,3.8112270243417687,0.0,False
BERGEPAINT,2023-05-19,TRAIN,BULL,DEMAND,DUAL (2-TF),2,False,False,False,True,True,10.0,85,2.0,T1,1,8,1.227248473350325,5.1402146202644206,True
BERGEPAINT,2023-06-02,TRAIN,BULL,DEMAND,DUAL (2-TF),2,False,False,False,True,True,10.0,85,2.0,T1,1,11,1.6546762589928075,5.2764104505869,True
BERGEPAINT,2023-06-09,TRAIN,BULL,DEMAND,DUAL (2-TF),2,False,False,False,True,True,10.0,85,2.0,T1,1,6,1.6546762589928075,5.2764104505869,True
BERGEPAINT,2023-06-16,TRAIN,BULL,SUPPLY,DUAL (2-TF),2,False,False,False,True,True,10.0,85,-1.0,STOP,1,1,4.02192416334624,0.0,False
BERGEPAINT,2023-06-23,TRAIN,BULL,DEMAND,DUAL (2-TF),2,False,False,False,True,True,10.0,85,2.0,T1,1,27,2.42086344129407,6.899460807688077,True
BERGEPAINT,2023-07-03,TRAIN,BULL,SUPPLY,DUAL (2-TF),2,False,False,False,True,True,10.0,85,-1.0,STOP,1,4,1.686615886833527,1.4073268044976408,False
BERGEPAINT,2023-07-10,TRAIN,BULL,DEMAND,TRIPLE (3-TF),3,False,False,True,True,True,11.5,92,-1.0,STOP,1,1,2.7847457010942556,0.2944704984185852,False
BERGEPAINT,2023-07-17,TRAIN,BULL,SUPPLY,SINGLE (1-TF),1,False,False,False,False,True,8.5,78,-1.0,STOP,1,1,2.1735932328061884,0.1342405296064554,False
BERGEPAINT,2023-07-24,TRAIN,BULL,DEMAND,SINGLE (1-TF),1,False,False,False,False,True,8.5,78,2.0,T1,2,5,1.5141600319918642,3.988075762533183,True
BERGEPAINT,2023-07-31,TRAIN,BULL,SUPPLY,SINGLE (1-TF),1,False,False,False,False,True,8.5,78,-1.0,STOP,1,1,3.302695967785637,0.7999422163635946,False
BERGEPAINT,2023-08-07,TRAIN,BULL,SUPPLY,SINGLE (1-TF),1,False,False,False,False,True,8.5,78,-1.0,STOP,1,2,2.346479411815827,2.5550553595327976,False
BERGEPAINT,2023-08-14,TRAIN,BULL,SUPPLY,SINGLE (1-TF),1,False,False,False,False,True,8.5,78,-1.0,STOP,4,3,1.537690699562897,1.5376906995628774,False
BERGEPAINT,2023-08-22,TRAIN,BULL,DEMAND,DUAL (2-TF),2,False,False,False,True,True,10.0,85,2.0,T1,10,8,0.07018405769129143,6.381485445581038,True
BERGEPAINT,2023-08-29,TRAIN,BULL,SUPPLY,SINGLE (1-TF),1,False,False,False,False,True,8.5,78,-1.0,STOP,1,1,2.5277691269594125,0.0,False
BERGEPAINT,2023-09-05,TRAIN,BULL,SUPPLY,SINGLE (1-TF),1,False,False,False,False,True,8.5,78,-1.0,STOP,1,5,2.77820971336755,1.2612519221133667,False
BERGEPAINT,2023-09-12,TRAIN,BULL,SUPPLY,SINGLE (1-TF),1,False,False,False,False,True,8.5,78,-1.0,STOP,1,2,3.2017566256446828,1.8774787655960055,False
BERGEPAINT,2023-09-20,TRAIN,BULL,DEMAND,SINGLE (1-TF),1,False,False,False,False,True,8.5,78,-1.0,STOP,3,2,5.31696992455535,2.818079404635918,False
BERGEPAINT,2023-10-09,TRAIN,BULL,SUPPLY,SINGLE (1-TF),1,False,False,False,False,True,8.5,78,-1.0,STOP,1,9,4.578831332106479,1.293661060802074,False
BERGEPAINT,2023-10-16,TRAIN,BULL,DEMAND,TRIPLE (3-TF),3,False,False,True,True,True,11.5,92,-1.0,STOP,1,7,5.889243300715423,3.432989133372992,False
BERGEPAINT,2023-10-23,TRAIN,BULL,DEMAND,TRIPLE (3-TF),3,False,False,True,True,True,11.5,92,-1.0,STOP,2,1,5.889243300715423,2.135481429420991,False
BERGEPAINT,2023-10-31,TRAIN,BULL,SUPPLY,DUAL (2-TF),2,False,False,False,True,True,10.0,85,-1.0,STOP,5,2,4.404408033060239,1.1545711592836954,False
BERGEPAINT,2023-11-15,TRAIN,BULL,SUPPLY,SINGLE (1-TF),1,False,False,False,False,True,8.5,78,-1.0,STOP,1,2,3.249733191035215,0.739950195659922,False
BERGEPAINT,2023-11-22,TRAIN,BULL,SUPPLY,SINGLE (1-TF),1,False,False,False,False,True,8.5,78,-1.0,STOP,1,6,3.4456744855172876,2.22460043158653,False
BERGEPAINT,2023-11-30,TRAIN,BULL,SUPPLY,DUAL (2-TF),2,False,False,False,True,True,10.0,85,-1.0,STOP,2,1,3.4456744855172876,1.349146476253979,False
BERGEPAINT,2023-12-07,TRAIN,BULL,SUPPLY,DUAL (2-TF),2,False,False,False,True,True,10.0,85,-1.0,STOP,1,7,2.5175880278601417,3.2912858120317883,False
BERGEPAINT,2023-12-14,TRAIN,BULL,SUPPLY,DUAL (2-TF),2,False,False,False,True,True,10.0,85,-1.0,STOP,1,3,3.6357224720091694,1.5022480825178492,False
BERGEPAINT,2023-12-21,TRAIN,BULL,SUPPLY,DUAL (2-TF),2,False,False,False,True,True,10.0,85,-1.0,STOP,3,3,3.619349667166204,1.2459484891785413,False
BERGEPAINT,2023-12-29,TRAIN,BULL,SUPPLY,DUAL (2-TF),2,False,False,False,True,True,10.0,85,-1.0,STOP,1,1,3.9246768630456903,0.0,False
BERGEPAINT,2024-01-05,TRAIN,BULL,SUPPLY,SINGLE (1-TF),1,False,False,False,False,True,8.5,78,2.0,T1,1,1,0.14897326945540035,4.137393983511377,True
BERGEPAINT,2024-01-12,TRAIN,BULL,DEMAND,DUAL (2-TF),2,False,False,True,False,True,10.0,85,-1.0,STOP,1,4,4.706023641635348,2.017602552884861,False
BERGEPAINT,2024-01-19,TRAIN,BULL,DEMAND,DUAL (2-TF),2,False,False,True,False,True,10.0,85,-1.0,STOP,1,1,8.815001629866007,0.0,False
BERGEPAINT,2024-01-30,TRAIN,SIDEWAYS,SUPPLY,DUAL (2-TF),2,False,False,False,True,True,10.0,85,-1.0,STOP,1,6,5.155098479645061,0.0,False
BERGEPAINT,2024-02-13,TRAIN,SIDEWAYS,SUPPLY,DUAL (2-TF),2,False,False,False,True,True,10.0,85,-1.0,STOP,1,12,7.08027990522893,1.6640035263650998,False
BERGEPAINT,2024-02-20,TRAIN,SIDEWAYS,DEMAND,SINGLE (1-TF),1,False,False,False,False,True,8.5,78,-1.0,STOP,1,18,3.668643345483544,5.72874163538437,False
BERGEPAINT,2024-02-27,TRAIN,SIDEWAYS,DEMAND,SINGLE (1-TF),1,False,False,False,False,True,8.5,78,2.0,T1,1,2,1.4641129251454221,5.644445249787084,True
BERGEPAINT,2024-03-14,TRAIN,SIDEWAYS,SUPPLY,TRIPLE (3-TF),3,False,False,True,True,True,11.5,92,2.0,T1,10,10,2.1986434281034537,5.301668120560446,True
BERGEPAINT,2024-03-21,TRAIN,SIDEWAYS,SUPPLY,DUAL (2-TF),2,False,False,False,True,True,10.0,85,-1.0,STOP,1,4,5.757078904220631,0.9119212984285353,False
BERGEPAINT,2024-04-01,TRAIN,SIDEWAYS,DEMAND,SINGLE (1-TF),1,False,False,False,False,True,8.5,78,-1.0,STOP,4,6,2.7230167148239093,1.2636699462345868,False
BERGEPAINT,2024-04-08,TRAIN,SIDEWAYS,SUPPLY,DUAL (2-TF),2,False,False,True,False,True,10.0,85,2.0,T1,1,6,0.6222480986863577,8.440376987736979,True
BERGEPAINT,2024-05-02,TRAIN,BEAR,SUPPLY,SINGLE (1-TF),1,False,False,False,False,True,8.5,78,-1.0,STOP,1,1,4.729633762808145,0.0,False
BERGEPAINT,2024-05-09,TRAIN,BEAR,DEMAND,TRIPLE (3-TF),3,False,False,True,True,True,11.5,92,-1.0,STOP,1,1,6.007748047933521,0.0,False
BERGEPAINT,2024-05-16,TRAIN,BEAR,SUPPLY,SINGLE (1-TF),1,False,False,False,False,True,8.5,78,-1.0,STOP,2,7,1.7652177516263998,1.9496125637094484,False
BERGEPAINT,2024-05-24,TRAIN,BEAR,SUPPLY,SINGLE (1-TF),1,False,False,False,False,True,8.5,78,-1.0,STOP,2,1,1.149568393094282,1.799053784860561,False
BERGEPAINT,2024-05-31,TRAIN,BEAR,DEMAND,DUAL (2-TF),2,False,False,True,False,True,10.0,85,-1.0,STOP,1,1,8.726205485397758,0.0,False
BERGEPAINT,2024-06-18,TRAIN,BEAR,SUPPLY,DUAL (2-TF),2,False,False,True,False,True,10.0,85,-1.0,STOP,1,1,6.521739130434781,0.0,False
BERGEPAINT,2024-06-25,TRAIN,BEAR,SUPPLY,DUAL (2-TF),2,False,False,True,False,True,10.0,85,-1.0,STOP,1,6,4.116019268217686,0.7133340166034678,False
BERGEPAINT,2024-07-18,TRAIN,BEAR,SUPPLY,SINGLE (1-TF),1,False,False,False,False,True,8.5,78,-1.0,STOP,1,1,3.6848742018774585,0.5504293348812074,False
BERGEPAINT,2024-07-25,TRAIN,BEAR,DEMAND,SINGLE (1-TF),1,False,False,False,False,True,8.5,78,2.0,T1,11,1,0.7955278434745203,3.471394226070638,True
BERGEPAINT,2024-08-01,TRAIN,SIDEWAYS,DEMAND,SINGLE (1-TF),1,False,False,False,False,True,8.5,78,-1.0,STOP,2,4,4.616564991204763,1.8619708821438015,False
BERGEPAINT,2024-08-08,TRAIN,BEAR,DEMAND,DUAL (2-TF),2,False,False,False,True,True,10.0,85,-1.0,STOP,1,1,5.022643062988879,0.0,False
BERGEPAINT,2024-08-23,TRAIN,BULL,DEMAND,SINGLE (1-TF),1,False,False,False,False,True,8.5,78,2.0,T1,1,13,0.8714441329309444,9.55909926962981,True
BERGEPAINT,2024-08-30,TRAIN,BULL,SUPPLY,TRIPLE (3-TF),3,False,False,True,True,True,11.5,92,-1.0,STOP,1,3,5.174745533489915,0.0,False
BERGEPAINT,2024-09-06,TRAIN,BULL,DEMAND,SINGLE (1-TF),1,False,False,False,False,True,8.5,78,-1.0,STOP,20,1,2.5832659233988573,2.7995638870326864,False
BERGEPAINT,2024-09-13,TRAIN,BULL,DEMAND,SINGLE (1-TF),1,False,False,False,False,True,8.5,78,2.0,T1,9,2,0.2578970434548044,4.552809897852542,True
BERGEPAINT,2024-09-20,TRAIN,BULL,DEMAND,SINGLE (1-TF),1,False,False,False,False,True,8.5,78,2.0,T1,4,2,0.2578970434548044,4.552809897852542,True
BERGEPAINT,2024-09-27,TRAIN,BULL,SUPPLY,SINGLE (1-TF),1,False,False,False,False,True,8.5,78,3.5,T2,1,3,1.1496689605687933,5.1123577182740325,True
BERGEPAINT,2024-10-07,TRAIN,BULL,DEMAND,TRIPLE (3-TF),3,False,False,True,True,True,11.5,92,-1.0,STOP,1,1,2.7046038054373436,0.8405725741216344,False
BERGEPAINT,2024-10-14,TRAIN,BULL,DEMAND,TRIPLE (3-TF),3,False,False,True,True,True,11.5,92,-1.0,STOP,1,3,3.5269709543568366,2.027217103875092,False
BERGEPAINT,2024-10-28,TRAIN,SIDEWAYS,DEMAND,TRIPLE (3-TF),3,False,False,True,True,True,11.5,92,-1.0,STOP,1,1,5.632558894035797,0.0,False
BERGEPAINT,2024-11-19,TRAIN,BEAR,SUPPLY,SINGLE (1-TF),1,False,False,False,False,True,8.5,78,2.0,T1,8,13,0.6292917905093764,8.746540944962595,True
BERGEPAINT,2024-11-27,TRAIN,BEAR,DEMAND,DUAL (2-TF),2,False,False,True,False,True,10.0,85,-1.0,STOP,6,10,5.632220455749866,1.7657657657657624,False
BERGEPAINT,2024-12-11,TRAIN,BEAR,SUPPLY,DUAL (2-TF),2,False,False,False,True,True,10.0,85,2.0,T1,1,4,0.19652177588065142,3.7085560932316235,True
BERGEPAINT,2024-12-18,TRAIN,BEAR,SUPPLY,SINGLE (1-TF),1,False,False,False,False,True,8.5,78,-1.0,STOP,24,2,1.953432886692375,1.6701105596148589,False
BERGEPAINT,2024-12-26,TRAIN,BEAR,SUPPLY,SINGLE (1-TF),1,False,False,False,False,True,8.5,78,-1.0,STOP,1,10,6.144449255874385,1.6409508398477535,False
BERGEPAINT,2025-01-02,TRAIN,BEAR,SUPPLY,SINGLE (1-TF),1,False,False,False,False,True,8.5,78,-1.0,STOP,1,5,6.144449255874385,0.5401463181165541,False
BERGEPAINT,2025-01-09,TRAIN,BEAR,DEMAND,TRIPLE (3-TF),3,False,False,True,True,True,11.5,92,2.0,T1,3,15,1.9229491127406473,8.103856975121301,True
BERGEPAINT,2025-01-23,TRAIN,BEAR,DEMAND,TRIPLE (3-TF),3,False,False,True,True,True,11.5,92,-1.0,STOP,4,1,2.6285689621684627,2.3178021883160342,False
BERGEPAINT,2025-01-30,TRAIN,BEAR,DEMAND,TRIPLE (3-TF),3,False,False,True,True,True,11.5,92,2.0,T1,1,2,2.117098646869673,5.308932386645666,True
BERGEPAINT,2025-02-05,TRAIN,BEAR,DEMAND,DUAL (2-TF),2,False,False,True,False,True,10.0,85,2.0,T1,1,15,1.1894084988255378,7.736493700619253,True
BERGEPAINT,2025-02-12,TRAIN,BEAR,SUPPLY,SINGLE (1-TF),1,False,False,False,False,True,8.5,78,-1.0,STOP,1,8,3.6840351534841096,3.6340538964554936,False
BERGEPAINT,2025-02-19,TRAIN,BEAR,DEMAND,DUAL (2-TF),2,False,False,True,False,True,10.0,85,2.0,T1,2,4,0.2802116225089344,5.503858137638275,True
BERGEPAINT,2025-02-27,TRAIN,SIDEWAYS,DEMAND,DUAL (2-TF),2,False,False,True,False,True,10.0,85,-1.0,STOP,2,1,2.4308206599121003,1.9541486968902768,False
BERGEPAINT,2025-03-06,TRAIN,SIDEWAYS,DEMAND,TRIPLE (3-TF),3,False,False,True,True,True,11.5,92,2.0,T1,1,2,0.7511194568828514,4.711004725449327,True
BERGEPAINT,2025-03-13,TRAIN,BEAR,DEMAND,TRIPLE (3-TF),3,False,False,True,True,True,11.5,92,2.0,T1,1,17,5.393686428658265,10.068079588280584,True
BERGEPAINT,2025-03-21,TRAIN,BEAR,SUPPLY,DUAL (2-TF),2,False,False,False,True,True,10.0,85,-1.0,STOP,1,1,2.2883202841230075,1.1239809508434888,False
BERGEPAINT,2025-03-28,TRAIN,BEAR,SUPPLY,SINGLE (1-TF),1,False,False,False,False,True,8.5,78,-1.0,STOP,1,4,4.091672909116673,2.8850241937116596,False
BERGEPAINT,2025-04-07,TRAIN,SIDEWAYS,DEMAND,TRIPLE (3-TF),3,False,False,True,True,True,11.5,92,2.0,T1,1,2,2.0985199911641352,9.088900937807496,True
BERGEPAINT,2025-04-16,TRAIN,BULL,SUPPLY,DUAL (2-TF),2,False,False,True,False,True,10.0,85,-1.0,STOP,1,2,4.539536989868127,2.026376860813949,False
BERGEPAINT,2025-04-24,TRAIN,BULL,SUPPLY,TRIPLE (3-TF),3,False,False,True,True,True,11.5,92,2.0,T1,1,10,4.589965459530693,7.828579567709988,True
BERGEPAINT,2025-05-02,TRAIN,BULL,SUPPLY,TRIPLE (3-TF),3,False,False,True,True,True,11.5,92,-1.0,STOP,1,24,7.557977865524738,4.030180004819883,False
BERGEPAINT,2025-05-09,TRAIN,SIDEWAYS,SUPPLY,TRIPLE (3-TF),3,False,False,True,True,True,11.5,92,-1.0,STOP,2,2,2.9505773672055478,2.3667436489607288,False
BERGEPAINT,2025-05-16,TRAIN,BULL,SUPPLY,TRIPLE (3-TF),3,False,False,True,True,True,11.5,92,-1.0,STOP,1,14,7.557977865524738,0.5023821441150701,False
BERGEPAINT,2025-05-23,TRAIN,BULL,SUPPLY,DUAL (2-TF),2,False,False,True,False,True,10.0,85,-1.0,STOP,1,9,5.6368800524361005,2.2795135095768666,False
BERGEPAINT,2025-05-30,TRAIN,BULL,DEMAND,SINGLE (1-TF),1,False,False,False,False,True,8.5,78,2.0,T1,1,4,0.7933171257791565,6.055897782733469,True
BERGEPAINT,2025-06-06,TRAIN,BULL,SUPPLY,TRIPLE (3-TF),3,False,False,True,True,True,11.5,92,-1.0,STOP,1,1,4.828490277474325,0.0,False
BERGEPAINT,2025-06-13,TRAIN,BULL,SUPPLY,DUAL (2-TF),2,False,False,True,False,True,10.0,85,-1.0,STOP,11,1,2.288545064452547,2.304243925412954,False
BERGEPAINT,2025-06-20,TRAIN,SIDEWAYS,SUPPLY,DUAL (2-TF),2,False,False,True,False,True,10.0,85,-1.0,STOP,3,3,4.8384181607865795,2.1743059572006893,False
BERGEPAINT,2025-07-04,TRAIN,BULL,DEMAND,SINGLE (1-TF),1,False,False,False,False,True,8.5,78,-1.0,STOP,2,5,4.922617289955018,2.747911274773746,False
BERGEPAINT,2025-07-11,TRAIN,BULL,DEMAND,DUAL (2-TF),2,False,False,False,True,True,10.0,85,-1.0,STOP,1,1,4.922617289955018,0.0,False
BERGEPAINT,2025-07-18,TRAIN,BULL,SUPPLY,TRIPLE (3-TF),3,False,False,True,True,True,11.5,92,2.0,T1,1,18,2.2180098145162686,6.696547203571504,True
BERGEPAINT,2025-07-25,TRAIN,BULL,DEMAND,SINGLE (1-TF),1,False,False,False,False,True,8.5,78,-1.0,STOP,1,1,2.7522446439683557,1.1485465374699835,False
BERGEPAINT,2025-08-01,TRAIN,BULL,DEMAND,SINGLE (1-TF),1,False,False,False,False,True,8.5,78,-1.0,STOP,5,1,2.5009054690329697,1.4433176385367463,False
BERGEPAINT,2025-08-08,TRAIN,BULL,DEMAND,DUAL (2-TF),2,False,False,False,True,True,10.0,85,-1.0,STOP,1,1,2.761680550525172,1.4433176385367463,False
BERGEPAINT,2025-08-18,TRAIN,BULL,DEMAND,DUAL (2-TF),2,False,False,False,True,True,10.0,85,-1.0,STOP,1,28,7.789481304520933,0.20451008071813723,False
BERGEPAINT,2025-08-25,TRAIN,BULL,SUPPLY,DUAL (2-TF),2,False,False,True,False,True,10.0,85,-1.0,STOP,5,9,2.6398235174165343,2.7139758634113766,False
BERGEPAINT,2025-09-02,VALIDATION,BULL,DEMAND,SINGLE (1-TF),1,False,False,False,False,True,8.5,78,2.0,T1,6,2,0.328572513864624,4.619007824963924,True
BERGEPAINT,2025-09-09,VALIDATION,SIDEWAYS,DEMAND,SINGLE (1-TF),1,False,False,False,False,True,8.5,78,-1.0,STOP,1,13,3.6880210203965884,4.661537589081486,False
BERGEPAINT,2025-09-16,VALIDATION,BULL,SUPPLY,TRIPLE (3-TF),3,False,False,True,True,True,11.5,92,-1.0,STOP,1,36,4.4696527162750215,5.347754809775961,False
BERGEPAINT,2025-09-23,VALIDATION,SIDEWAYS,SUPPLY,DUAL (2-TF),2,False,False,True,False,True,10.0,85,-1.0,STOP,1,18,3.3936608975686893,5.401231661613214,False
BERGEPAINT,2025-09-30,VALIDATION,SIDEWAYS,SUPPLY,DUAL (2-TF),2,False,False,True,False,True,10.0,85,-1.0,STOP,3,11,3.3936608975686893,1.9906212923030657,False
BERGEPAINT,2025-10-08,VALIDATION,SIDEWAYS,SUPPLY,TRIPLE (3-TF),3,False,True,True,False,True,11.5,92,-1.0,STOP,1,8,4.764903442485312,0.690786962827266,False
BERGEPAINT,2025-10-15,VALIDATION,SIDEWAYS,DEMAND,DUAL (2-TF),2,False,False,False,True,True,10.0,85,2.0,T1,1,16,1.5009168068656435,4.8014215232226185,True
BERGEPAINT,2025-10-23,VALIDATION,SIDEWAYS,SUPPLY,TRIPLE (3-TF),3,False,True,True,False,True,11.5,92,-1.0,STOP,1,11,5.197146218359832,0.49903229478957073,False
BERGEPAINT,2025-10-30,VALIDATION,SIDEWAYS,DEMAND,DUAL (2-TF),2,False,False,False,True,True,10.0,85,-1.0,STOP,1,2,2.0206697288487128,0.36857312194399344,False
BERGEPAINT,2025-11-10,VALIDATION,SIDEWAYS,DEMAND,TRIPLE (3-TF),3,False,False,True,True,True,11.5,92,2.0,T1,1,2,2.7744851089050058,4.669210253370877,True
BERGEPAINT,2025-11-17,VALIDATION,BULL,DEMAND,SINGLE (1-TF),1,False,False,False,False,True,8.5,78,-1.0,STOP,8,9,5.54236373448461,3.43766864543983,False
BERGEPAINT,2025-11-24,VALIDATION,BULL,DEMAND,SINGLE (1-TF),1,False,False,False,False,True,8.5,78,-1.0,STOP,1,2,3.5726082648076476,1.8810521374802134,False
BERGEPAINT,2025-12-08,VALIDATION,SIDEWAYS,SUPPLY,TRIPLE (3-TF),3,False,True,True,False,True,11.5,92,2.0,T1,11,5,0.8066099184467372,8.235630030158642,True
BERGEPAINT,2025-12-15,VALIDATION,SIDEWAYS,DEMAND,TRIPLE (3-TF),3,False,False,True,True,True,11.5,92,2.0,T1,1,5,1.6383653666728817,5.409591341668223,True
BERGEPAINT,2025-12-22,VALIDATION,SIDEWAYS,DEMAND,DUAL (2-TF),2,False,False,True,False,True,10.0,85,-1.0,STOP,1,5,4.045530882627347,5.409591341668223,False
BERGEPAINT,2026-01-13,VALIDATION,BEAR,SUPPLY,DUAL (2-TF),2,False,True,False,False,True,10.0,85,2.0,T1,1,9,1.2892344080184743,5.8897656113685155,True
BERGEPAINT,2026-02-04,VALIDATION,BEAR,SUPPLY,DUAL (2-TF),2,False,True,False,False,True,10.0,85,2.0,T1,1,25,1.2750915288473683,12.45633968774986,True
BERGEPAINT,2026-02-11,VALIDATION,BEAR,DEMAND,ATZ (4-TF),4,True,True,True,True,True,13.0,100,-1.0,STOP,1,2,4.8921631432842245,0.0,False
BERGEPAINT,2026-02-18,VALIDATION,BEAR,SUPPLY,SINGLE (1-TF),1,False,False,False,False,True,8.5,78,-1.0,STOP,36,1,3.1683381861317796,0.867033322549333,False
BERGEPAINT,2026-02-25,VALIDATION,BEAR,DEMAND,ATZ (4-TF),4,True,True,True,True,True,13.0,100,-1.0,STOP,1,3,5.521824564502239,1.7971872033205982,False
BERGEPAINT,2026-03-05,TEST_OOS,BEAR,DEMAND,ATZ (4-TF),4,True,True,True,True,True,13.0,100,-1.0,STOP,1,1,6.49935226050107,0.0,False
BERGEPAINT,2026-03-12,TEST_OOS,BEAR,DEMAND,ATZ (4-TF),4,True,True,True,True,True,13.0,100,-1.0,STOP,1,1,9.192257247523864,0.0,False
BERGEPAINT,2026-03-19,TEST_OOS,BEAR,DEMAND,SINGLE (1-TF),1,False,False,False,False,True,8.5,78,2.0,T1,3,9,0.33335821081176004,11.207304027663744,True
BERGEPAINT,2026-03-27,TEST_OOS,BEAR,SUPPLY,DUAL (2-TF),2,False,False,False,True,True,10.0,85,-1.0,STOP,1,6,6.552570733916528,4.316735394369879,False
BERGEPAINT,2026-04-15,TEST_OOS,BEAR,DEMAND,TRIPLE (3-TF),3,False,True,True,False,True,11.5,92,2.0,T1,8,4,0.7634760097409048,3.40712138829775,True
BERGEPAINT,2026-04-22,TEST_OOS,BEAR,DEMAND,TRIPLE (3-TF),3,False,False,True,True,True,11.5,92,-1.0,STOP,1,5,3.290961054472552,1.5249754724224667,False
BERGEPAINT,2026-04-29,TEST_OOS,BEAR,SUPPLY,SINGLE (1-TF),1,False,False,False,False,True,8.5,78,-1.0,STOP,1,6,6.464720299264737,2.7540095455131794,False
BERGEPAINT,2026-05-13,TEST_OOS,SIDEWAYS,SUPPLY,DUAL (2-TF),2,False,True,False,False,True,10.0,85,-1.0,STOP,1,1,10.274916209158384,0.0,False
BERGEPAINT,2026-05-27,TEST_OOS,BULL,SUPPLY,TRIPLE (3-TF),3,False,True,False,True,True,11.5,92,2.0,T1,1,2,1.029442833272517,5.642729559990001,True
BERGEPAINT,2026-06-03,TEST_OOS,SIDEWAYS,DEMAND,DUAL (2-TF),2,False,False,True,False,True,10.0,85,-1.0,STOP,1,1,6.760934279825959,0.0,False
BERGEPAINT,2026-06-10,TEST_OOS,SIDEWAYS,SUPPLY,TRIPLE (3-TF),3,False,True,False,True,True,11.5,92,-1.0,STOP,1,1,2.8824042502577156,1.2290857188169035,False
BERGEPAINT,2026-06-17,TEST_OOS,SIDEWAYS,DEMAND,TRIPLE (3-TF),3,False,False,True,True,True,11.5,92,2.0,T1,15,20,3.49700887300758,11.414461797888146,True
BERGEPAINT,2026-06-25,TEST_OOS,BULL,SUPPLY,ATZ (4-TF),4,True,True,True,True,True,13.0,100,-1.0,STOP,1,1,7.807115994250492,0.0,False
BERGEPAINT,2026-07-02,TEST_OOS,BULL,SUPPLY,DUAL (2-TF),2,False,False,False,True,True,10.0,85,-1.0,STOP,1,23,4.957038995373431,6.5510672213366385,False
BERGEPAINT,2026-07-09,TEST_OOS,SIDEWAYS,SUPPLY,DUAL (2-TF),2,False,False,False,True,True,10.0,85,-1.0,STOP,9,6,3.2035757181955975,4.455864689782818,False
BERGEPAINT,2026-07-16,TEST_OOS,SIDEWAYS,SUPPLY,DUAL (2-TF),2,False,False,False,True,True,10.0,85,-1.0,STOP,1,3,3.2881933181965675,1.5913882581900678,False
BERGEPAINT,2026-07-23,TEST_OOS,SIDEWAYS,DEMAND,TRIPLE (3-TF),3,False,True,True,False,True,11.5,92,3.5,T2,1,4,1.1711032811258884,6.751665003360552,True
BERGEPAINT,2026-07-30,TEST_OOS,BULL,SUPPLY,TRIPLE (3-TF),3,False,False,True,True,True,11.5,92,-1.0,STOP,1,1,5.952550078136084,0.0,False
BERGEPAINT,2026-08-06,TEST_OOS,BULL,SUPPLY,TRIPLE (3-TF),3,False,False,True,True,True,11.5,92,-1.0,STOP,1,4,5.665812461420468,1.0400104749256578,False
BERGEPAINT,2026-08-13,TEST_OOS,BULL,SUPPLY,ATZ (4-TF),4,True,True,True,True,True,13.0,100,-1.0,STOP,1,1,5.57835820895522,0.0,False
EMAMILTD,2022-06-16,TRAIN,BEAR,DEMAND,SINGLE (1-TF),1,False,False,False,False,True,8.5,78,-1.0,STOP,1,1,4.704353476283306,1.7985705003248906,False
EMAMILTD,2022-06-23,TRAIN,BEAR,DEMAND,SINGLE (1-TF),1,False,False,False,False,True,8.5,78,-1.0,STOP,1,1,3.7998700454840812,0.0,False
EMAMILTD,2022-06-30,TRAIN,BEAR,DEMAND,SINGLE (1-TF),1,False,False,False,False,True,8.5,78,3.5,T2,1,1,0.6804173226245309,6.39058622621876,True
EMAMILTD,2022-07-07,TRAIN,BULL,SUPPLY,SINGLE (1-TF),1,False,False,False,False,True,8.5,78,-1.0,STOP,1,29,9.22911437791322,2.3855623281941,False
EMAMILTD,2022-07-14,TRAIN,BULL,DEMAND,SINGLE (1-TF),1,False,False,False,False,True,8.5,78,-1.0,STOP,1,11,6.382247082827074,2.0655189014465622,False
EMAMILTD,2022-07-21,TRAIN,BULL,SUPPLY,SINGLE (1-TF),1,False,False,False,False,True,8.5,78,-1.0,STOP,1,1,1.8693513327994542,1.423178126072538,False
EMAMILTD,2022-07-28,TRAIN,SIDEWAYS,SUPPLY,SINGLE (1-TF),1,False,False,False,False,True,8.5,78,2.0,T1,7,1,0.3086278633807247,4.307073293402229,True
EMAMILTD,2022-08-04,TRAIN,BULL,DEMAND,SINGLE (1-TF),1,False,False,False,False,True,8.5,78,2.0,T1,1,9,1.6805529255822813,8.161333080855888,True
EMAMILTD,2022-08-12,TRAIN,SIDEWAYS,SUPPLY,SINGLE (1-TF),1,False,False,False,False,True,8.5,78,-1.0,STOP,1,4,7.265087673998261,1.788690406328491,False
EMAMILTD,2022-08-29,TRAIN,BULL,SUPPLY,DUAL (2-TF),2,False,False,False,True,True,10.0,85,-1.0,STOP,1,10,7.908003926117615,2.2775943606674356,False
EMAMILTD,2022-09-06,TRAIN,BULL,DEMAND,DUAL (2-TF),2,False,False,False,True,True,10.0,85,2.0,T1,9,1,2.362957364513403,6.633174765482589,True
EMAMILTD,2022-09-13,TRAIN,BULL,SUPPLY,SINGLE (1-TF),1,False,False,False,False,True,8.5,78,-1.0,STOP,1,1,7.908003926117615,0.0,False
EMAMILTD,2022-09-21,TRAIN,BULL,SUPPLY,SINGLE (1-TF),1,False,False,False,False,True,8.5,78,-1.0,STOP,1,3,7.649237083965383,0.0,False
EMAMILTD,2022-09-29,TRAIN,BULL,SUPPLY,SINGLE (1-TF),1,False,False,False,False,True,8.5,78,-1.0,STOP,1,1,4.458501804269377,0.0,False
EMAMILTD,2022-10-07,TRAIN,BULL,SUPPLY,SINGLE (1-TF),1,False,False,False,False,True,8.5,78,2.0,T1,1,6,0.9173514195035058,6.991000391287329,True
EMAMILTD,2022-10-14,TRAIN,SIDEWAYS,DEMAND,DUAL (2-TF),2,False,False,False,True,True,10.0,85,-1.0,STOP,1,1,3.0697084343354275,0.8518157721845881,False
EMAMILTD,2022-10-21,TRAIN,BULL,SUPPLY,DUAL (2-TF),2,False,False,False,True,True,10.0,85,-1.0,STOP,1,2,2.9912396169034556,0.5673823249058145,False
EMAMILTD,2022-10-31,TRAIN,SIDEWAYS,DEMAND,DUAL (2-TF),2,False,False,False,True,True,10.0,85,2.0,T1,1,1,0.25937333549477887,5.104096709200811,True
EMAMILTD,2022-11-07,TRAIN,BULL,SUPPLY,DUAL (2-TF),2,False,False,False,True,True,10.0,85,2.0,T1,1,5,2.4499592428222066,7.112127524680728,True
EMAMILTD,2022-11-15,TRAIN,BEAR,DEMAND,SINGLE (1-TF),1,False,False,False,False,True,8.5,78,-1.0,STOP,1,1,6.25506588545888,0.0,False
EMAMILTD,2022-11-22,TRAIN,BEAR,SUPPLY,SINGLE (1-TF),1,False,False,False,False,True,8.5,78,-1.0,STOP,1,4,3.8120918266376327,1.5164258856125064,False
EMAMILTD,2022-11-29,TRAIN,BULL,SUPPLY,DUAL (2-TF),2,False,False,False,True,True,10.0,85,-1.0,STOP,1,1,12.39576571628301,0.0,False
EMAMILTD,2022-12-13,TRAIN,BEAR,SUPPLY,DUAL (2-TF),2,False,False,False,True,True,10.0,85,2.0,T1,3,2,0.18574249976488771,5.518198062635186,True
EMAMILTD,2022-12-20,TRAIN,BEAR,SUPPLY,DUAL (2-TF),2,False,False,False,True,True,10.0,85,2.0,T1,28,10,2.147982932505808,8.725271528316526,True
EMAMILTD,2022-12-27,TRAIN,BEAR,SUPPLY,DUAL (2-TF),2,False,False,False,True,True,10.0,85,-1.0,STOP,4,12,2.5033728076750066,2.6682656273422296,False
EMAMILTD,2023-01-03,TRAIN,BEAR,DEMAND,DUAL (2-TF),2,False,False,False,True,True,10.0,85,2.0,T1,4,4,0.7641754546843955,3.6858729430944086,True
EMAMILTD,2023-01-10,TRAIN,BEAR,SUPPLY,SINGLE (1-TF),1,False,False,False,False,True,8.5,78,-1.0,STOP,2,4,1.9177265500794838,1.4432631160572342,False
EMAMILTD,2023-01-17,TRAIN,BEAR,DEMAND,DUAL (2-TF),2,False,False,False,True,True,10.0,85,2.0,T1,4,4,2.5432247687977494,5.885605146763158,True
EMAMILTD,2023-01-24,TRAIN,BEAR,SUPPLY,SINGLE (1-TF),1,False,False,False,False,True,8.5,78,-1.0,STOP,3,1,4.3385666881283695,0.5324154326184878,False
EMAMILTD,2023-02-02,TRAIN,BEAR,DEMAND,DUAL (2-TF),2,False,False,False,True,True,10.0,85,-1.0,STOP,1,1,6.610947787847126,0.0,False
EMAMILTD,2023-02-16,TRAIN,BEAR,DEMAND,DUAL (2-TF),2,False,False,False,True,True,10.0,85,-1.0,STOP,1,1,7.846111068982083,0.0,False
EMAMILTD,2023-02-23,TRAIN,BEAR,SUPPLY,DUAL (2-TF),2,False,False,False,True,True,10.0,85,-1.0,STOP,1,2,3.2753048532087674,3.7125553352706224,False
EMAMILTD,2023-03-02,TRAIN,BEAR,SUPPLY,DUAL (2-TF),2,False,False,False,True,True,10.0,85,2.0,T1,1,9,2.3092232612666566,8.484418877286732,True
EMAMILTD,2023-03-24,TRAIN,BEAR,SUPPLY,SINGLE (1-TF),1,False,False,False,False,True,8.5,78,-1.0,STOP,1,21,7.052669552669564,3.141534391534388,False
EMAMILTD,2023-04-12,TRAIN,BEAR,DEMAND,SINGLE (1-TF),1,False,False,False,False,True,8.5,78,2.0,T1,1,11,0.5438457241967318,4.6829526413263975,True
EMAMILTD,2023-04-20,TRAIN,BEAR,DEMAND,SINGLE (1-TF),1,False,False,False,False,True,8.5,78,2.0,T1,2,5,0.9282848692494702,4.278309760168677,True
EMAMILTD,2023-04-27,TRAIN,BEAR,SUPPLY,SINGLE (1-TF),1,False,False,False,False,True,8.5,78,-1.0,STOP,1,1,3.71945358692804,0.21844872280313402,False
EMAMILTD,2023-05-05,TRAIN,BEAR,SUPPLY,DUAL (2-TF),2,False,False,False,True,True,10.0,85,-1.0,STOP,1,3,3.663599640933573,0.0,False
EMAMILTD,2023-05-12,TRAIN,BEAR,SUPPLY,DUAL (2-TF),2,False,False,False,True,True,10.0,85,-1.0,STOP,1,1,4.000222698549677,0.0,False
EMAMILTD,2023-05-19,TRAIN,BEAR,SUPPLY,SINGLE (1-TF),1,False,False,False,False,True,8.5,78,-1.0,STOP,1,5,4.860132278000652,2.0004336983627873,False
EMAMILTD,2023-05-30,TRAIN,BEAR,DEMAND,DUAL (2-TF),2,False,False,False,True,True,10.0,85,-1.0,STOP,2,7,3.048846236791029,2.256307957731293,False
EMAMILTD,2023-06-06,TRAIN,BEAR,DEMAND,DUAL (2-TF),2,False,False,True,False,True,10.0,85,-1.0,STOP,3,1,2.9232347225221442,1.136363636363631,False
EMAMILTD,2023-06-13,TRAIN,BEAR,SUPPLY,DUAL (2-TF),2,False,False,False,True,True,10.0,85,-1.0,STOP,4,1,7.3360544217687025,1.3877551020408225,False
EMAMILTD,2023-06-20,TRAIN,SIDEWAYS,SUPPLY,TRIPLE (3-TF),3,False,False,True,True,True,11.5,92,-1.0,STOP,1,7,4.807144706186899,0.3235827077400984,False
EMAMILTD,2023-06-27,TRAIN,SIDEWAYS,SUPPLY,TRIPLE (3-TF),3,False,False,True,True,True,11.5,92,-1.0,STOP,1,1,4.665937613914497,0.0,False
EMAMILTD,2023-07-05,TRAIN,SIDEWAYS,DEMAND,DUAL (2-TF),2,False,False,False,True,True,10.0,85,2.0,T1,1,15,1.8076864651374862,4.873664489341232,True
EMAMILTD,2023-07-12,TRAIN,SIDEWAYS,SUPPLY,DUAL (2-TF),2,False,False,True,False,True,10.0,85,2.0,T1,1,2,0.7757913320237722,3.09321928537683,True
EMAMILTD,2023-07-19,TRAIN,SIDEWAYS,SUPPLY,DUAL (2-TF),2,False,False,True,False,True,10.0,85,-1.0,STOP,3,3,3.619671803081856,2.141284770862518,False
EMAMILTD,2023-07-26,TRAIN,BULL,SUPPLY,DUAL (2-TF),2,False,False,True,False,True,10.0,85,-1.0,STOP,1,1,9.876669305211554,0.0,False
EMAMILTD,2023-08-02,TRAIN,BULL,DEMAND,SINGLE (1-TF),1,False,False,False,False,True,8.5,78,2.0,T1,1,4,2.377093462992978,14.920254621473699,True
EMAMILTD,2023-08-10,TRAIN,BULL,SUPPLY,DUAL (2-TF),2,False,False,True,True,False,10.0,85,-1.0,STOP,1,1,9.109986966798473,0.0,False
EMAMILTD,2023-08-18,TRAIN,BULL,SUPPLY,TRIPLE (3-TF),3,False,False,True,True,True,11.5,92,-1.0,STOP,1,1,3.9709789495197234,1.8761496014714911,False
EMAMILTD,2023-08-25,TRAIN,BULL,SUPPLY,TRIPLE (3-TF),3,False,False,True,True,True,11.5,92,2.0,T1,3,1,0.8596158406450015,4.197296656390801,True
EMAMILTD,2023-09-01,TRAIN,BULL,SUPPLY,DUAL (2-TF),2,False,False,False,True,True,10.0,85,-1.0,STOP,1,6,9.305412473254622,2.492273555749264,False
EMAMILTD,2023-09-08,TRAIN,BULL,SUPPLY,SINGLE (1-TF),1,False,False,False,False,True,8.5,78,-1.0,STOP,1,1,8.897661107273274,1.1112207638409148,False
EMAMILTD,2023-09-25,TRAIN,BULL,DEMAND,DUAL (2-TF),2,False,False,False,True,True,10.0,85,-1.0,STOP,1,1,3.6500706144451343,0.668350804606838,False
EMAMILTD,2023-10-03,TRAIN,BULL,SUPPLY,DUAL (2-TF),2,False,False,False,True,True,10.0,85,-1.0,STOP,1,1,7.189542483660126,0.0,False
EMAMILTD,2023-10-10,TRAIN,BULL,SUPPLY,DUAL (2-TF),2,False,False,True,False,True,10.0,85,-1.0,STOP,1,19,5.677464298153949,5.1570471448767625,False
EMAMILTD,2023-10-17,TRAIN,BULL,DEMAND,DUAL (2-TF),2,False,False,False,True,True,10.0,85,-1.0,STOP,1,1,5.471185758825302,0.0,False
EMAMILTD,2023-10-25,TRAIN,BULL,SUPPLY,DUAL (2-TF),2,False,False,True,False,True,10.0,85,-1.0,STOP,1,9,6.9217852774725825,2.9022160492547524,False
EMAMILTD,2023-11-01,TRAIN,BULL,SUPPLY,DUAL (2-TF),2,False,False,True,False,True,10.0,85,-1.0,STOP,1,2,5.030416471689291,0.0,False
EMAMILTD,2023-11-08,TRAIN,BULL,DEMAND,DUAL (2-TF),2,False,False,False,True,True,10.0,85,-1.0,STOP,1,6,4.382905841810943,1.855099977301337,False
EMAMILTD,2023-11-16,TRAIN,BULL,SUPPLY,DUAL (2-TF),2,False,False,True,False,True,10.0,85,-1.0,STOP,7,22,15.632984422648988,3.7377400478035083,False
EMAMILTD,2023-11-23,TRAIN,BULL,SUPPLY,TRIPLE (3-TF),3,False,False,True,True,True,11.5,92,-1.0,STOP,2,4,3.322377373500535,1.1974794314066253,False
EMAMILTD,2023-12-01,TRAIN,BULL,SUPPLY,TRIPLE (3-TF),3,False,False,True,True,True,11.5,92,-1.0,STOP,1,1,5.604191961147665,0.0,False
EMAMILTD,2023-12-08,TRAIN,BULL,SUPPLY,DUAL (2-TF),2,False,False,True,False,True,10.0,85,-1.0,STOP,2,12,15.45693947249312,3.88429412006748,False
EMAMILTD,2023-12-15,TRAIN,BULL,DEMAND,SINGLE (1-TF),1,False,False,False,False,True,8.5,78,-1.0,STOP,1,4,3.9020878329733564,0.785765710171768,False
EMAMILTD,2023-12-22,TRAIN,BULL,SUPPLY,TRIPLE (3-TF),3,False,False,True,True,True,11.5,92,-1.0,STOP,1,3,18.08559885531522,1.2246443902028434,False
EMAMILTD,2024-01-03,TRAIN,BULL,SUPPLY,DUAL (2-TF),2,False,False,False,True,True,10.0,85,2.0,T1,1,7,3.1980852948382164,5.847765863219187,True
EMAMILTD,2024-01-25,TRAIN,BULL,SUPPLY,TRIPLE (3-TF),3,False,False,True,True,True,11.5,92,2.0,T1,1,23,2.318172290924335,8.620834206665268,True
EMAMILTD,2024-02-02,TRAIN,BULL,DEMAND,SINGLE (1-TF),1,False,False,False,False,True,8.5,78,-1.0,STOP,1,4,2.674315602986461,2.7460243809845277,False
EMAMILTD,2024-02-16,TRAIN,SIDEWAYS,DEMAND,TRIPLE (3-TF),3,False,False,True,True,True,11.5,92,-1.0,STOP,14,3,4.454307133330268,1.692498735225133,False
EMAMILTD,2024-03-01,TRAIN,BEAR,DEMAND,DUAL (2-TF),2,False,False,True,False,True,10.0,85,-1.0,STOP,1,1,2.0803782505910062,1.0919734323989694,False
EMAMILTD,2024-03-11,TRAIN,BEAR,SUPPLY,SINGLE (1-TF),1,False,False,False,False,True,8.5,78,2.0,T1,20,3,0.6766575840145365,4.128065395095357,True
EMAMILTD,2024-03-18,TRAIN,BEAR,DEMAND,TRIPLE (3-TF),3,False,False,True,True,True,11.5,92,-1.0,STOP,1,1,5.501139219693236,0.0,False
EMAMILTD,2024-03-26,TRAIN,BEAR,SUPPLY,SINGLE (1-TF),1,False,False,False,False,True,8.5,78,-1.0,STOP,1,1,2.9676040604206197,2.1710622176890566,False
EMAMILTD,2024-04-03,TRAIN,BEAR,DEMAND,DUAL (2-TF),2,False,False,True,False,True,10.0,85,2.0,T1,1,14,2.182794166547907,7.365445822051207,True
EMAMILTD,2024-04-10,TRAIN,BEAR,DEMAND,SINGLE (1-TF),1,False,False,False,False,True,8.5,78,-1.0,STOP,3,3,4.087288648749362,2.252084400763896,False
EMAMILTD,2024-04-19,TRAIN,BEAR,SUPPLY,SINGLE (1-TF),1,False,False,False,False,True,8.5,78,-1.0,STOP,5,1,7.092737018887887,0.90643476660455,False
EMAMILTD,2024-04-26,TRAIN,SIDEWAYS,SUPPLY,TRIPLE (3-TF),3,False,False,True,True,True,11.5,92,-1.0,STOP,1,1,8.121103365771736,0.0,False
EMAMILTD,2024-05-06,TRAIN,BULL,SUPPLY,TRIPLE (3-TF),3,False,False,True,True,True,11.5,92,-1.0,STOP,1,1,11.113041967156132,0.0,False
EMAMILTD,2024-05-13,TRAIN,BULL,SUPPLY,TRIPLE (3-TF),3,False,False,True,True,True,11.5,92,-1.0,STOP,1,7,3.408688117837029,3.8931117325036393,False
EMAMILTD,2024-05-21,TRAIN,BULL,DEMAND,SINGLE (1-TF),1,False,False,False,False,True,8.5,78,2.0,T1,1,2,2.0373344038538694,5.405459654757127,True
EMAMILTD,2024-05-28,TRAIN,BULL,DEMAND,DUAL (2-TF),2,False,False,False,True,True,10.0,85,5.0,T3,2,1,0.9142194126590367,25.04201008241977,True
EMAMILTD,2024-06-25,TRAIN,BULL,SUPPLY,SINGLE (1-TF),1,False,False,False,False,True,8.5,78,-1.0,STOP,1,4,8.848097199100447,4.345921317795495,False
EMAMILTD,2024-07-02,TRAIN,BULL,SUPPLY,SINGLE (1-TF),1,False,False,False,False,True,8.5,78,-1.0,STOP,1,1,7.114513726010831,0.0,False
EMAMILTD,2024-07-09,TRAIN,BULL,SUPPLY,SINGLE (1-TF),1,False,False,False,False,True,8.5,78,-1.0,STOP,1,1,9.095002884845414,0.0,False
EMAMILTD,2024-07-16,TRAIN,BULL,SUPPLY,SINGLE (1-TF),1,False,False,False,False,True,8.5,78,-1.0,STOP,1,1,5.578593330001479,0.3444409925303673,False
EMAMILTD,2024-07-25,TRAIN,BULL,SUPPLY,SINGLE (1-TF),1,False,False,False,False,True,8.5,78,-1.0,STOP,1,1,5.878459605851441,0.0,False
EMAMILTD,2024-08-01,TRAIN,BULL,SUPPLY,SINGLE (1-TF),1,False,False,False,False,True,8.5,78,-1.0,STOP,1,1,6.3868850751321595,2.830802885491811,False
EMAMILTD,2024-08-08,TRAIN,BULL,DEMAND,SINGLE (1-TF),1,False,False,False,False,True,8.5,78,-1.0,STOP,27,2,5.664178700849152,2.704310671209909,False
EMAMILTD,2024-08-16,TRAIN,BULL,DEMAND,SINGLE (1-TF),1,False,False,False,False,True,8.5,78,-1.0,STOP,21,1,6.770647770608192,2.6707836849953166,False
EMAMILTD,2024-08-23,TRAIN,BULL,DEMAND,DUAL (2-TF),2,False,False,False,True,True,10.0,85,-1.0,STOP,1,6,3.0681890667857457,4.980544747081708,False
EMAMILTD,2024-08-30,TRAIN,BULL,SUPPLY,SINGLE (1-TF),1,False,False,False,False,True,8.5,78,-1.0,STOP,1,2,5.503089201509985,0.7536867954596046,False
EMAMILTD,2024-09-06,TRAIN,BULL,SUPPLY,SINGLE (1-TF),1,False,False,False,False,True,8.5,78,3.5,T2,1,6,3.0011332079747985,12.018230950275829,True
EMAMILTD,2024-09-20,TRAIN,BULL,SUPPLY,SINGLE (1-TF),1,False,False,False,False,True,8.5,78,2.0,T1,1,39,2.838732871503432,18.19665104188272,True
EMAMILTD,2024-09-27,TRAIN,BULL,SUPPLY,SINGLE (1-TF),1,False,False,False,False,True,8.5,78,2.0,T1,2,3,1.6232612794796812,4.711283578826555,True
EMAMILTD,2024-10-07,TRAIN,BULL,DEMAND,DUAL (2-TF),2,False,False,False,True,True,10.0,85,-1.0,STOP,1,1,3.1317239751794297,0.8204117328594983,False
EMAMILTD,2024-10-14,TRAIN,BULL,SUPPLY,SINGLE (1-TF),1,False,False,False,False,True,8.5,78,2.0,T1,2,3,0.5998262185722015,6.718614233259515,True
EMAMILTD,2024-10-21,TRAIN,BULL,SUPPLY,SINGLE (1-TF),1,False,False,False,False,True,8.5,78,2.0,T1,1,2,0.27584782640763594,7.562950834181527,True
EMAMILTD,2024-10-28,TRAIN,BULL,SUPPLY,SINGLE (1-TF),1,False,False,False,False,True,8.5,78,-1.0,STOP,3,1,7.711454542590237,2.197646391606398,False
EMAMILTD,2024-11-04,TRAIN,BULL,SUPPLY,DUAL (2-TF),2,False,False,False,True,True,10.0,85,2.0,T1,1,8,3.3343866143035505,8.162927519222379,True
EMAMILTD,2024-11-11,TRAIN,BULL,SUPPLY,SINGLE (1-TF),1,False,False,False,False,True,8.5,78,2.0,T1,2,1,2.0065520065520093,6.3229896563229975,True
EMAMILTD,2024-11-28,TRAIN,BULL,DEMAND,DUAL (2-TF),2,False,False,True,False,True,10.0,85,-1.0,STOP,3,8,6.412542367436101,4.15883571876054,False
EMAMILTD,2024-12-05,TRAIN,SIDEWAYS,DEMAND,DUAL (2-TF),2,False,False,True,False,True,10.0,85,-1.0,STOP,1,2,7.701798217204889,0.0,False
EMAMILTD,2024-12-12,TRAIN,BEAR,DEMAND,DUAL (2-TF),2,False,False,True,False,True,10.0,85,-1.0,STOP,1,1,8.762091461259132,0.0,False
EMAMILTD,2024-12-27,TRAIN,BEAR,DEMAND,DUAL (2-TF),2,False,False,True,False,True,10.0,85,-1.0,STOP,1,11,5.11863267219874,6.104141969957005,False
EMAMILTD,2025-01-03,TRAIN,BEAR,DEMAND,DUAL (2-TF),2,False,False,True,False,True,10.0,85,-1.0,STOP,2,1,3.111455108359139,3.1458548331613483,False
EMAMILTD,2025-01-10,TRAIN,BEAR,SUPPLY,SINGLE (1-TF),1,False,False,False,False,True,8.5,78,-1.0,STOP,17,1,2.548702937317064,5.136099054540557,False
EMAMILTD,2025-01-17,TRAIN,BEAR,SUPPLY,SINGLE (1-TF),1,False,False,False,False,True,8.5,78,-1.0,STOP,1,11,10.889378035691548,7.016426843244629,False
EMAMILTD,2025-01-24,TRAIN,BEAR,DEMAND,TRIPLE (3-TF),3,False,False,True,True,True,11.5,92,-1.0,STOP,1,1,5.914186316196366,0.5522116074879895,False
EMAMILTD,2025-01-31,TRAIN,BEAR,DEMAND,DUAL (2-TF),2,False,False,True,False,True,10.0,85,-1.0,STOP,9,3,5.767585462931963,3.273444184056843,False
EMAMILTD,2025-02-06,TRAIN,BEAR,DEMAND,TRIPLE (3-TF),3,False,False,True,True,True,11.5,92,-1.0,STOP,1,3,8.784565240248133,0.4082991623733994,False
EMAMILTD,2025-02-13,TRAIN,BEAR,SUPPLY,SINGLE (1-TF),1,False,False,False,False,True,8.5,78,2.0,T1,17,1,0.7957321454231839,5.309670929731293,True
EMAMILTD,2025-02-20,TRAIN,BEAR,SUPPLY,SINGLE (1-TF),1,False,False,False,False,True,8.5,78,-1.0,STOP,1,11,6.745420304742324,5.919838688200281,False
EMAMILTD,2025-02-28,TRAIN,BEAR,DEMAND,TRIPLE (3-TF),3,False,False,True,True,True,11.5,92,-1.0,STOP,1,1,7.413370275380491,0.0,False
EMAMILTD,2025-03-17,TRAIN,BEAR,DEMAND,TRIPLE (3-TF),3,False,False,True,True,True,11.5,92,2.0,T1,1,19,3.816018572257683,10.954730121880436,True
EMAMILTD,2025-03-24,TRAIN,BEAR,SUPPLY,SINGLE (1-TF),1,False,False,False,False,True,8.5,78,-1.0,STOP,1,1,4.225635032230965,0.9148846807034187,False
EMAMILTD,2025-04-01,TRAIN,BEAR,SUPPLY,SINGLE (1-TF),1,False,False,False,False,True,8.5,78,-1.0,STOP,1,1,4.783034839169568,1.892542101042503,False
EMAMILTD,2025-04-08,TRAIN,BEAR,SUPPLY,SINGLE (1-TF),1,False,False,False,False,True,8.5,78,-1.0,STOP,1,1,6.058986010870534,0.6504499688140385,False
EMAMILTD,2025-04-17,TRAIN,BEAR,SUPPLY,DUAL (2-TF),2,False,False,False,True,True,10.0,85,-1.0,STOP,1,2,5.52210186368836,0.17997712440286892,False
EMAMILTD,2025-04-25,TRAIN,BEAR,SUPPLY,DUAL (2-TF),2,False,False,False,True,True,10.0,85,-1.0,STOP,1,6,8.707534117888196,0.0,False
EMAMILTD,2025-05-05,TRAIN,BEAR,SUPPLY,DUAL (2-TF),2,False,False,False,True,True,10.0,85,3.5,T2,2,1,1.1683357176919444,5.44269591479892,True
EMAMILTD,2025-05-19,TRAIN,SIDEWAYS,SUPPLY,DUAL (2-TF),2,False,False,False,True,True,10.0,85,2.0,T1,1,19,4.350194809482933,8.531994981179434,True
EMAMILTD,2025-06-02,TRAIN,BEAR,SUPPLY,SINGLE (1-TF),1,False,False,False,False,True,8.5,78,2.0,T1,1,14,1.3993876597879351,6.708065939008143,True
EMAMILTD,2025-06-09,TRAIN,BEAR,SUPPLY,DUAL (2-TF),2,False,False,False,True,True,10.0,85,-1.0,STOP,1,22,6.020149358884047,5.0338171058193675,False
EMAMILTD,2025-06-16,TRAIN,BEAR,SUPPLY,SINGLE (1-TF),1,False,False,False,False,True,8.5,78,-1.0,STOP,16,2,5.291329216883275,3.8254998338260253,False
EMAMILTD,2025-06-23,TRAIN,BEAR,SUPPLY,SINGLE (1-TF),1,False,False,False,False,True,8.5,78,-1.0,STOP,2,9,2.9876693669797043,2.2851100437307332,False
EMAMILTD,2025-06-30,TRAIN,BEAR,SUPPLY,DUAL (2-TF),2,False,False,False,True,True,10.0,85,-1.0,STOP,1,5,2.9876693669797043,2.2851100437307332,False
EMAMILTD,2025-07-07,TRAIN,BEAR,SUPPLY,SINGLE (1-TF),1,False,False,False,False,True,8.5,78,-1.0,STOP,1,2,8.559370942143998,0.8404270668013216,False
EMAMILTD,2025-07-15,TRAIN,BEAR,SUPPLY,SINGLE (1-TF),1,False,False,False,False,True,8.5,78,-1.0,STOP,1,1,3.363734954753135,0.0,False
EMAMILTD,2025-07-22,TRAIN,SIDEWAYS,SUPPLY,SINGLE (1-TF),1,False,False,False,False,True,8.5,78,-1.0,STOP,1,7,6.337537453835969,5.510068984739739,False
EMAMILTD,2025-07-29,TRAIN,BEAR,SUPPLY,SINGLE (1-TF),1,False,False,False,False,True,8.5,78,-1.0,STOP,3,1,8.71690934627624,0.0,False
EMAMILTD,2025-08-06,TRAIN,SIDEWAYS,DEMAND,DUAL (2-TF),2,False,False,True,False,True,10.0,85,-1.0,STOP,1,12,7.401910610713084,6.088365745479348,False
EMAMILTD,2025-08-13,TRAIN,SIDEWAYS,DEMAND,DUAL (2-TF),2,False,False,True,False,True,10.0,85,2.0,T1,1,4,1.9072524407252534,7.684797768479763,True
EMAMILTD,2025-08-21,TRAIN,BULL,SUPPLY,DUAL (2-TF),2,False,False,False,True,True,10.0,85,-1.0,STOP,1,1,5.72584621138708,0.0,False
EMAMILTD,2025-09-01,VALIDATION,SIDEWAYS,SUPPLY,DUAL (2-TF),2,False,False,False,True,True,10.0,85,-1.0,STOP,1,1,4.348751418842221,0.608328603859262,False
EMAMILTD,2025-09-08,VALIDATION,SIDEWAYS,DEMAND,DUAL (2-TF),2,False,False,True,False,True,10.0,85,-1.0,STOP,1,9,3.8513835066965747,2.3319056360051715,False
EMAMILTD,2025-09-15,VALIDATION,SIDEWAYS,DEMAND,DUAL (2-TF),2,False,False,True,False,True,10.0,85,-1.0,STOP,1,4,4.574744441820452,1.5620255726864798,False
EMAMILTD,2025-09-22,VALIDATION,SIDEWAYS,DEMAND,TRIPLE (3-TF),3,False,False,True,True,True,11.5,92,-1.0,STOP,1,1,4.962720555986652,0.0,False
EMAMILTD,2025-10-14,VALIDATION,BEAR,SUPPLY,DUAL (2-TF),2,False,False,False,True,True,10.0,85,2.0,T1,4,14,2.1770899688987155,8.423577022520334,True
EMAMILTD,2025-10-21,VALIDATION,BEAR,DEMAND,TRIPLE (3-TF),3,False,True,True,False,True,11.5,92,-1.0,STOP,2,7,2.9328501868418004,2.9253010229117122,False
EMAMILTD,2025-10-29,VALIDATION,BEAR,SUPPLY,DUAL (2-TF),2,False,False,False,True,True,10.0,85,2.0,T1,1,3,1.5877771120431217,3.699820251647691,True
EMAMILTD,2025-11-06,VALIDATION,BEAR,SUPPLY,DUAL (2-TF),2,False,False,False,True,True,10.0,85,2.0,T1,16,21,2.379026949767735,5.500912117051887,True
EMAMILTD,2025-11-13,VALIDATION,BEAR,SUPPLY,DUAL (2-TF),2,False,False,False,True,True,10.0,85,-1.0,STOP,1,21,4.297552890708777,3.581944038217803,False
EMAMILTD,2025-11-20,VALIDATION,BEAR,SUPPLY,SINGLE (1-TF),1,False,False,False,False,True,8.5,78,2.0,T1,1,2,0.034881016975440604,3.4900395318192374,True
EMAMILTD,2025-11-27,VALIDATION,BEAR,DEMAND,TRIPLE (3-TF),3,False,True,True,False,True,11.5,92,2.0,T1,7,5,0.43003965044483594,5.515554415797048,True
EMAMILTD,2025-12-04,VALIDATION,BEAR,SUPPLY,DUAL (2-TF),2,False,False,False,True,True,10.0,85,-1.0,STOP,6,1,2.0548729298633868,1.9613828894146326,False
EMAMILTD,2025-12-11,VALIDATION,BEAR,SUPPLY,DUAL (2-TF),2,False,False,False,True,True,10.0,85,-1.0,STOP,1,1,3.9368089695509383,0.15350834580183115,False
EMAMILTD,2025-12-18,VALIDATION,BEAR,DEMAND,TRIPLE (3-TF),3,False,True,True,False,True,11.5,92,-1.0,STOP,1,1,2.7505623117685194,1.0064427585681013,False
EMAMILTD,2025-12-26,VALIDATION,BEAR,SUPPLY,DUAL (2-TF),2,False,False,False,True,True,10.0,85,-1.0,STOP,2,1,3.1130434782608725,2.902415458937195,False
EMAMILTD,2026-01-02,VALIDATION,BEAR,DEMAND,TRIPLE (3-TF),3,False,True,True,False,True,11.5,92,-1.0,STOP,1,5,2.438976800452674,2.3433689098749277,False
EMAMILTD,2026-01-16,VALIDATION,BEAR,SUPPLY,DUAL (2-TF),2,False,False,False,True,True,10.0,85,2.0,T1,6,2,0.40038849576816754,5.004856197102138,True
EMAMILTD,2026-01-23,VALIDATION,BEAR,SUPPLY,DUAL (2-TF),2,False,False,False,True,True,10.0,85,2.0,T1,1,2,2.1003406502590067,3.396424180121348,True
EMAMILTD,2026-02-02,VALIDATION,BEAR,SUPPLY,SINGLE (1-TF),1,False,False,False,False,True,8.5,78,-1.0,STOP,2,1,5.3076795488472435,2.0691656991209193,False
EMAMILTD,2026-02-10,VALIDATION,BEAR,SUPPLY,SINGLE (1-TF),1,False,False,False,False,True,8.5,78,-1.0,STOP,1,1,5.365732293912754,0.0,False
EMAMILTD,2026-02-24,VALIDATION,BEAR,DEMAND,ATZ (4-TF),4,True,True,True,True,True,13.0,100,-1.0,STOP,1,3,3.6229004120735446,0.8011379086744587,False
EMAMILTD,2026-03-04,TEST_OOS,BEAR,SUPPLY,DUAL (2-TF),2,False,False,False,True,True,10.0,85,2.0,T1,32,2,0.452774560387486,4.590923449510374,True
EMAMILTD,2026-03-18,TEST_OOS,BEAR,SUPPLY,SINGLE (1-TF),1,False,False,False,False,True,8.5,78,-1.0,STOP,16,3,6.2835786031301035,3.58561083858912,False
EMAMILTD,2026-03-25,TEST_OOS,BEAR,SUPPLY,SINGLE (1-TF),1,False,False,False,False,True,8.5,78,-1.0,STOP,1,9,5.250184865664287,4.9790485580478165,False
EMAMILTD,2026-04-06,TEST_OOS,BEAR,SUPPLY,SINGLE (1-TF),1,False,False,False,False,True,8.5,78,-1.0,STOP,2,1,3.7377450980392157,2.7696078431372575,False
EMAMILTD,2026-04-13,TEST_OOS,BEAR,SUPPLY,SINGLE (1-TF),1,False,False,False,False,True,8.5,78,-1.0,STOP,1,1,6.6798126694601985,0.0,False
EMAMILTD,2026-04-21,TEST_OOS,BEAR,SUPPLY,DUAL (2-TF),2,False,False,False,True,True,10.0,85,-1.0,STOP,1,1,11.329128708245737,0.0,False
EMAMILTD,2026-04-28,TEST_OOS,BEAR,DEMAND,DUAL (2-TF),2,False,True,False,False,True,10.0,85,-1.0,STOP,1,10,5.177922220998127,2.67709595681392,False
EMAMILTD,2026-05-05,TEST_OOS,BEAR,SUPPLY,TRIPLE (3-TF),3,False,False,True,True,True,11.5,92,2.0,T1,1,5,0.4367765887748417,6.016597510373434,True
EMAMILTD,2026-05-19,TEST_OOS,BEAR,SUPPLY,SINGLE (1-TF),1,False,False,False,False,True,8.5,78,2.0,T1,1,8,2.121706691536494,8.300303100955926,True
EMAMILTD,2026-06-02,TEST_OOS,BEAR,SUPPLY,DUAL (2-TF),2,False,False,True,False,True,10.0,85,2.0,T1,7,1,0.22282743253281362,5.657340925971767,True
EMAMILTD,2026-06-09,TEST_OOS,BEAR,SUPPLY,SINGLE (1-TF),1,False,False,False,False,True,8.5,78,-1.0,STOP,1,1,4.59948320413437,1.124031007751944,False
EMAMILTD,2026-06-16,TEST_OOS,BEAR,SUPPLY,TRIPLE (3-TF),3,False,False,True,True,True,11.5,92,-1.0,STOP,1,1,3.863049095607232,0.0,False
EMAMILTD,2026-06-23,TEST_OOS,BEAR,DEMAND,DUAL (2-TF),2,False,True,False,False,True,10.0,85,-1.0,STOP,1,2,1.8733608092918697,2.8974647183714164,False
EMAMILTD,2026-06-30,TEST_OOS,BEAR,SUPPLY,TRIPLE (3-TF),3,False,False,True,True,True,11.5,92,-1.0,STOP,1,1,4.549975136747889,0.5345599204375876,False
EMAMILTD,2026-07-07,TEST_OOS,BEAR,DEMAND,TRIPLE (3-TF),3,False,True,False,True,True,11.5,92,-1.0,STOP,2,19,4.228641671788566,5.408727719729564,False
EMAMILTD,2026-07-14,TEST_OOS,BEAR,DEMAND,TRIPLE (3-TF),3,False,True,False,True,True,11.5,92,-1.0,STOP,2,2,3.4329077330763673,1.6622500602264458,False
EMAMILTD,2026-07-21,TEST_OOS,BEAR,DEMAND,TRIPLE (3-TF),3,False,True,False,True,True,11.5,92,-1.0,STOP,1,1,4.902433148638887,0.25295109612140554,False
EMAMILTD,2026-07-28,TEST_OOS,BEAR,SUPPLY,DUAL (2-TF),2,False,False,True,False,True,10.0,85,2.0,T1,1,5,1.845108035931057,5.426074289876175,True
EMAMILTD,2026-08-04,TEST_OOS,BEAR,SUPPLY,TRIPLE (3-TF),3,False,False,True,True,True,11.5,92,2.0,T1,1,19,3.185818767819503,10.251642494111818,True
EMAMILTD,2026-08-11,TEST_OOS,BEAR,DEMAND,DUAL (2-TF),2,False,True,False,False,True,10.0,85,-1.0,STOP,1,12,4.250031067478568,2.7712190878588236,False
EMAMILTD,2026-08-18,TEST_OOS,BEAR,SUPPLY,TRIPLE (3-TF),3,False,False,True,True,True,11.5,92,2.0,T1,1,9,2.7839920457370093,10.017399950285858,True
EMAMILTD,2026-08-25,TEST_OOS,BEAR,SUPPLY,TRIPLE (3-TF),3,False,False,True,True,True,11.5,92,2.0,T1,1,4,3.091498379456489,9.748192470705565,True
TITAGARH,2022-06-20,TRAIN,BEAR,DEMAND,SINGLE (1-TF),1,False,False,False,False,True,8.5,78,-1.0,STOP,1,1,12.95656235404016,0.0,False
TITAGARH,2022-06-27,TRAIN,BEAR,SUPPLY,SINGLE (1-TF),1,False,False,False,False,True,8.5,78,-1.0,STOP,1,1,8.358082308018663,0.0,False
TITAGARH,2022-07-18,TRAIN,BULL,DEMAND,SINGLE (1-TF),1,False,False,False,False,True,8.5,78,2.0,T1,1,16,2.712330985345323,10.978868107845509,True
TITAGARH,2022-07-25,TRAIN,BULL,SUPPLY,SINGLE (1-TF),1,False,False,False,False,True,8.5,78,-1.0,STOP,1,1,9.84485419543497,0.0,False
TITAGARH,2022-08-01,TRAIN,BULL,SUPPLY,SINGLE (1-TF),1,False,False,False,False,True,8.5,78,-1.0,STOP,1,6,11.339452522134671,2.3962310129152815,False
TITAGARH,2022-08-08,TRAIN,BULL,SUPPLY,DUAL (2-TF),2,False,False,False,True,True,10.0,85,-1.0,STOP,1,1,11.339452522134671,2.355616927950618,False
TITAGARH,2022-08-17,TRAIN,BULL,SUPPLY,SINGLE (1-TF),1,False,False,False,False,True,8.5,78,-1.0,STOP,1,2,9.357757669388654,1.9863164864268497,False
TITAGARH,2022-09-08,TRAIN,BULL,DEMAND,SINGLE (1-TF),1,False,False,False,False,True,8.5,78,-1.0,STOP,2,3,9.027185176155067,6.41838351822504,False
TITAGARH,2022-09-15,TRAIN,BULL,DEMAND,SINGLE (1-TF),1,False,False,False,False,True,8.5,78,-1.0,STOP,1,2,12.007802023649877,0.0,False
TITAGARH,2022-09-22,TRAIN,BULL,SUPPLY,SINGLE (1-TF),1,False,False,False,False,True,8.5,78,2.0,T1,1,3,2.59697995313721,11.81983858370216,True
TITAGARH,2022-09-29,TRAIN,BULL,SUPPLY,SINGLE (1-TF),1,False,False,False,False,True,8.5,78,-1.0,STOP,1,4,11.29219229457893,0.20456870098875649,False
TITAGARH,2022-10-07,TRAIN,BULL,SUPPLY,DUAL (2-TF),2,False,False,False,True,True,10.0,85,-1.0,STOP,1,1,12.928741902488925,0.0,False
TITAGARH,2022-10-14,TRAIN,BULL,SUPPLY,DUAL (2-TF),2,False,False,False,True,True,10.0,85,-1.0,STOP,1,15,5.881982095574318,6.506115243979317,False
TITAGARH,2022-10-21,TRAIN,BULL,DEMAND,SINGLE (1-TF),1,False,False,False,False,True,8.5,78,-1.0,STOP,1,7,8.213158383363236,1.1697716160178344,False
TITAGARH,2022-10-31,TRAIN,BULL,SUPPLY,SINGLE (1-TF),1,False,False,False,False,True,8.5,78,2.0,T1,1,2,0.7787191627211562,7.612758534762023,True
TITAGARH,2022-11-07,TRAIN,BULL,SUPPLY,DUAL (2-TF),2,False,False,False,True,True,10.0,85,-1.0,STOP,1,1,10.67662565905098,0.7532011046949464,False
TITAGARH,2022-11-15,TRAIN,BULL,SUPPLY,DUAL (2-TF),2,False,False,False,True,True,10.0,85,-1.0,STOP,1,1,11.690264377897504,0.0,False
TITAGARH,2022-11-22,TRAIN,BULL,SUPPLY,DUAL (2-TF),2,False,False,False,True,True,10.0,85,-1.0,STOP,2,3,9.050090384278956,4.65333255583417,False
TITAGARH,2022-12-13,TRAIN,BULL,SUPPLY,SINGLE (1-TF),1,False,False,False,False,True,8.5,78,2.0,T1,1,4,4.189309356782936,7.099100879359736,True
TITAGARH,2022-12-20,TRAIN,BULL,SUPPLY,SINGLE (1-TF),1,False,False,False,False,True,8.5,78,-1.0,STOP,1,1,6.527819398661469,2.7369893117570623,False
TITAGARH,2022-12-27,TRAIN,BULL,SUPPLY,SINGLE (1-TF),1,False,False,False,False,True,8.5,78,-1.0,STOP,1,2,15.193742229589729,0.0,False
TITAGARH,2023-01-10,TRAIN,BULL,DEMAND,SINGLE (1-TF),1,False,False,False,False,True,8.5,78,-1.0,STOP,1,5,7.261978293479224,2.1794758669372616,False
TITAGARH,2023-01-17,TRAIN,BULL,DEMAND,SINGLE (1-TF),1,False,False,False,False,True,8.5,78,-1.0,STOP,1,7,7.945821935939288,5.567810817965237,False
TITAGARH,2023-01-24,TRAIN,BULL,SUPPLY,SINGLE (1-TF),1,False,False,False,False,True,8.5,78,-1.0,STOP,1,4,8.60073526074524,5.301139200290477,False
TITAGARH,2023-02-01,TRAIN,BULL,SUPPLY,SINGLE (1-TF),1,False,False,False,False,True,8.5,78,2.0,T1,1,2,6.140113605626186,11.847443873410874,True
TITAGARH,2023-02-08,TRAIN,BULL,DEMAND,SINGLE (1-TF),1,False,False,False,False,True,8.5,78,2.0,T1,1,16,1.4535025035243834,13.844732876379364,True
TITAGARH,2023-02-15,TRAIN,BULL,SUPPLY,SINGLE (1-TF),1,False,False,False,False,True,8.5,78,-1.0,STOP,1,1,4.2458628841607515,0.4728132387706856,False
TITAGARH,2023-02-22,TRAIN,BULL,DEMAND,DUAL (2-TF),2,False,False,False,True,True,10.0,85,-1.0,STOP,1,1,4.86648833826083,0.0,False
TITAGARH,2023-03-01,TRAIN,BULL,SUPPLY,SINGLE (1-TF),1,False,False,False,False,True,8.5,78,-1.0,STOP,1,1,13.403709263473928,0.0,False
TITAGARH,2023-03-16,TRAIN,BULL,SUPPLY,SINGLE (1-TF),1,False,False,False,False,True,8.5,78,-1.0,STOP,1,10,8.585983074521405,6.5565688932708825,False
TITAGARH,2023-03-23,TRAIN,BULL,DEMAND,SINGLE (1-TF),1,False,False,False,False,True,8.5,78,2.0,T1,3,3,0.7162720148310512,11.367658211847978,True
TITAGARH,2023-03-31,TRAIN,BULL,SUPPLY,DUAL (2-TF),2,False,False,False,True,True,10.0,85,-1.0,STOP,1,1,18.310506096542507,0.0,False
TITAGARH,2023-04-11,TRAIN,BULL,DEMAND,SINGLE (1-TF),1,False,False,False,False,True,8.5,78,3.5,T2,4,3,0.3240440699935314,22.755094692878227,True
TITAGARH,2023-04-19,TRAIN,BULL,DEMAND,SINGLE (1-TF),1,False,False,False,False,True,8.5,78,3.5,T2,1,1,0.7543660225276421,17.439977954600252,True
TITAGARH,2023-05-12,TRAIN,BULL,SUPPLY,SINGLE (1-TF),1,False,False,False,False,True,8.5,78,-1.0,STOP,1,9,6.2903178726757965,6.523833153331962,False
TITAGARH,2023-05-19,TRAIN,BULL,SUPPLY,SINGLE (1-TF),1,False,False,False,False,True,8.5,78,-1.0,STOP,2,3,9.594895563715161,3.6176488292301157,False
TITAGARH,2023-05-26,TRAIN,BULL,SUPPLY,DUAL (2-TF),2,False,False,False,True,True,10.0,85,-1.0,STOP,1,1,6.09488731035693,0.0,False
TITAGARH,2023-06-02,TRAIN,BULL,SUPPLY,DUAL (2-TF),2,False,False,False,True,True,10.0,85,-1.0,STOP,1,1,10.62626724162549,0.0,False
TITAGARH,2023-06-26,TRAIN,BULL,SUPPLY,SINGLE (1-TF),1,False,False,False,False,True,8.5,78,-1.0,STOP,1,1,7.946488858879129,1.4622721134368684,False
TITAGARH,2023-07-04,TRAIN,BULL,SUPPLY,SINGLE (1-TF),1,False,False,False,False,True,8.5,78,-1.0,STOP,1,1,7.143441616888965,0.0,False
TITAGARH,2023-07-11,TRAIN,BULL,SUPPLY,SINGLE (1-TF),1,False,False,False,False,True,8.5,78,-1.0,STOP,1,2,6.157283113523686,2.247741480334717,False
TITAGARH,2023-08-01,TRAIN,BULL,SUPPLY,SINGLE (1-TF),1,False,False,False,False,True,8.5,78,-1.0,STOP,1,14,9.050876042349861,4.954870545613545,False
TITAGARH,2023-08-08,TRAIN,BULL,SUPPLY,SINGLE (1-TF),1,False,False,False,False,True,8.5,78,-1.0,STOP,1,9,9.050876042349861,4.954870545613545,False
TITAGARH,2023-08-16,TRAIN,BULL,SUPPLY,SINGLE (1-TF),1,False,False,False,False,True,8.5,78,-1.0,STOP,1,4,9.050876042349861,1.3866766607326892,False
TITAGARH,2023-08-23,TRAIN,BULL,SUPPLY,SINGLE (1-TF),1,False,False,False,False,True,8.5,78,-1.0,STOP,1,1,29.023392360785788,0.0,False
TITAGARH,2023-09-01,TRAIN,BULL,SUPPLY,SINGLE (1-TF),1,False,False,False,False,True,8.5,78,-1.0,STOP,1,1,8.699583103119188,0.8651865990255646,False
TITAGARH,2023-09-08,TRAIN,BULL,SUPPLY,SINGLE (1-TF),1,False,False,False,False,True,8.5,78,-1.0,STOP,1,1,7.083479833241244,0.25114269928173183,False
TITAGARH,2023-09-15,TRAIN,BULL,DEMAND,SINGLE (1-TF),1,False,False,False,False,True,8.5,78,2.0,T1,15,5,1.173000781102691,7.3706466991677235,True
TITAGARH,2023-09-25,TRAIN,BULL,SUPPLY,SINGLE (1-TF),1,False,False,False,False,True,8.5,78,-1.0,STOP,1,2,3.8324351063552884,2.275508344398436,False
TITAGARH,2023-10-03,TRAIN,BULL,DEMAND,SINGLE (1-TF),1,False,False,False,False,True,8.5,78,2.0,T1,1,1,0.522476986132755,5.085966451477737,True
TITAGARH,2023-10-10,TRAIN,BULL,DEMAND,SINGLE (1-TF),1,False,False,False,False,True,8.5,78,-1.0,STOP,1,1,3.2671179959930248,0.0,False
TITAGARH,2023-10-17,TRAIN,BULL,SUPPLY,SINGLE (1-TF),1,False,False,False,False,True,8.5,78,-1.0,STOP,1,1,12.531204493447056,0.0,False
TITAGARH,2023-10-26,TRAIN,BULL,DEMAND,DUAL (2-TF),2,False,False,False,True,True,10.0,85,-1.0,STOP,1,1,9.677918062355063,0.0,False
TITAGARH,2023-11-09,TRAIN,BULL,SUPPLY,SINGLE (1-TF),1,False,False,False,False,True,8.5,78,-1.0,STOP,1,5,22.850953531761437,2.049811547563893,False
TITAGARH,2023-11-29,TRAIN,BULL,SUPPLY,SINGLE (1-TF),1,False,False,False,False,True,8.5,78,-1.0,STOP,1,1,7.618293322487767,0.0,False
TITAGARH,2023-12-06,TRAIN,BULL,SUPPLY,SINGLE (1-TF),1,False,False,False,False,True,8.5,78,-1.0,STOP,1,2,6.713854265046241,0.5645906199080403,False
TITAGARH,2023-12-13,TRAIN,BULL,DEMAND,SINGLE (1-TF),1,False,False,False,False,True,8.5,78,2.0,T1,1,20,1.9143536558559608,10.762744040125485,True
TITAGARH,2023-12-20,TRAIN,BULL,DEMAND,SINGLE (1-TF),1,False,False,False,False,True,8.5,78,2.0,T1,1,21,4.1094957279928295,10.064031451314696,True
TITAGARH,2023-12-28,TRAIN,BULL,DEMAND,DUAL (2-TF),2,False,False,False,True,True,10.0,85,-1.0,STOP,1,28,6.717755626582693,7.271640885078301,False
TITAGARH,2024-01-04,TRAIN,BULL,DEMAND,DUAL (2-TF),2,False,False,False,True,True,10.0,85,-1.0,STOP,1,23,6.717755626582693,7.271640885078301,False
TITAGARH,2024-01-11,TRAIN,BULL,SUPPLY,DUAL (2-TF),2,False,False,False,True,True,10.0,85,-1.0,STOP,1,1,8.995270821657856,0.0,False
TITAGARH,2024-01-18,TRAIN,BULL,SUPPLY,DUAL (2-TF),2,False,False,False,True,True,10.0,85,-1.0,STOP,1,1,10.359362650872802,0.6381297140124943,False
TITAGARH,2024-01-30,TRAIN,BULL,DEMAND,SINGLE (1-TF),1,False,False,False,False,True,8.5,78,-1.0,STOP,1,5,6.603659725381347,2.8733764726634496,False
TITAGARH,2024-02-06,TRAIN,BULL,DEMAND,DUAL (2-TF),2,False,False,False,True,True,10.0,85,-1.0,STOP,1,2,6.603659725381347,0.0,False
TITAGARH,2024-02-13,TRAIN,BULL,SUPPLY,SINGLE (1-TF),1,False,False,False,False,True,8.5,78,-1.0,STOP,2,3,7.438273847207672,4.8903511047917565,False
TITAGARH,2024-02-20,TRAIN,BULL,SUPPLY,SINGLE (1-TF),1,False,False,False,False,True,8.5,78,2.0,T1,1,10,1.7998437531299483,9.56411129584744,True
TITAGARH,2024-02-27,TRAIN,BULL,SUPPLY,SINGLE (1-TF),1,False,False,False,False,True,8.5,78,2.0,T1,1,5,0.2714741043868136,9.21403219481787,True
TITAGARH,2024-03-05,TRAIN,BULL,SUPPLY,SINGLE (1-TF),1,False,False,False,False,True,8.5,78,2.0,T1,4,1,1.8750986478665688,8.687325722102388,True
TITAGARH,2024-03-15,TRAIN,BULL,SUPPLY,SINGLE (1-TF),1,False,False,False,False,True,8.5,78,-1.0,STOP,5,3,5.163649335592622,7.633996254347634,False
TITAGARH,2024-03-22,TRAIN,BULL,SUPPLY,DUAL (2-TF),2,False,False,False,True,True,10.0,85,-1.0,STOP,1,1,7.436084218441579,0.0,False
TITAGARH,2024-04-02,TRAIN,BULL,SUPPLY,DUAL (2-TF),2,False,False,False,True,True,10.0,85,-1.0,STOP,1,1,7.3615592282873425,0.0,False
TITAGARH,2024-04-09,TRAIN,BULL,SUPPLY,DUAL (2-TF),2,False,False,False,True,True,10.0,85,2.0,T1,1,3,1.508360991903272,9.359871466925984,True
TITAGARH,2024-04-18,TRAIN,BULL,SUPPLY,DUAL (2-TF),2,False,False,False,True,True,10.0,85,-1.0,STOP,1,1,5.4072603636517265,1.7496251557451417,False
TITAGARH,2024-04-25,TRAIN,BULL,SUPPLY,DUAL (2-TF),2,False,False,False,True,True,10.0,85,-1.0,STOP,1,1,10.572448191664758,0.0,False
TITAGARH,2024-05-03,TRAIN,BULL,DEMAND,SINGLE (1-TF),1,False,False,False,False,True,8.5,78,2.0,T1,2,1,1.9042530863019744,7.085615066114596,True
TITAGARH,2024-05-10,TRAIN,BULL,SUPPLY,TRIPLE (3-TF),3,False,False,True,True,True,11.5,92,-1.0,STOP,1,1,7.169993195735984,0.9336962274136339,False
TITAGARH,2024-05-27,TRAIN,BULL,SUPPLY,SINGLE (1-TF),1,False,False,False,False,True,8.5,78,-1.0,STOP,1,2,15.42426548194693,0.18818062066877383,False
TITAGARH,2024-06-12,TRAIN,BULL,SUPPLY,DUAL (2-TF),2,False,False,False,True,True,10.0,85,-1.0,STOP,1,1,6.4186012873363705,2.822738121067475,False
TITAGARH,2024-07-19,TRAIN,BULL,DEMAND,DUAL (2-TF),2,False,False,False,True,True,10.0,85,-1.0,STOP,1,2,10.685581515108797,3.30498966999147,False
TITAGARH,2024-07-26,TRAIN,BULL,DEMAND,DUAL (2-TF),2,False,False,False,True,True,10.0,85,-1.0,STOP,1,6,15.361366381186519,4.510259506979648,False
TITAGARH,2024-08-02,TRAIN,BULL,DEMAND,DUAL (2-TF),2,False,False,False,True,True,10.0,85,-1.0,STOP,1,1,14.155671346672808,0.0,False
TITAGARH,2024-08-09,TRAIN,BULL,SUPPLY,SINGLE (1-TF),1,False,False,False,False,True,8.5,78,-1.0,STOP,2,1,5.768424097779706,5.028567295870396,False
TITAGARH,2024-08-19,TRAIN,BULL,SUPPLY,SINGLE (1-TF),1,False,False,False,False,True,8.5,78,-1.0,STOP,1,1,11.096824352610476,0.0,False
TITAGARH,2024-08-26,TRAIN,BULL,SUPPLY,SINGLE (1-TF),1,False,False,False,False,True,8.5,78,-1.0,STOP,1,1,5.109814663794962,3.229966055384797,False
TITAGARH,2024-09-02,TRAIN,BULL,SUPPLY,SINGLE (1-TF),1,False,False,False,False,True,8.5,78,2.0,T1,3,5,0.23508347513514255,8.023590353376923,True
TITAGARH,2024-09-16,TRAIN,BULL,SUPPLY,SINGLE (1-TF),1,False,False,False,False,True,8.5,78,2.0,T1,1,3,0.34284278737096274,9.807963705953199,True
TITAGARH,2024-09-23,TRAIN,BULL,SUPPLY,SINGLE (1-TF),1,False,False,False,False,True,8.5,78,2.0,T1,1,7,2.760608856088567,13.464022140221394,True
TITAGARH,2024-09-30,TRAIN,SIDEWAYS,DEMAND,DUAL (2-TF),2,False,False,False,True,True,10.0,85,-1.0,STOP,1,1,7.740238594733389,0.0,False
TITAGARH,2024-10-08,TRAIN,BEAR,DEMAND,TRIPLE (3-TF),3,False,False,True,True,True,11.5,92,2.0,T1,1,7,5.687814013794084,10.077254146332686,True
TITAGARH,2024-10-15,TRAIN,BEAR,SUPPLY,DUAL (2-TF),2,False,False,True,False,True,10.0,85,-1.0,STOP,1,1,9.43188609263983,0.0,False
TITAGARH,2024-10-22,TRAIN,BEAR,SUPPLY,DUAL (2-TF),2,False,False,True,False,True,10.0,85,-1.0,STOP,1,1,14.170121135658645,0.0,False
TITAGARH,2024-10-29,TRAIN,BEAR,DEMAND,DUAL (2-TF),2,False,False,False,True,True,10.0,85,-1.0,STOP,1,11,5.18002179951479,9.736823599732777,False
TITAGARH,2024-11-05,TRAIN,BEAR,DEMAND,DUAL (2-TF),2,False,False,False,True,True,10.0,85,-1.0,STOP,1,6,9.217070769127188,3.224123275796769,False
TITAGARH,2024-11-12,TRAIN,BEAR,SUPPLY,DUAL (2-TF),2,False,False,False,True,True,10.0,85,-1.0,STOP,10,1,3.823331141756207,5.191541067103863,False
TITAGARH,2024-11-21,TRAIN,BEAR,DEMAND,DUAL (2-TF),2,False,False,False,True,True,10.0,85,2.0,T1,1,14,6.415765298562742,18.20313249021643,True
TITAGARH,2024-11-28,TRAIN,SIDEWAYS,SUPPLY,DUAL (2-TF),2,False,False,False,True,True,10.0,85,-1.0,STOP,1,1,9.667352356840201,0.0,False
TITAGARH,2024-12-05,TRAIN,BEAR,SUPPLY,DUAL (2-TF),2,False,False,False,True,True,10.0,85,-1.0,STOP,3,2,12.651698273069368,0.5316188625017539,False
TITAGARH,2024-12-13,TRAIN,BULL,SUPPLY,DUAL (2-TF),2,False,False,False,True,True,10.0,85,-1.0,STOP,1,1,7.345869321346471,0.0,False
TITAGARH,2024-12-20,TRAIN,BULL,SUPPLY,DUAL (2-TF),2,False,False,False,True,True,10.0,85,2.0,T1,1,3,1.6357571306157508,10.881839882482558,True
TITAGARH,2024-12-30,TRAIN,BEAR,DEMAND,DUAL (2-TF),2,False,False,False,True,True,10.0,85,-1.0,STOP,1,1,7.898500731965866,0.0,False
TITAGARH,2025-01-06,TRAIN,BEAR,SUPPLY,DUAL (2-TF),2,False,False,True,False,True,10.0,85,2.0,T1,1,13,3.9964476021314304,11.512669010765936,True
TITAGARH,2025-01-13,TRAIN,BEAR,SUPPLY,SINGLE (1-TF),1,False,False,False,False,True,8.5,78,2.0,T1,4,17,5.263757007750026,18.034699627201928,True
TITAGARH,2025-01-20,TRAIN,BEAR,SUPPLY,DUAL (2-TF),2,False,False,False,True,True,10.0,85,2.0,T1,1,15,5.756878304330656,16.7891295345769,True
TITAGARH,2025-01-27,TRAIN,BEAR,SUPPLY,SINGLE (1-TF),1,False,False,False,False,True,8.5,78,2.0,T1,4,9,3.6279590979128717,20.966321813779448,True
TITAGARH,2025-02-10,TRAIN,BEAR,SUPPLY,SINGLE (1-TF),1,False,False,False,False,True,8.5,78,2.0,T1,1,5,0.11629581224317505,15.570347890615485,True
TITAGARH,2025-02-17,TRAIN,BEAR,SUPPLY,SINGLE (1-TF),1,False,False,False,False,True,8.5,78,3.5,T2,24,9,1.5032116274269334,13.72318078608984,True
TITAGARH,2025-03-04,TRAIN,BEAR,DEMAND,TRIPLE (3-TF),3,False,False,True,True,True,11.5,92,2.0,T1,1,1,0.7167914470986693,9.180093851083546,True
TITAGARH,2025-03-11,TRAIN,BEAR,DEMAND,TRIPLE (3-TF),3,False,False,True,True,True,11.5,92,-1.0,STOP,1,1,6.3219266296445005,0.0,False
TITAGARH,2025-03-19,TRAIN,BEAR,DEMAND,DUAL (2-TF),2,False,False,True,False,True,10.0,85,2.0,T1,1,2,1.5704413577254956,10.934925009347854,True
TITAGARH,2025-03-26,TRAIN,BEAR,SUPPLY,DUAL (2-TF),2,False,False,False,True,True,10.0,85,2.0,T1,1,27,3.2748945488932217,17.06877029700507,True
TITAGARH,2025-04-03,TRAIN,BEAR,SUPPLY,DUAL (2-TF),2,False,False,False,True,True,10.0,85,-1.0,STOP,1,1,3.6057571964956123,2.137672090112646,False
TITAGARH,2025-04-11,TRAIN,BEAR,DEMAND,TRIPLE (3-TF),3,False,False,True,True,True,11.5,92,-1.0,STOP,1,13,7.075309161912791,5.818242148116941,False
TITAGARH,2025-04-22,TRAIN,BEAR,DEMAND,TRIPLE (3-TF),3,False,False,True,True,True,11.5,92,-1.0,STOP,6,4,9.131720852311394,3.849274907072939,False
TITAGARH,2025-04-29,TRAIN,BEAR,SUPPLY,SINGLE (1-TF),1,False,False,False,False,True,8.5,78,-1.0,STOP,11,2,21.778139272977548,6.19282988174936,False
TITAGARH,2025-05-07,TRAIN,BEAR,DEMAND,TRIPLE (3-TF),3,False,False,True,True,True,11.5,92,3.5,T2,1,1,1.4045921029744217,4.937090508494239,True
TITAGARH,2025-05-29,TRAIN,BEAR,DEMAND,DUAL (2-TF),2,False,False,True,False,True,10.0,85,-1.0,STOP,1,2,4.9633383534688384,1.437884067848785,False
TITAGARH,2025-06-05,TRAIN,BEAR,SUPPLY,DUAL (2-TF),2,False,False,False,True,True,10.0,85,-1.0,STOP,1,1,8.567079799956515,0.0,False
TITAGARH,2025-06-12,TRAIN,BEAR,DEMAND,DUAL (2-TF),2,False,False,True,False,True,10.0,85,-1.0,STOP,1,5,8.241649430092854,4.19178805615456,False
TITAGARH,2025-06-19,TRAIN,BEAR,SUPPLY,DUAL (2-TF),2,False,False,False,True,True,10.0,85,-1.0,STOP,4,1,4.459317526648636,0.674875416210414,False
TITAGARH,2025-06-26,TRAIN,BEAR,SUPPLY,DUAL (2-TF),2,False,False,False,True,True,10.0,85,2.0,T1,1,22,3.593729951670161,10.45613960053034,True
TITAGARH,2025-07-03,TRAIN,BEAR,DEMAND,DUAL (2-TF),2,False,False,True,False,True,10.0,85,-1.0,STOP,1,1,3.0392712465629823,0.07346304808680518,False
TITAGARH,2025-07-10,TRAIN,BEAR,SUPPLY,DUAL (2-TF),2,False,False,False,True,True,10.0,85,2.0,T1,1,11,0.9469437627057953,8.29076124166553,True
TITAGARH,2025-07-17,TRAIN,SIDEWAYS,DEMAND,DUAL (2-TF),2,False,False,True,False,True,10.0,85,-1.0,STOP,2,1,2.4174113331484954,1.2732197317068028,False
TITAGARH,2025-07-24,TRAIN,BEAR,SUPPLY,SINGLE (1-TF),1,False,False,False,False,True,8.5,78,-1.0,STOP,34,1,4.2229182417107705,2.6622745436872206,False
TITAGARH,2025-08-01,TRAIN,BEAR,DEMAND,TRIPLE (3-TF),3,False,False,True,True,True,11.5,92,-1.0,STOP,1,1,8.161368489770627,0.0,False
TITAGARH,2025-08-08,TRAIN,BEAR,SUPPLY,DUAL (2-TF),2,False,False,True,False,True,10.0,85,3.5,T2,1,1,0.0703086549954326,9.878366026857902,True
TITAGARH,2025-08-25,TRAIN,BEAR,DEMAND,SINGLE (1-TF),1,False,False,False,False,True,8.5,78,2.0,T1,4,7,1.2896873048657487,6.4712522215284105,True
TITAGARH,2025-09-02,VALIDATION,BEAR,SUPPLY,DUAL (2-TF),2,False,False,False,True,True,10.0,85,-1.0,STOP,1,5,5.635313039852261,0.8208732948114595,False
TITAGARH,2025-09-09,VALIDATION,BEAR,SUPPLY,TRIPLE (3-TF),3,False,False,True,True,True,11.5,92,-1.0,STOP,1,1,7.815709327856085,0.9490757135774446,False
TITAGARH,2025-09-16,VALIDATION,BULL,SUPPLY,TRIPLE (3-TF),3,False,False,True,True,True,11.5,92,-1.0,STOP,1,2,3.860982894379577,0.0,False
TITAGARH,2025-09-23,VALIDATION,SIDEWAYS,DEMAND,DUAL (2-TF),2,False,False,False,True,True,10.0,85,-1.0,STOP,1,1,5.853247710285295,0.0,False
TITAGARH,2025-09-30,VALIDATION,SIDEWAYS,SUPPLY,DUAL (2-TF),2,False,False,True,False,True,10.0,85,-1.0,STOP,4,2,4.035674470457084,2.2073578595317676,False
TITAGARH,2025-10-08,VALIDATION,SIDEWAYS,SUPPLY,ATZ (4-TF),4,True,True,True,True,True,13.0,100,2.0,T1,1,35,4.035674470457084,8.4726867335563,True
TITAGARH,2025-10-15,VALIDATION,SIDEWAYS,SUPPLY,DUAL (2-TF),2,False,False,True,False,True,10.0,85,2.0,T1,8,23,2.2246941045606228,8.676307007786429,True
TITAGARH,2025-10-23,VALIDATION,SIDEWAYS,DEMAND,DUAL (2-TF),2,False,True,False,False,True,10.0,85,-1.0,STOP,1,9,4.392984845904993,4.319200862705029,False
TITAGARH,2025-10-30,VALIDATION,BULL,DEMAND,SINGLE (1-TF),1,False,False,False,False,True,8.5,78,-1.0,STOP,4,1,4.262574595055414,3.2850241545893692,False
TITAGARH,2025-11-07,VALIDATION,SIDEWAYS,DEMAND,TRIPLE (3-TF),3,False,True,False,True,True,11.5,92,-1.0,STOP,1,1,5.721096543504181,0.0,False
TITAGARH,2025-11-14,VALIDATION,SIDEWAYS,DEMAND,DUAL (2-TF),2,False,True,False,False,True,10.0,85,2.0,T1,1,1,0.20054264480359155,6.387873068302463,True
TITAGARH,2025-11-21,VALIDATION,SIDEWAYS,SUPPLY,TRIPLE (3-TF),3,False,False,True,True,True,11.5,92,-1.0,STOP,25,1,5.989194160248307,2.7531900218415832,False
TITAGARH,2025-11-28,VALIDATION,SIDEWAYS,DEMAND,ATZ (4-TF),4,True,True,True,True,True,13.0,100,-1.0,STOP,1,1,2.667457024303497,0.7587433313574365,False
TITAGARH,2025-12-05,VALIDATION,BEAR,SUPPLY,SINGLE (1-TF),1,False,False,False,False,True,8.5,78,-1.0,STOP,12,1,6.374551305854685,3.7566530511201908,False
TITAGARH,2025-12-12,VALIDATION,BEAR,SUPPLY,SINGLE (1-TF),1,False,False,False,False,True,8.5,78,-1.0,STOP,1,1,5.197368421052632,0.0,False
TITAGARH,2025-12-19,VALIDATION,BEAR,SUPPLY,SINGLE (1-TF),1,False,False,False,False,True,8.5,78,-1.0,STOP,1,1,4.707006369426757,2.7643312101910884,False
TITAGARH,2025-12-29,VALIDATION,BULL,SUPPLY,ATZ (4-TF),4,True,True,True,True,True,13.0,100,-1.0,STOP,1,1,6.322565812162317,0.0,False
TITAGARH,2026-01-05,VALIDATION,BULL,SUPPLY,TRIPLE (3-TF),3,False,False,True,True,True,11.5,92,2.0,T1,1,5,2.491788424510137,12.634499943368441,True
TITAGARH,2026-01-12,VALIDATION,BEAR,DEMAND,ATZ (4-TF),4,True,True,True,True,True,13.0,100,-1.0,STOP,1,1,9.741399485139246,0.0,False
TITAGARH,2026-01-19,VALIDATION,BEAR,DEMAND,ATZ (4-TF),4,True,True,True,True,True,13.0,100,-1.0,STOP,1,2,6.177965051431407,0.0,False
TITAGARH,2026-01-27,VALIDATION,BEAR,SUPPLY,SINGLE (1-TF),1,False,False,False,False,True,8.5,78,2.0,T1,2,20,4.63806631232599,9.643128321943816,True
TITAGARH,2026-02-03,VALIDATION,BEAR,DEMAND,ATZ (4-TF),4,True,True,True,True,True,13.0,100,-1.0,STOP,1,2,5.5159383190101785,0.20113366246114184,False
TITAGARH,2026-02-10,VALIDATION,BEAR,SUPPLY,SINGLE (1-TF),1,False,False,False,False,True,8.5,78,2.0,T1,1,10,0.56657223796034,8.076802014479064,True
TITAGARH,2026-02-24,VALIDATION,BEAR,SUPPLY,DUAL (2-TF),2,False,False,False,True,True,10.0,85,-1.0,STOP,33,6,6.890577102492343,3.7718246034919307,False
TITAGARH,2026-03-04,TEST_OOS,BEAR,DEMAND,ATZ (4-TF),4,True,True,True,True,True,13.0,100,-1.0,STOP,1,1,7.099048701251388,0.0,False
TITAGARH,2026-03-11,TEST_OOS,BEAR,SUPPLY,SINGLE (1-TF),1,False,False,False,False,True,8.5,78,2.0,T1,1,12,2.8041644501861738,13.564860551713656,True
TITAGARH,2026-03-18,TEST_OOS,BEAR,SUPPLY,SINGLE (1-TF),1,False,False,False,False,True,8.5,78,2.0,T1,1,7,0.6154319563043311,12.500961612431723,True
TITAGARH,2026-03-25,TEST_OOS,BEAR,SUPPLY,SINGLE (1-TF),1,False,False,False,False,True,8.5,78,2.0,T1,1,2,2.283068571884722,9.204119102738082,True
TITAGARH,2026-04-06,TEST_OOS,BEAR,SUPPLY,DUAL (2-TF),2,False,False,False,True,True,10.0,85,-1.0,STOP,1,1,22.22968435191403,0.0,False
TITAGARH,2026-04-15,TEST_OOS,BEAR,SUPPLY,TRIPLE (3-TF),3,False,False,True,True,True,11.5,92,-1.0,STOP,1,1,13.838437571244008,0.0,False
TITAGARH,2026-04-22,TEST_OOS,BEAR,SUPPLY,TRIPLE (3-TF),3,False,False,True,True,True,11.5,92,-1.0,STOP,1,3,8.224816139261865,2.5706767424600168,False
TITAGARH,2026-04-29,TEST_OOS,BEAR,DEMAND,DUAL (2-TF),2,False,True,False,False,True,10.0,85,5.0,T3,2,3,0.519053876478324,13.36399474375822,True
TITAGARH,2026-05-07,TEST_OOS,BULL,DEMAND,SINGLE (1-TF),1,False,False,False,False,True,8.5,78,-1.0,STOP,3,1,6.101054427988062,2.2612299628207415,False
TITAGARH,2026-05-14,TEST_OOS,BEAR,SUPPLY,DUAL (2-TF),2,False,False,True,False,True,10.0,85,-1.0,STOP,1,7,9.921259842519687,5.354330708661411,False
TITAGARH,2026-05-21,TEST_OOS,BEAR,SUPPLY,TRIPLE (3-TF),3,False,False,True,True,True,11.5,92,-1.0,STOP,1,2,11.23505976095618,0.2656042496679947,False
TITAGARH,2026-06-05,TEST_OOS,BULL,SUPPLY,ATZ (4-TF),4,True,True,True,True,True,13.0,100,-1.0,STOP,1,1,4.847787931973621,0.6899473461235771,False
TITAGARH,2026-06-12,TEST_OOS,BULL,SUPPLY,TRIPLE (3-TF),3,False,False,True,True,True,11.5,92,-1.0,STOP,1,1,5.252895296620176,1.7844481210115837,False
TITAGARH,2026-06-19,TEST_OOS,BULL,SUPPLY,ATZ (4-TF),4,True,True,True,True,True,13.0,100,-1.0,STOP,1,1,6.9203760335258835,0.0,False
TITAGARH,2026-06-26,TEST_OOS,BULL,DEMAND,SINGLE (1-TF),1,False,False,False,False,True,8.5,78,-1.0,STOP,1,8,9.027894236681758,1.347196601263341,False
TITAGARH,2026-07-10,TEST_OOS,BULL,SUPPLY,DUAL (2-TF),2,False,False,True,False,True,10.0,85,-1.0,STOP,2,2,4.516356375168842,3.664767721853532,False
TITAGARH,2026-07-17,TEST_OOS,BULL,DEMAND,DUAL (2-TF),2,False,True,False,False,True,10.0,85,-1.0,STOP,1,3,5.089088156515668,1.851636194247115,False
TITAGARH,2026-07-31,TEST_OOS,SIDEWAYS,DEMAND,TRIPLE (3-TF),3,False,True,False,True,True,11.5,92,2.0,T1,12,1,0.40441176470587675,3.9215686274509802,True
TITAGARH,2026-08-14,TEST_OOS,BULL,SUPPLY,TRIPLE (3-TF),3,False,False,True,True,True,11.5,92,-1.0,STOP,1,4,2.244181201261969,3.244240728614798,False
MAZDOCK,2022-06-23,TRAIN,BEAR,DEMAND,SINGLE (1-TF),1,False,False,False,False,True,8.5,78,2.0,T1,1,27,4.704391891891898,15.81081081081081,True
MAZDOCK,2022-06-30,TRAIN,BEAR,DEMAND,SINGLE (1-TF),1,False,False,False,False,True,8.5,78,2.0,T1,1,16,3.513603738941741,10.983141378734766,True
MAZDOCK,2022-07-07,TRAIN,BEAR,SUPPLY,SINGLE (1-TF),1,False,False,False,False,True,8.5,78,-1.0,STOP,1,1,5.9711450254357405,0.0,False
MAZDOCK,2022-07-14,TRAIN,BEAR,DEMAND,SINGLE (1-TF),1,False,False,False,False,True,8.5,78,2.0,T1,1,3,0.6458997628975606,5.142670264083061,True
MAZDOCK,2022-07-28,TRAIN,SIDEWAYS,SUPPLY,DUAL (2-TF),2,False,False,False,True,True,10.0,85,-1.0,STOP,1,1,5.143429981492896,0.0,False
MAZDOCK,2022-08-04,TRAIN,SIDEWAYS,DEMAND,SINGLE (1-TF),1,False,False,False,False,True,8.5,78,2.0,T1,1,1,1.0474430067775828,3.465804066543438,True
MAZDOCK,2022-08-16,TRAIN,BULL,SUPPLY,DUAL (2-TF),2,False,False,False,True,True,10.0,85,-1.0,STOP,1,1,13.698229181911312,0.0,False
MAZDOCK,2022-08-23,TRAIN,BULL,SUPPLY,DUAL (2-TF),2,False,False,False,True,True,10.0,85,-1.0,STOP,1,1,10.844431435679784,0.0,False
MAZDOCK,2022-09-16,TRAIN,BULL,SUPPLY,SINGLE (1-TF),1,False,False,False,False,True,8.5,78,-1.0,STOP,1,1,14.25521098118964,0.0,False
MAZDOCK,2022-09-30,TRAIN,BULL,SUPPLY,SINGLE (1-TF),1,False,False,False,False,True,8.5,78,-1.0,STOP,1,1,17.317084515558857,0.0,False
MAZDOCK,2022-10-17,TRAIN,BULL,DEMAND,SINGLE (1-TF),1,False,False,False,False,True,8.5,78,2.0,T1,1,11,2.7831094049904115,26.86147329406315,True
MAZDOCK,2022-10-24,TRAIN,BULL,DEMAND,SINGLE (1-TF),1,False,False,False,False,True,8.5,78,5.0,T3,2,5,2.1183780032386954,26.689579959681435,True
MAZDOCK,2022-11-01,TRAIN,BULL,SUPPLY,SINGLE (1-TF),1,False,False,False,False,True,8.5,78,-1.0,STOP,1,1,24.77622627998568,1.087133417960496,False
MAZDOCK,2022-11-25,TRAIN,BULL,SUPPLY,SINGLE (1-TF),1,False,False,False,False,True,8.5,78,-1.0,STOP,1,1,11.353700691337947,0.0,False
MAZDOCK,2022-12-02,TRAIN,BULL,DEMAND,SINGLE (1-TF),1,False,False,False,False,True,8.5,78,-1.0,STOP,3,8,6.855934762911504,3.6126664033640803,False
MAZDOCK,2022-12-09,TRAIN,BULL,SUPPLY,SINGLE (1-TF),1,False,False,False,False,True,8.5,78,2.0,T1,1,9,3.209830830112704,11.744694637939414,True
MAZDOCK,2022-12-16,TRAIN,BULL,SUPPLY,SINGLE (1-TF),1,False,False,False,False,True,8.5,78,3.5,T2,4,1,0.7260664826370485,11.535874179405685,True
MAZDOCK,2023-01-13,TRAIN,BULL,SUPPLY,SINGLE (1-TF),1,False,False,False,False,True,8.5,78,3.5,T2,12,1,0.2111046112368655,9.743876694559606,True
MAZDOCK,2023-01-20,TRAIN,BULL,DEMAND,DUAL (2-TF),2,False,False,False,True,True,10.0,85,-1.0,STOP,1,35,14.11423949064531,2.810322782663148,False
MAZDOCK,2023-01-30,TRAIN,BULL,DEMAND,DUAL (2-TF),2,False,False,False,True,True,10.0,85,-1.0,STOP,1,30,14.11423949064531,2.810322782663148,False
MAZDOCK,2023-02-06,TRAIN,BULL,DEMAND,SINGLE (1-TF),1,False,False,False,False,True,8.5,78,-1.0,STOP,1,3,10.495769706974825,0.0,False
MAZDOCK,2023-02-13,TRAIN,BULL,SUPPLY,SINGLE (1-TF),1,False,False,False,False,True,8.5,78,-1.0,STOP,3,1,4.855893237635974,3.6895816978804596,False
MAZDOCK,2023-02-20,TRAIN,BULL,SUPPLY,DUAL (2-TF),2,False,False,False,True,True,10.0,85,2.0,T1,1,16,4.987664012560284,9.355725019625435,True
MAZDOCK,2023-02-27,TRAIN,BULL,DEMAND,DUAL (2-TF),2,False,False,False,True,True,10.0,85,-1.0,STOP,1,10,7.185155941571264,3.2936664598725414,False
MAZDOCK,2023-03-06,TRAIN,BULL,SUPPLY,DUAL (2-TF),2,False,False,False,True,True,10.0,85,-1.0,STOP,1,1,4.3738424276962595,0.18521156859950913,False
MAZDOCK,2023-03-14,TRAIN,BULL,SUPPLY,SINGLE (1-TF),1,False,False,False,False,True,8.5,78,-1.0,STOP,19,7,5.468015386807237,4.573301040034196,False
MAZDOCK,2023-03-21,TRAIN,BULL,SUPPLY,SINGLE (1-TF),1,False,False,False,False,True,8.5,78,-1.0,STOP,1,1,7.5025225401165105,0.0,False
MAZDOCK,2023-03-28,TRAIN,BULL,SUPPLY,SINGLE (1-TF),1,False,False,False,False,True,8.5,78,-1.0,STOP,1,1,5.100413371090049,1.9138755980861228,False
MAZDOCK,2023-04-06,TRAIN,BULL,SUPPLY,DUAL (2-TF),2,False,False,False,True,True,10.0,85,-1.0,STOP,1,1,6.735202492211839,0.0,False
MAZDOCK,2023-04-17,TRAIN,BULL,SUPPLY,DUAL (2-TF),2,False,False,False,True,True,10.0,85,-1.0,STOP,1,4,9.583132239382252,0.0,False
MAZDOCK,2023-05-02,TRAIN,BULL,SUPPLY,DUAL (2-TF),2,False,False,False,True,True,10.0,85,-1.0,STOP,1,1,11.020233684810494,0.0,False
MAZDOCK,2023-05-09,TRAIN,BULL,DEMAND,DUAL (2-TF),2,False,False,False,True,True,10.0,85,2.0,T1,2,4,1.2252694774184771,8.696957292945832,True
MAZDOCK,2023-05-17,TRAIN,BULL,SUPPLY,DUAL (2-TF),2,False,False,False,True,True,10.0,85,-1.0,STOP,1,1,8.016053801930797,0.0,False
MAZDOCK,2023-05-24,TRAIN,BULL,SUPPLY,DUAL (2-TF),2,False,False,False,True,True,10.0,85,-1.0,STOP,1,4,5.626250500200073,3.2119514472455704,False
MAZDOCK,2023-05-31,TRAIN,BULL,SUPPLY,DUAL (2-TF),2,False,False,False,True,True,10.0,85,-1.0,STOP,1,1,9.227691076430565,0.0,False
MAZDOCK,2023-06-15,TRAIN,BULL,SUPPLY,SINGLE (1-TF),1,False,False,False,False,True,8.5,78,-1.0,STOP,1,1,20.098803952158086,0.17000680027201542,False
MAZDOCK,2023-06-27,TRAIN,BULL,SUPPLY,SINGLE (1-TF),1,False,False,False,False,True,8.5,78,-1.0,STOP,1,1,4.92710832256874,0.34894059621869866,False
MAZDOCK,2023-07-19,TRAIN,BULL,DEMAND,SINGLE (1-TF),1,False,False,False,False,True,8.5,78,2.0,T1,1,3,0.6270375746614927,13.167789067891386,True
MAZDOCK,2023-07-26,TRAIN,BULL,DEMAND,SINGLE (1-TF),1,False,False,False,False,True,8.5,78,-1.0,STOP,1,12,8.07418446762709,5.914886570624267,False
MAZDOCK,2023-08-02,TRAIN,BULL,SUPPLY,SINGLE (1-TF),1,False,False,False,False,True,8.5,78,-1.0,STOP,10,1,3.4349671941335354,2.916077018740088,False
MAZDOCK,2023-08-09,TRAIN,BULL,SUPPLY,DUAL (2-TF),2,False,False,False,True,True,10.0,85,2.0,T1,1,2,1.9491610569677527,7.039753508154989,True
MAZDOCK,2023-08-17,TRAIN,BULL,SUPPLY,DUAL (2-TF),2,False,False,False,True,True,10.0,85,-1.0,STOP,1,15,23.879382371770532,4.3197083301685195,False
MAZDOCK,2023-08-24,TRAIN,BULL,SUPPLY,DUAL (2-TF),2,False,False,False,True,True,10.0,85,-1.0,STOP,7,4,22.19546393518074,2.8181827912104302,False
MAZDOCK,2023-08-31,TRAIN,BULL,SUPPLY,DUAL (2-TF),2,False,False,False,True,True,10.0,85,-1.0,STOP,1,1,5.462137709628894,0.0,False
MAZDOCK,2023-09-11,TRAIN,BULL,SUPPLY,DUAL (2-TF),2,False,False,False,True,True,10.0,85,-1.0,STOP,1,1,28.436589454263196,0.0,False
MAZDOCK,2023-09-28,TRAIN,BULL,DEMAND,SINGLE (1-TF),1,False,False,False,False,True,8.5,78,-1.0,STOP,1,3,5.909981157119913,1.056315149489953,False
MAZDOCK,2023-10-06,TRAIN,BULL,SUPPLY,SINGLE (1-TF),1,False,False,False,False,True,8.5,78,2.0,T1,3,9,0.7870572802798247,12.951092669947636,True
MAZDOCK,2023-10-13,TRAIN,BULL,SUPPLY,SINGLE (1-TF),1,False,False,False,False,True,8.5,78,2.0,T1,1,5,2.5588836716146597,5.969781884277487,True
MAZDOCK,2023-10-20,TRAIN,BULL,SUPPLY,SINGLE (1-TF),1,False,False,False,False,True,8.5,78,-1.0,STOP,31,6,3.6242582414965843,3.8890529303628005,False
MAZDOCK,2023-11-01,TRAIN,BULL,SUPPLY,DUAL (2-TF),2,False,False,False,True,True,10.0,85,-1.0,STOP,1,23,15.329904319451373,0.0,False
MAZDOCK,2023-11-08,TRAIN,BULL,SUPPLY,TRIPLE (3-TF),3,False,False,True,True,True,11.5,92,-1.0,STOP,1,1,7.222239947250325,0.0,False
MAZDOCK,2023-11-16,TRAIN,BULL,SUPPLY,TRIPLE (3-TF),3,False,False,True,True,True,11.5,92,-1.0,STOP,1,7,5.27464570187235,1.1265128788662564,False
MAZDOCK,2023-11-23,TRAIN,BULL,SUPPLY,TRIPLE (3-TF),3,False,False,True,True,True,11.5,92,-1.0,STOP,1,2,5.27464570187235,0.21309610013448424,False
MAZDOCK,2023-12-01,TRAIN,BULL,DEMAND,DUAL (2-TF),2,False,False,False,True,True,10.0,85,2.0,T1,3,1,0.0378408230890389,6.633394015013616,True
MAZDOCK,2023-12-11,TRAIN,BULL,SUPPLY,TRIPLE (3-TF),3,False,False,True,True,True,11.5,92,-1.0,STOP,1,1,8.18039391226498,0.0,False
MAZDOCK,2023-12-18,TRAIN,BULL,SUPPLY,TRIPLE (3-TF),3,False,False,True,True,True,11.5,92,-1.0,STOP,1,1,4.591601292108905,0.12978772496540306,False
MAZDOCK,2023-12-27,TRAIN,BULL,SUPPLY,TRIPLE (3-TF),3,False,False,True,True,True,11.5,92,-1.0,STOP,1,1,11.66296186760034,0.0,False
MAZDOCK,2024-01-03,TRAIN,BULL,SUPPLY,DUAL (2-TF),2,False,False,True,False,True,10.0,85,-1.0,STOP,2,8,8.30059460607347,3.867593968995543,False
MAZDOCK,2024-01-10,TRAIN,BULL,SUPPLY,TRIPLE (3-TF),3,False,False,True,True,True,11.5,92,-1.0,STOP,1,4,10.199065445803956,1.1209248305107677,False
MAZDOCK,2024-01-17,TRAIN,BULL,SUPPLY,DUAL (2-TF),2,False,False,True,False,True,10.0,85,-1.0,STOP,1,1,7.542158478063183,0.0,False
MAZDOCK,2024-01-25,TRAIN,BULL,SUPPLY,DUAL (2-TF),2,False,False,True,False,True,10.0,85,2.0,T1,1,11,7.166445045219591,12.522345606171346,True
MAZDOCK,2024-02-09,TRAIN,BULL,DEMAND,SINGLE (1-TF),1,False,False,False,False,True,8.5,78,-1.0,STOP,1,1,8.773911526205111,0.9651853688550927,False
MAZDOCK,2024-02-16,TRAIN,BULL,SUPPLY,TRIPLE (3-TF),3,False,False,True,True,True,11.5,92,2.0,T1,1,17,4.788373961960885,13.30316482338984,True
MAZDOCK,2024-02-23,TRAIN,BULL,SUPPLY,DUAL (2-TF),2,False,False,False,True,True,10.0,85,-1.0,STOP,1,3,6.18522719561023,1.8594460440721736,False
MAZDOCK,2024-03-01,TRAIN,BULL,SUPPLY,TRIPLE (3-TF),3,False,False,True,True,True,11.5,92,2.0,T1,1,7,3.6929440149687327,10.7597616820129,True
MAZDOCK,2024-03-11,TRAIN,BULL,SUPPLY,TRIPLE (3-TF),3,False,False,True,True,True,11.5,92,-1.0,STOP,16,1,6.75065252776252,0.0,False
MAZDOCK,2024-03-18,TRAIN,SIDEWAYS,SUPPLY,SINGLE (1-TF),1,False,False,False,False,True,8.5,78,-1.0,STOP,9,1,2.6716696397449367,5.335137684279589,False
MAZDOCK,2024-03-26,TRAIN,SIDEWAYS,SUPPLY,SINGLE (1-TF),1,False,False,False,False,True,8.5,78,-1.0,STOP,1,3,10.515454816318869,0.0,False
MAZDOCK,2024-04-04,TRAIN,BULL,SUPPLY,DUAL (2-TF),2,False,False,False,True,True,10.0,85,-1.0,STOP,1,1,11.813247785646542,0.0,False
MAZDOCK,2024-04-12,TRAIN,BULL,SUPPLY,TRIPLE (3-TF),3,False,False,True,True,True,11.5,92,-1.0,STOP,1,2,6.606181436427897,0.8774210947056065,False
MAZDOCK,2024-04-22,TRAIN,BULL,SUPPLY,TRIPLE (3-TF),3,False,False,True,True,True,11.5,92,-1.0,STOP,1,1,9.811171010733528,0.0,False
MAZDOCK,2024-04-29,TRAIN,BULL,SUPPLY,TRIPLE (3-TF),3,False,False,True,True,True,11.5,92,-1.0,STOP,1,13,28.397857958037047,9.882363269247648,False
MAZDOCK,2024-05-07,TRAIN,BULL,DEMAND,DUAL (2-TF),2,False,False,False,True,True,10.0,85,-1.0,STOP,1,4,9.508193831045771,0.37024303810857095,False
MAZDOCK,2024-05-14,TRAIN,BULL,DEMAND,TRIPLE (3-TF),3,False,False,True,True,True,11.5,92,5.0,T3,1,3,5.230375964212734,31.644179620345447,True
MAZDOCK,2024-05-31,TRAIN,BULL,SUPPLY,SINGLE (1-TF),1,False,False,False,False,True,8.5,78,-1.0,STOP,1,1,9.73162208856732,0.0,False
MAZDOCK,2024-06-10,TRAIN,BULL,SUPPLY,SINGLE (1-TF),1,False,False,False,False,True,8.5,78,-1.0,STOP,2,3,25.312044402383805,1.4457631020282966,False
MAZDOCK,2024-06-25,TRAIN,BULL,SUPPLY,SINGLE (1-TF),1,False,False,False,False,True,8.5,78,-1.0,STOP,1,1,7.555576063327996,0.5326893892785417,False
MAZDOCK,2024-07-02,TRAIN,BULL,SUPPLY,SINGLE (1-TF),1,False,False,False,False,True,8.5,78,-1.0,STOP,1,1,15.59146742051722,0.0,False
MAZDOCK,2024-07-25,TRAIN,BULL,DEMAND,SINGLE (1-TF),1,False,False,False,False,True,8.5,78,-1.0,STOP,1,1,6.862233385004812,0.0,False
MAZDOCK,2024-08-01,TRAIN,BULL,SUPPLY,SINGLE (1-TF),1,False,False,False,False,True,8.5,78,2.0,T1,1,13,6.178909665865349,18.555283070618405,True
MAZDOCK,2024-08-08,TRAIN,BULL,SUPPLY,SINGLE (1-TF),1,False,False,False,False,True,8.5,78,2.0,T1,1,39,7.407108890142668,18.646519579354607,True
MAZDOCK,2024-08-16,TRAIN,BULL,SUPPLY,SINGLE (1-TF),1,False,False,False,False,True,8.5,78,2.0,T1,1,2,3.584001444268485,13.727115319913672,True
MAZDOCK,2024-08-23,TRAIN,BULL,DEMAND,SINGLE (1-TF),1,False,False,False,False,True,8.5,78,-1.0,STOP,1,3,9.545604557850314,0.0,False
MAZDOCK,2024-08-30,TRAIN,BULL,SUPPLY,SINGLE (1-TF),1,False,False,False,False,True,8.5,78,-1.0,STOP,1,3,14.219287371513186,1.1123062749316237,False
MAZDOCK,2024-09-06,TRAIN,BULL,DEMAND,SINGLE (1-TF),1,False,False,False,False,True,8.5,78,-1.0,STOP,1,9,10.617584145382752,3.3169095197177043,False
MAZDOCK,2024-09-13,TRAIN,BULL,SUPPLY,TRIPLE (3-TF),3,False,False,True,True,True,11.5,92,2.0,T1,1,4,0.8680345351078929,8.931814583352745,True
MAZDOCK,2024-09-23,TRAIN,BULL,SUPPLY,SINGLE (1-TF),1,False,False,False,False,True,8.5,78,-1.0,STOP,1,14,12.774481893651323,5.549859648424279,False
MAZDOCK,2024-09-30,TRAIN,BULL,SUPPLY,TRIPLE (3-TF),3,False,False,True,True,True,11.5,92,-1.0,STOP,8,2,6.527288711701998,1.5072376555543514,False
MAZDOCK,2024-10-08,TRAIN,BULL,SUPPLY,DUAL (2-TF),2,False,False,False,True,True,10.0,85,-1.0,STOP,1,2,10.339844179743377,5.101163151209657,False
MAZDOCK,2024-10-16,TRAIN,BULL,SUPPLY,TRIPLE (3-TF),3,False,False,True,True,True,11.5,92,-1.0,STOP,1,2,6.158390355466254,3.761608903786146,False
MAZDOCK,2024-10-24,TRAIN,BULL,DEMAND,SINGLE (1-TF),1,False,False,False,False,True,8.5,78,-1.0,STOP,1,1,7.696554563659172,0.0,False
MAZDOCK,2024-10-31,TRAIN,BULL,SUPPLY,DUAL (2-TF),2,False,False,False,True,True,10.0,85,-1.0,STOP,1,3,7.085280227880361,1.2933210064715965,False
MAZDOCK,2024-11-07,TRAIN,BULL,SUPPLY,TRIPLE (3-TF),3,False,False,True,True,True,11.5,92,-1.0,STOP,1,11,10.072711826291206,4.645561080432774,False
MAZDOCK,2024-11-14,TRAIN,BULL,DEMAND,TRIPLE (3-TF),3,False,False,True,True,True,11.5,92,2.0,T1,1,8,5.4239858836591495,14.190193901423529,True
MAZDOCK,2024-11-25,TRAIN,BULL,SUPPLY,DUAL (2-TF),2,False,False,False,True,True,10.0,85,-1.0,STOP,1,1,9.081139438600667,0.0,False
MAZDOCK,2024-12-02,TRAIN,BULL,SUPPLY,TRIPLE (3-TF),3,False,False,True,True,True,11.5,92,-1.0,STOP,1,1,10.569914627793137,0.0,False
MAZDOCK,2024-12-09,TRAIN,BULL,SUPPLY,TRIPLE (3-TF),3,False,False,True,True,True,11.5,92,-1.0,STOP,1,1,13.826799487347957,0.0,False
MAZDOCK,2024-12-16,TRAIN,BULL,DEMAND,SINGLE (1-TF),1,False,False,False,False,True,8.5,78,-1.0,STOP,5,5,4.947963587380855,9.331806131116325,False
MAZDOCK,2024-12-23,TRAIN,BULL,DEMAND,DUAL (2-TF),2,False,False,False,True,True,10.0,85,-1.0,STOP,1,1,9.514734498184502,0.0,False
MAZDOCK,2024-12-31,TRAIN,BULL,SUPPLY,DUAL (2-TF),2,False,False,True,False,True,10.0,85,2.0,T1,1,9,1.933277195662929,13.763423124669039,True
MAZDOCK,2025-01-07,TRAIN,BULL,DEMAND,TRIPLE (3-TF),3,False,False,True,True,True,11.5,92,-1.0,STOP,1,4,5.293590489174484,6.467666434679802,False
MAZDOCK,2025-01-14,TRAIN,BULL,DEMAND,TRIPLE (3-TF),3,False,False,True,True,True,11.5,92,2.0,T1,1,1,2.929707982572397,9.632380280481629,True
MAZDOCK,2025-01-21,TRAIN,BULL,SUPPLY,TRIPLE (3-TF),3,False,False,True,True,True,11.5,92,2.0,T1,1,5,7.096785394945873,10.344378564669734,True
MAZDOCK,2025-01-28,TRAIN,BULL,DEMAND,DUAL (2-TF),2,False,False,False,True,True,10.0,85,2.0,T1,1,3,9.959023539668703,8.636878814298173,True
MAZDOCK,2025-02-03,TRAIN,BULL,DEMAND,SINGLE (1-TF),1,False,False,False,False,True,8.5,78,-1.0,STOP,1,1,8.00393608145977,0.24172674182300857,False
MAZDOCK,2025-02-10,TRAIN,BULL,SUPPLY,SINGLE (1-TF),1,False,False,False,False,True,8.5,78,-1.0,STOP,1,25,18.515975754071857,14.154147733945207,False
MAZDOCK,2025-02-17,TRAIN,SIDEWAYS,SUPPLY,SINGLE (1-TF),1,False,False,False,False,True,8.5,78,-1.0,STOP,11,10,18.515975754071857,4.9747513527674085,False
MAZDOCK,2025-02-24,TRAIN,SIDEWAYS,DEMAND,TRIPLE (3-TF),3,False,False,True,True,True,11.5,92,3.5,T2,1,15,1.8732894266012905,26.88078451852497,True
MAZDOCK,2025-03-04,TRAIN,SIDEWAYS,DEMAND,DUAL (2-TF),2,False,False,False,True,True,10.0,85,2.0,T1,1,1,0.3684375029598008,6.616720811509659,True
MAZDOCK,2025-03-11,TRAIN,BULL,DEMAND,SINGLE (1-TF),1,False,False,False,False,True,8.5,78,2.0,T1,1,5,2.329759438586529,16.395704228788414,True
MAZDOCK,2025-03-19,TRAIN,BULL,SUPPLY,TRIPLE (3-TF),3,False,False,True,True,True,11.5,92,-1.0,STOP,1,1,23.184251968503936,0.0,False
MAZDOCK,2025-03-26,TRAIN,BULL,SUPPLY,TRIPLE (3-TF),3,False,False,True,True,True,11.5,92,2.0,T1,1,7,4.570837245846339,16.448268593220025,True
MAZDOCK,2025-04-03,TRAIN,BULL,SUPPLY,TRIPLE (3-TF),3,False,False,True,True,True,11.5,92,3.5,T2,1,2,4.21853573570362,16.72975626153088,True
MAZDOCK,2025-04-22,TRAIN,BULL,SUPPLY,TRIPLE (3-TF),3,False,False,True,True,True,11.5,92,-1.0,STOP,1,1,10.204273967438688,0.0,False
MAZDOCK,2025-04-29,TRAIN,BULL,SUPPLY,TRIPLE (3-TF),3,False,False,True,True,True,11.5,92,-1.0,STOP,1,1,22.708887998806247,0.0,False
MAZDOCK,2025-05-14,TRAIN,BULL,SUPPLY,SINGLE (1-TF),1,False,False,False,False,True,8.5,78,-1.0,STOP,1,1,14.661141587315205,0.0,False
MAZDOCK,2025-05-28,TRAIN,BULL,SUPPLY,SINGLE (1-TF),1,False,False,False,False,True,8.5,78,-1.0,STOP,1,1,10.707127442575459,0.0,False
MAZDOCK,2025-06-04,TRAIN,BULL,SUPPLY,SINGLE (1-TF),1,False,False,False,False,True,8.5,78,2.0,T1,1,38,2.268237700155707,20.25930186618328,True
MAZDOCK,2025-06-11,TRAIN,BULL,SUPPLY,SINGLE (1-TF),1,False,False,False,False,True,8.5,78,2.0,T1,1,2,0.2732758161265305,8.123960041924,True
MAZDOCK,2025-06-18,TRAIN,BULL,SUPPLY,DUAL (2-TF),2,False,False,False,True,True,10.0,85,2.0,T1,1,21,1.6413434869349504,8.42629312442216,True
MAZDOCK,2025-06-25,TRAIN,BULL,DEMAND,SINGLE (1-TF),1,False,False,False,False,True,8.5,78,-1.0,STOP,1,1,4.5297375272022595,1.5846187659228046,False
MAZDOCK,2025-07-02,TRAIN,BULL,SUPPLY,SINGLE (1-TF),1,False,False,False,False,True,8.5,78,2.0,T1,1,18,5.5218423611725145,13.33369116328412,True
MAZDOCK,2025-07-09,TRAIN,BULL,SUPPLY,SINGLE (1-TF),1,False,False,False,False,True,8.5,78,2.0,T1,1,2,0.1806577764822991,5.120357550584174,True
MAZDOCK,2025-07-23,TRAIN,BULL,DEMAND,DUAL (2-TF),2,False,False,False,True,True,10.0,85,-1.0,STOP,1,2,7.357169808865825,0.0,False
MAZDOCK,2025-07-30,TRAIN,BULL,SUPPLY,DUAL (2-TF),2,False,False,True,False,True,10.0,85,-1.0,STOP,5,29,7.064157479075188,8.093668702787241,False
MAZDOCK,2025-08-06,TRAIN,BULL,DEMAND,SINGLE (1-TF),1,False,False,False,False,True,8.5,78,-1.0,STOP,1,2,5.643725547784014,3.8775458405398275,False
MAZDOCK,2025-08-13,TRAIN,BULL,SUPPLY,DUAL (2-TF),2,False,False,True,False,True,10.0,85,-1.0,STOP,1,20,6.3462134612228605,6.33126059920859,False
MAZDOCK,2025-08-21,TRAIN,BULL,SUPPLY,DUAL (2-TF),2,False,False,True,False,True,10.0,85,-1.0,STOP,1,2,4.732923131799524,0.6450270495214363,False
MAZDOCK,2025-08-29,TRAIN,SIDEWAYS,SUPPLY,DUAL (2-TF),2,False,False,True,False,True,10.0,85,-1.0,STOP,3,8,8.854843285699346,2.380952380952388,False
MAZDOCK,2025-09-05,VALIDATION,SIDEWAYS,DEMAND,SINGLE (1-TF),1,False,False,False,False,True,8.5,78,2.0,T1,1,4,0.23744937579308092,6.1470894405312855,True
MAZDOCK,2025-09-12,VALIDATION,BULL,SUPPLY,TRIPLE (3-TF),3,False,False,True,True,True,11.5,92,-1.0,STOP,1,1,8.895974225541362,0.0,False
MAZDOCK,2025-09-19,VALIDATION,BULL,DEMAND,SINGLE (1-TF),1,False,False,False,False,True,8.5,78,-1.0,STOP,3,3,4.152609067579132,1.755688622754489,False
MAZDOCK,2025-09-26,VALIDATION,BULL,DEMAND,SINGLE (1-TF),1,False,False,False,False,True,8.5,78,-1.0,STOP,1,1,7.417621899059032,0.0,False
MAZDOCK,2025-10-13,VALIDATION,BULL,DEMAND,SINGLE (1-TF),1,False,False,False,False,True,8.5,78,-1.0,STOP,1,1,3.1397405144187944,0.0,False
MAZDOCK,2025-10-20,VALIDATION,BULL,DEMAND,SINGLE (1-TF),1,False,False,False,False,True,8.5,78,-1.0,STOP,1,5,2.296813500451959,1.8302621370970555,False
MAZDOCK,2025-10-28,VALIDATION,SIDEWAYS,SUPPLY,ATZ (4-TF),4,True,True,True,True,True,13.0,100,2.0,T1,1,1,1.769055401238402,3.6867768977155873,True
MAZDOCK,2025-11-04,VALIDATION,BEAR,SUPPLY,TRIPLE (3-TF),3,False,True,True,False,True,11.5,92,2.0,T1,1,1,0.4452699701562706,4.3510181007932704,True
MAZDOCK,2025-11-12,VALIDATION,SIDEWAYS,DEMAND,DUAL (2-TF),2,False,False,False,True,True,10.0,85,-1.0,STOP,9,8,3.8031361822507828,1.8232572081608298,False
MAZDOCK,2025-11-19,VALIDATION,SIDEWAYS,DEMAND,DUAL (2-TF),2,False,False,False,True,True,10.0,85,-1.0,STOP,3,1,2.3096861111314553,3.096787892544138,False
MAZDOCK,2025-11-26,VALIDATION,BEAR,DEMAND,DUAL (2-TF),2,False,False,False,True,True,10.0,85,-1.0,STOP,1,8,11.102981049941697,0.591307190028008,False
MAZDOCK,2025-12-03,VALIDATION,BEAR,DEMAND,DUAL (2-TF),2,False,False,False,True,True,10.0,85,-1.0,STOP,1,1,3.949972502085724,0.0,False
MAZDOCK,2025-12-11,VALIDATION,BEAR,DEMAND,TRIPLE (3-TF),3,False,False,True,True,True,11.5,92,-1.0,STOP,1,4,11.323802662015089,0.0,False
MAZDOCK,2025-12-26,VALIDATION,BEAR,SUPPLY,DUAL (2-TF),2,False,True,False,False,True,10.0,85,-1.0,STOP,1,1,8.786787882809655,0.0,False
MAZDOCK,2026-01-02,VALIDATION,BEAR,SUPPLY,SINGLE (1-TF),1,False,False,False,False,True,8.5,78,2.0,T1,2,12,2.74708300658253,9.860744754164596,True
MAZDOCK,2026-01-09,VALIDATION,BEAR,DEMAND,TRIPLE (3-TF),3,False,False,True,True,True,11.5,92,-1.0,STOP,1,1,2.976491934679874,3.4522361573584717,False
MAZDOCK,2026-01-16,VALIDATION,BEAR,SUPPLY,SINGLE (1-TF),1,False,False,False,False,True,8.5,78,2.0,T1,9,17,2.570112083672136,9.639116085521591,True
MAZDOCK,2026-01-23,VALIDATION,BEAR,SUPPLY,SINGLE (1-TF),1,False,False,False,False,True,8.5,78,-1.0,STOP,3,1,4.356201531160611,3.331845164277325,False
MAZDOCK,2026-02-02,VALIDATION,BEAR,SUPPLY,TRIPLE (3-TF),3,False,True,False,True,True,11.5,92,2.0,T1,2,14,0.8924443168954524,9.639116085521591,True
MAZDOCK,2026-02-09,VALIDATION,BEAR,DEMAND,TRIPLE (3-TF),3,False,False,True,True,True,11.5,92,-1.0,STOP,1,5,8.049654821972299,0.0,False
MAZDOCK,2026-02-16,VALIDATION,BEAR,SUPPLY,SINGLE (1-TF),1,False,False,False,False,True,8.5,78,-1.0,STOP,13,2,4.854184163601683,3.0582229044015765,False
MAZDOCK,2026-02-23,VALIDATION,BEAR,SUPPLY,SINGLE (1-TF),1,False,False,False,False,True,8.5,78,-1.0,STOP,8,1,5.221198623203086,1.1620942161031134,False
MAZDOCK,2026-03-02,TEST_OOS,BEAR,SUPPLY,SINGLE (1-TF),1,False,False,False,False,True,8.5,78,-1.0,STOP,1,2,10.308436152784019,5.783344358952719,False
MAZDOCK,2026-03-12,TEST_OOS,BEAR,SUPPLY,DUAL (2-TF),2,False,False,False,True,True,10.0,85,-1.0,STOP,1,1,8.334907255708936,0.0,False
MAZDOCK,2026-03-19,TEST_OOS,BEAR,SUPPLY,DUAL (2-TF),2,False,False,False,True,True,10.0,85,2.0,T1,1,6,1.9539337474120062,14.275278835236751,True
MAZDOCK,2026-03-27,TEST_OOS,BEAR,SUPPLY,DUAL (2-TF),2,False,False,False,True,True,10.0,85,-1.0,STOP,3,4,6.062735192313499,8.781806190757402,False
MAZDOCK,2026-04-07,TEST_OOS,BEAR,SUPPLY,DUAL (2-TF),2,False,False,False,True,True,10.0,85,-1.0,STOP,1,1,13.967577582213986,0.0,False
MAZDOCK,2026-04-22,TEST_OOS,SIDEWAYS,SUPPLY,ATZ (4-TF),4,True,True,True,True,True,13.0,100,-1.0,STOP,1,1,8.404426384037126,0.0,False
MAZDOCK,2026-04-29,TEST_OOS,BULL,DEMAND,SINGLE (1-TF),1,False,False,False,False,True,8.5,78,-1.0,STOP,4,5,4.163194195662589,3.8547256402231027,False
MAZDOCK,2026-05-06,TEST_OOS,SIDEWAYS,DEMAND,SINGLE (1-TF),1,False,False,False,False,True,8.5,78,-1.0,STOP,1,1,2.0454935686397366,0.3542287220144467,False
MAZDOCK,2026-05-13,TEST_OOS,BEAR,DEMAND,TRIPLE (3-TF),3,False,False,True,True,True,11.5,92,-1.0,STOP,1,20,4.55845077562608,3.5867383149143284,False
MAZDOCK,2026-05-20,TEST_OOS,BEAR,DEMAND,TRIPLE (3-TF),3,False,False,True,True,True,11.5,92,-1.0,STOP,1,8,6.593510287370099,0.0,False
MAZDOCK,2026-05-27,TEST_OOS,BEAR,DEMAND,TRIPLE (3-TF),3,False,False,True,True,True,11.5,92,-1.0,STOP,1,8,3.7712652708968517,2.9701156537633286,False
MAZDOCK,2026-06-03,TEST_OOS,BEAR,SUPPLY,TRIPLE (3-TF),3,False,True,True,False,True,11.5,92,-1.0,STOP,1,10,4.400771592980619,5.755953133474995,False
MAZDOCK,2026-06-10,TEST_OOS,BEAR,DEMAND,DUAL (2-TF),2,False,False,False,True,True,10.0,85,-1.0,STOP,1,1,6.077318875332264,0.0,False
MAZDOCK,2026-06-17,TEST_OOS,SIDEWAYS,SUPPLY,TRIPLE (3-TF),3,False,True,True,False,True,11.5,92,-1.0,STOP,1,1,7.041424564215591,0.0,False
MAZDOCK,2026-06-24,TEST_OOS,SIDEWAYS,SUPPLY,TRIPLE (3-TF),3,False,True,True,False,True,11.5,92,-1.0,STOP,1,7,4.971776120249123,1.5156668853308648,False
MAZDOCK,2026-07-01,TEST_OOS,SIDEWAYS,SUPPLY,ATZ (4-TF),4,True,True,True,True,True,13.0,100,-1.0,STOP,1,2,2.6482513938165275,2.2134756715661466,False
MAZDOCK,2026-07-08,TEST_OOS,BEAR,DEMAND,DUAL (2-TF),2,False,True,False,False,True,10.0,85,-1.0,STOP,1,1,7.606292815910138,0.0,False
MAZDOCK,2026-07-15,TEST_OOS,BEAR,DEMAND,DUAL (2-TF),2,False,True,False,False,True,10.0,85,-1.0,STOP,1,1,3.5243882410904788,0.0,False
MAZDOCK,2026-07-22,TEST_OOS,BEAR,DEMAND,DUAL (2-TF),2,False,True,False,False,True,10.0,85,-1.0,STOP,1,1,6.147561175890952,0.0,False
MAZDOCK,2026-07-29,TEST_OOS,BEAR,DEMAND,TRIPLE (3-TF),3,False,True,False,True,True,11.5,92,2.0,T1,2,1,1.0333366817052174,4.7081020409054455,True
MAZDOCK,2026-08-20,TEST_OOS,BULL,DEMAND,TRIPLE (3-TF),3,False,True,False,True,True,11.5,92,-1.0,STOP,2,7,3.7695143955440455,4.212755942574726,False
BIKAJI,2023-01-25,TRAIN,BULL,SUPPLY,SINGLE (1-TF),1,False,False,False,False,True,8.5,78,-1.0,STOP,1,1,3.8045636079127365,3.7134782913328896,False
BIKAJI,2023-02-02,TRAIN,SIDEWAYS,DEMAND,SINGLE (1-TF),1,False,False,False,False,True,8.5,78,-1.0,STOP,1,1,8.719101123595511,0.0,False
BIKAJI,2023-02-09,TRAIN,BEAR,DEMAND,SINGLE (1-TF),1,False,False,False,False,True,8.5,78,-1.0,STOP,1,11,7.123074932056435,0.0,False
BIKAJI,2023-02-16,TRAIN,BEAR,DEMAND,SINGLE (1-TF),1,False,False,False,False,True,8.5,78,-1.0,STOP,1,6,7.123074932056435,0.0,False
BIKAJI,2023-02-23,TRAIN,BEAR,SUPPLY,DUAL (2-TF),2,False,False,False,True,True,10.0,85,2.0,T1,1,1,0.7015765465361313,4.278816656440905,True
BIKAJI,2023-03-02,TRAIN,BEAR,SUPPLY,DUAL (2-TF),2,False,False,False,True,True,10.0,85,-1.0,STOP,1,33,5.118971773635084,6.080163984377161,False
BIKAJI,2023-03-10,TRAIN,BEAR,SUPPLY,DUAL (2-TF),2,False,False,False,True,True,10.0,85,-1.0,STOP,1,28,5.118971773635084,6.080163984377161,False
BIKAJI,2023-03-17,TRAIN,BEAR,SUPPLY,DUAL (2-TF),2,False,False,False,True,True,10.0,85,-1.0,STOP,5,4,2.8628197235126263,4.6286449879666325,False
BIKAJI,2023-03-24,TRAIN,BEAR,SUPPLY,DUAL (2-TF),2,False,False,False,True,True,10.0,85,-1.0,STOP,1,3,2.8628197235126263,3.8366821514523926,False
BIKAJI,2023-04-03,TRAIN,BEAR,SUPPLY,DUAL (2-TF),2,False,False,False,True,True,10.0,85,-1.0,STOP,1,7,4.09177385921571,1.7349575489110411,False
BIKAJI,2023-04-12,TRAIN,BEAR,SUPPLY,DUAL (2-TF),2,False,False,False,True,True,10.0,85,-1.0,STOP,1,4,5.520008980187466,2.564966043666158,False
BIKAJI,2023-04-21,TRAIN,BEAR,SUPPLY,DUAL (2-TF),2,False,False,False,True,True,10.0,85,-1.0,STOP,1,3,6.496604366616163,0.17960374922826133,False
BIKAJI,2023-04-28,TRAIN,SIDEWAYS,SUPPLY,DUAL (2-TF),2,False,False,False,True,True,10.0,85,-1.0,STOP,1,3,4.045685977707441,0.0,False
BIKAJI,2023-05-08,TRAIN,SIDEWAYS,SUPPLY,DUAL (2-TF),2,False,False,False,True,True,10.0,85,-1.0,STOP,1,3,6.62997110224301,0.7375808449153727,False
BIKAJI,2023-05-15,TRAIN,SIDEWAYS,DEMAND,SINGLE (1-TF),1,False,False,False,False,True,8.5,78,2.0,T1,1,7,3.4466187895453366,6.882558667271812,True
BIKAJI,2023-05-22,TRAIN,SIDEWAYS,SUPPLY,DUAL (2-TF),2,False,False,False,True,True,10.0,85,-1.0,STOP,1,2,8.932847191989564,0.0,False
BIKAJI,2023-05-29,TRAIN,SIDEWAYS,SUPPLY,SINGLE (1-TF),1,False,False,False,False,True,8.5,78,-1.0,STOP,1,9,5.31239294843078,2.540251390023449,False
BIKAJI,2023-06-05,TRAIN,SIDEWAYS,SUPPLY,DUAL (2-TF),2,False,False,False,True,True,10.0,85,-1.0,STOP,1,4,5.881573718373292,1.1445224533050717,False
BIKAJI,2023-06-12,TRAIN,BULL,SUPPLY,DUAL (2-TF),2,False,False,False,True,True,10.0,85,-1.0,STOP,1,1,10.496754537024772,0.0,False
BIKAJI,2023-06-26,TRAIN,BULL,DEMAND,SINGLE (1-TF),1,False,False,False,False,True,8.5,78,2.0,T1,1,2,0.9589502018842553,7.008267640838306,True
BIKAJI,2023-07-04,TRAIN,BULL,DEMAND,DUAL (2-TF),2,False,False,False,True,True,10.0,85,-1.0,STOP,1,1,3.5185541242068803,0.0,False
BIKAJI,2023-07-11,TRAIN,BULL,SUPPLY,SINGLE (1-TF),1,False,False,False,False,True,8.5,78,-1.0,STOP,2,5,11.943349042993175,2.8253342310281813,False
BIKAJI,2023-07-18,TRAIN,BULL,DEMAND,SINGLE (1-TF),1,False,False,False,False,True,8.5,78,2.0,T1,1,1,1.0745466756212267,11.6641082222009,True
BIKAJI,2023-08-02,TRAIN,BULL,DEMAND,SINGLE (1-TF),1,False,False,False,False,True,8.5,78,2.0,T1,1,20,1.7949588390053424,7.498090469320213,True
BIKAJI,2023-08-09,TRAIN,BULL,SUPPLY,SINGLE (1-TF),1,False,False,False,False,True,8.5,78,-1.0,STOP,1,17,11.304476538876314,0.6512867141739529,False
BIKAJI,2023-08-17,TRAIN,BULL,SUPPLY,SINGLE (1-TF),1,False,False,False,False,True,8.5,78,-1.0,STOP,1,12,11.304476538876314,0.4313717197775518,False
BIKAJI,2023-08-24,TRAIN,BULL,SUPPLY,DUAL (2-TF),2,False,False,False,True,True,10.0,85,-1.0,STOP,1,5,4.327245308310998,1.3760891420911514,False
BIKAJI,2023-09-01,TRAIN,BULL,SUPPLY,DUAL (2-TF),2,False,False,False,True,True,10.0,85,-1.0,STOP,1,2,10.91748145650708,0.0,False
BIKAJI,2023-09-20,TRAIN,BULL,SUPPLY,DUAL (2-TF),2,False,False,False,True,True,10.0,85,2.0,T1,1,24,2.3617499639033825,7.565850539386565,True
BIKAJI,2023-09-27,TRAIN,BULL,SUPPLY,DUAL (2-TF),2,False,False,False,True,True,10.0,85,2.0,T1,1,7,0.3650602655354599,6.352864397446613,True
BIKAJI,2023-10-05,TRAIN,BULL,SUPPLY,DUAL (2-TF),2,False,False,False,True,True,10.0,85,-1.0,STOP,8,1,0.9768259288020661,2.5626353864388696,False
BIKAJI,2023-10-12,TRAIN,BULL,SUPPLY,DUAL (2-TF),2,False,False,False,True,True,10.0,85,-1.0,STOP,1,1,5.472497083351334,0.0,False
BIKAJI,2023-10-19,TRAIN,BULL,SUPPLY,SINGLE (1-TF),1,False,False,False,False,True,8.5,78,2.0,T1,1,4,2.258271697018662,7.156027927983927,True
BIKAJI,2023-10-27,TRAIN,BULL,DEMAND,SINGLE (1-TF),1,False,False,False,False,True,8.5,78,2.0,T1,1,7,3.6824687506587184,10.15366455175903,True
BIKAJI,2023-11-10,TRAIN,BULL,SUPPLY,DUAL (2-TF),2,False,False,False,True,True,10.0,85,-1.0,STOP,1,2,7.189453391233243,0.5627714057601282,False
BIKAJI,2023-11-20,TRAIN,BULL,DEMAND,SINGLE (1-TF),1,False,False,False,False,True,8.5,78,2.0,T1,13,6,0.5055359065046893,5.234122712594191,True
BIKAJI,2023-11-28,TRAIN,BULL,SUPPLY,SINGLE (1-TF),1,False,False,False,False,True,8.5,78,-1.0,STOP,1,20,6.216653788129682,4.77057806233211,False
BIKAJI,2023-12-05,TRAIN,BULL,SUPPLY,DUAL (2-TF),2,False,False,False,True,True,10.0,85,-1.0,STOP,2,14,5.8777142018779465,5.074457159624406,False
BIKAJI,2023-12-12,TRAIN,BULL,SUPPLY,DUAL (2-TF),2,False,False,False,True,True,10.0,85,-1.0,STOP,3,8,6.636497968230525,4.202068710749908,False
BIKAJI,2023-12-19,TRAIN,BULL,DEMAND,DUAL (2-TF),2,False,False,False,True,True,10.0,85,-1.0,STOP,1,2,3.2856583437447564,1.7174184645794164,False
BIKAJI,2024-01-03,TRAIN,BULL,SUPPLY,SINGLE (1-TF),1,False,False,False,False,True,8.5,78,-1.0,STOP,2,1,4.726363685412653,1.0736830746542503,False
BIKAJI,2024-01-10,TRAIN,BULL,DEMAND,DUAL (2-TF),2,False,False,False,True,True,10.0,85,-1.0,STOP,1,15,5.363494594452526,5.677139002295382,False
BIKAJI,2024-01-17,TRAIN,BULL,SUPPLY,SINGLE (1-TF),1,False,False,False,False,True,8.5,78,-1.0,STOP,1,3,3.3367763169412203,2.2391064582202826,False
BIKAJI,2024-01-25,TRAIN,BULL,SUPPLY,SINGLE (1-TF),1,False,False,False,False,True,8.5,78,-1.0,STOP,1,2,5.584636123317164,1.0101363771642622,False
BIKAJI,2024-02-05,TRAIN,BULL,DEMAND,SINGLE (1-TF),1,False,False,False,False,True,8.5,78,-1.0,STOP,1,1,6.2863290128919225,0.0,False
BIKAJI,2024-02-19,TRAIN,BULL,DEMAND,TRIPLE (3-TF),3,False,False,True,True,True,11.5,92,-1.0,STOP,5,3,2.748205001237942,1.213171577123051,False
BIKAJI,2024-02-26,TRAIN,BULL,SUPPLY,SINGLE (1-TF),1,False,False,False,False,True,8.5,78,2.0,T1,2,5,0.3569068076669059,6.05230856387498,True
BIKAJI,2024-03-04,TRAIN,BULL,SUPPLY,SINGLE (1-TF),1,False,False,False,False,True,8.5,78,2.0,T1,1,1,0.2561259987002622,4.908444512404899,True
BIKAJI,2024-03-12,TRAIN,BULL,DEMAND,DUAL (2-TF),2,False,False,True,False,True,10.0,85,-1.0,STOP,1,1,5.2699078932027525,1.546772375733558,False
BIKAJI,2024-03-19,TRAIN,SIDEWAYS,SUPPLY,SINGLE (1-TF),1,False,False,False,False,True,8.5,78,-1.0,STOP,1,8,7.5457068233757685,2.893405158341497,False
BIKAJI,2024-03-27,TRAIN,SIDEWAYS,SUPPLY,SINGLE (1-TF),1,False,False,False,False,True,8.5,78,-1.0,STOP,1,3,7.436096049573966,2.1301316808675423,False
BIKAJI,2024-04-04,TRAIN,BULL,SUPPLY,TRIPLE (3-TF),3,False,False,True,True,True,11.5,92,-1.0,STOP,1,1,8.507027631368794,0.0,False
BIKAJI,2024-04-12,TRAIN,BULL,DEMAND,SINGLE (1-TF),1,False,False,False,False,True,8.5,78,-1.0,STOP,1,1,3.559189450942415,3.7621992103106696,False
BIKAJI,2024-04-22,TRAIN,SIDEWAYS,SUPPLY,TRIPLE (3-TF),3,False,False,True,True,True,11.5,92,-1.0,STOP,1,17,7.053531612928243,2.537952963530251,False
BIKAJI,2024-04-29,TRAIN,BULL,SUPPLY,TRIPLE (3-TF),3,False,False,True,True,True,11.5,92,-1.0,STOP,1,12,6.683283097611878,2.875028982146986,False
BIKAJI,2024-05-07,TRAIN,SIDEWAYS,SUPPLY,DUAL (2-TF),2,False,False,False,True,True,10.0,85,-1.0,STOP,1,7,5.798156699687672,3.6808522868803735,False
BIKAJI,2024-05-14,TRAIN,SIDEWAYS,SUPPLY,DUAL (2-TF),2,False,False,False,True,True,10.0,85,-1.0,STOP,1,2,6.143908956342859,1.5494338607047538,False
BIKAJI,2024-05-29,TRAIN,BULL,SUPPLY,TRIPLE (3-TF),3,False,False,True,True,True,11.5,92,-1.0,STOP,1,2,21.201530424545652,2.481421528952985,False
BIKAJI,2024-06-26,TRAIN,BULL,SUPPLY,SINGLE (1-TF),1,False,False,False,False,True,8.5,78,2.0,T1,1,8,1.0050733580145401,5.418894830659535,True
BIKAJI,2024-07-03,TRAIN,BULL,SUPPLY,SINGLE (1-TF),1,False,False,False,False,True,8.5,78,-1.0,STOP,1,22,4.0574021491008265,4.92595067089807,False
BIKAJI,2024-07-10,TRAIN,BULL,SUPPLY,SINGLE (1-TF),1,False,False,False,False,True,8.5,78,-1.0,STOP,2,12,3.8643913796530325,2.6250035492205925,False
BIKAJI,2024-07-18,TRAIN,BULL,SUPPLY,SINGLE (1-TF),1,False,False,False,False,True,8.5,78,-1.0,STOP,1,4,4.359292137422181,1.1571939128429751,False
BIKAJI,2024-07-25,TRAIN,BULL,DEMAND,SINGLE (1-TF),1,False,False,False,False,True,8.5,78,2.0,T1,2,2,1.6973166368515227,4.70125223613596,True
BIKAJI,2024-08-01,TRAIN,BULL,DEMAND,DUAL (2-TF),2,False,False,False,True,True,10.0,85,2.0,T1,1,3,3.0992803744847275,10.654649619227277,True
BIKAJI,2024-08-26,TRAIN,BULL,SUPPLY,SINGLE (1-TF),1,False,False,False,False,True,8.5,78,-1.0,STOP,1,7,5.4740028866124515,4.609192569906488,False
BIKAJI,2024-09-02,TRAIN,BULL,SUPPLY,SINGLE (1-TF),1,False,False,False,False,True,8.5,78,-1.0,STOP,1,2,5.566908604044815,4.0037112724026995,False
BIKAJI,2024-09-09,TRAIN,BULL,DEMAND,SINGLE (1-TF),1,False,False,False,False,True,8.5,78,2.0,T1,1,7,1.9026601455326178,10.987713229154243,True
BIKAJI,2024-09-16,TRAIN,BULL,SUPPLY,SINGLE (1-TF),1,False,False,False,False,True,8.5,78,-1.0,STOP,1,2,11.798562880007683,0.0,False
BIKAJI,2024-09-30,TRAIN,BULL,DEMAND,SINGLE (1-TF),1,False,False,False,False,True,8.5,78,-1.0,STOP,1,1,4.782486141125629,1.165085032415669,False
BIKAJI,2024-10-08,TRAIN,BULL,DEMAND,DUAL (2-TF),2,False,False,False,True,True,10.0,85,-1.0,STOP,1,3,3.7462942375393764,1.737076153418566,False
BIKAJI,2024-10-15,TRAIN,BULL,DEMAND,DUAL (2-TF),2,False,False,False,True,True,10.0,85,-1.0,STOP,1,5,8.775832536204478,2.9986875180744375,False
BIKAJI,2024-10-22,TRAIN,BULL,DEMAND,DUAL (2-TF),2,False,False,False,True,True,10.0,85,-1.0,STOP,1,1,6.749135892304896,1.1506276150627621,False
BIKAJI,2024-10-29,TRAIN,BULL,SUPPLY,DUAL (2-TF),2,False,False,False,True,True,10.0,85,-1.0,STOP,1,6,6.390910494010383,1.0649538757434986,False
BIKAJI,2024-11-05,TRAIN,BULL,DEMAND,SINGLE (1-TF),1,False,False,False,False,True,8.5,78,-1.0,STOP,6,1,3.61202592159778,2.8766363303705282,False
BIKAJI,2024-11-12,TRAIN,BULL,SUPPLY,TRIPLE (3-TF),3,False,False,True,True,True,11.5,92,2.0,T1,1,2,0.039026629935711446,10.521120293847575,True
BIKAJI,2024-11-21,TRAIN,BULL,DEMAND,DUAL (2-TF),2,False,False,True,False,True,10.0,85,2.0,T1,1,9,2.411921902268768,14.33791448516579,True
BIKAJI,2024-11-28,TRAIN,BULL,SUPPLY,TRIPLE (3-TF),3,False,False,True,True,True,11.5,92,-1.0,STOP,1,4,10.96702482400889,0.0,False
BIKAJI,2024-12-05,TRAIN,BULL,DEMAND,SINGLE (1-TF),1,False,False,False,False,True,8.5,78,2.0,T1,1,1,0.8336249562565564,5.082987551867215,True
BIKAJI,2024-12-12,TRAIN,BULL,DEMAND,SINGLE (1-TF),1,False,False,False,False,True,8.5,78,-1.0,STOP,1,1,4.320354985349624,3.2447879613664,False
BIKAJI,2025-01-10,TRAIN,BEAR,SUPPLY,SINGLE (1-TF),1,False,False,False,False,True,8.5,78,2.0,T1,1,11,0.1520450053215783,11.511189130164343,True
BIKAJI,2025-01-17,TRAIN,BEAR,DEMAND,TRIPLE (3-TF),3,False,False,True,True,True,11.5,92,-1.0,STOP,2,5,7.135397023412334,2.509501291015108,False
BIKAJI,2025-01-24,TRAIN,BEAR,SUPPLY,SINGLE (1-TF),1,False,False,False,False,True,8.5,78,2.0,T1,1,1,0.07231494605305025,7.409389372595515,True
BIKAJI,2025-01-31,TRAIN,BEAR,SUPPLY,DUAL (2-TF),2,False,False,False,True,True,10.0,85,-1.0,STOP,1,1,7.79053985026051,1.4098279309388755,False
BIKAJI,2025-02-24,TRAIN,BEAR,SUPPLY,DUAL (2-TF),2,False,False,False,True,True,10.0,85,-1.0,STOP,1,15,10.859252277725414,5.895381715362861,False
BIKAJI,2025-03-04,TRAIN,BEAR,SUPPLY,DUAL (2-TF),2,False,False,False,True,True,10.0,85,-1.0,STOP,1,10,10.789638932496077,2.527472527472531,False
BIKAJI,2025-03-19,TRAIN,BEAR,SUPPLY,TRIPLE (3-TF),3,False,False,True,True,True,11.5,92,-1.0,STOP,1,1,7.2140718562874335,0.0,False
BIKAJI,2025-03-26,TRAIN,BEAR,DEMAND,SINGLE (1-TF),1,False,False,False,False,True,8.5,78,-1.0,STOP,1,1,4.3029537847201755,0.0,False
BIKAJI,2025-04-03,TRAIN,BEAR,DEMAND,SINGLE (1-TF),1,False,False,False,False,True,8.5,78,2.0,T1,3,1,7.625060709082081,4.266330743079167,True
BIKAJI,2025-04-11,TRAIN,BEAR,DEMAND,SINGLE (1-TF),1,False,False,False,False,True,8.5,78,2.0,T1,1,1,0.31472439555267756,6.9415847991058195,True
BIKAJI,2025-04-22,TRAIN,BEAR,SUPPLY,TRIPLE (3-TF),3,False,False,True,True,True,11.5,92,-1.0,STOP,1,1,4.061141494881492,0.0,False
BIKAJI,2025-04-29,TRAIN,BEAR,SUPPLY,TRIPLE (3-TF),3,False,False,True,True,True,11.5,92,2.0,T1,1,5,0.20557801685739738,8.469814294524767,True
BIKAJI,2025-05-07,TRAIN,BEAR,DEMAND,DUAL (2-TF),2,False,False,False,True,True,10.0,85,2.0,T1,1,1,1.470891977221095,4.411200613732256,True
BIKAJI,2025-05-14,TRAIN,BEAR,DEMAND,DUAL (2-TF),2,False,False,False,True,True,10.0,85,2.0,T1,1,10,0.21724018074383036,7.658440505155832,True
BIKAJI,2025-05-21,TRAIN,BEAR,DEMAND,DUAL (2-TF),2,False,False,False,True,True,10.0,85,2.0,T1,1,6,1.2542887676472185,8.802519826761914,True
BIKAJI,2025-05-28,TRAIN,BEAR,DEMAND,SINGLE (1-TF),1,False,False,False,False,True,8.5,78,-1.0,STOP,16,1,3.7257844853942657,1.3229939687039636,False
BIKAJI,2025-06-04,TRAIN,SIDEWAYS,DEMAND,SINGLE (1-TF),1,False,False,False,False,True,8.5,78,-1.0,STOP,8,3,4.4349455913485505,0.9277113307533603,False
BIKAJI,2025-06-11,TRAIN,SIDEWAYS,DEMAND,SINGLE (1-TF),1,False,False,False,False,True,8.5,78,-1.0,STOP,1,2,5.2809651826109745,1.4241689069569228,False
BIKAJI,2025-06-18,TRAIN,BEAR,DEMAND,DUAL (2-TF),2,False,False,False,True,True,10.0,85,-1.0,STOP,1,1,6.58567171424334,0.0,False
BIKAJI,2025-06-25,TRAIN,BEAR,DEMAND,DUAL (2-TF),2,False,False,False,True,True,10.0,85,2.0,T1,1,2,1.509213707996333,5.201645404263592,True
BIKAJI,2025-07-02,TRAIN,SIDEWAYS,SUPPLY,DUAL (2-TF),2,False,False,True,False,True,10.0,85,-1.0,STOP,12,21,5.623813541446963,6.702172537439348,False
BIKAJI,2025-07-09,TRAIN,SIDEWAYS,SUPPLY,DUAL (2-TF),2,False,False,True,False,True,10.0,85,-1.0,STOP,6,1,3.1058246011517006,0.0,False
BIKAJI,2025-07-17,TRAIN,SIDEWAYS,SUPPLY,DUAL (2-TF),2,False,False,True,False,True,10.0,85,-1.0,STOP,1,1,5.379663960524317,0.0,False
BIKAJI,2025-07-25,TRAIN,BULL,SUPPLY,TRIPLE (3-TF),3,False,False,True,True,True,11.5,92,-1.0,STOP,1,17,5.623813541446963,6.702172537439348,False
BIKAJI,2025-08-01,TRAIN,SIDEWAYS,SUPPLY,DUAL (2-TF),2,False,False,True,False,True,10.0,85,-1.0,STOP,1,10,3.733329766315757,5.333137147366872,False
BIKAJI,2025-08-08,TRAIN,SIDEWAYS,SUPPLY,TRIPLE (3-TF),3,False,False,True,True,True,11.5,92,-1.0,STOP,6,1,3.6639976473418927,2.065259527596953,False
BIKAJI,2025-08-18,TRAIN,BULL,SUPPLY,DUAL (2-TF),2,False,False,True,False,True,10.0,85,-1.0,STOP,1,1,8.02490632269568,0.0,False
BIKAJI,2025-08-25,TRAIN,BULL,SUPPLY,TRIPLE (3-TF),3,False,False,True,True,True,11.5,92,-1.0,STOP,1,1,4.774002877623229,0.7492190234228127,False
BIKAJI,2025-09-02,VALIDATION,BULL,DEMAND,SINGLE (1-TF),1,False,False,False,False,True,8.5,78,2.0,T1,2,1,0.11848036059239654,5.228589826142952,True
BIKAJI,2025-09-09,VALIDATION,BULL,SUPPLY,TRIPLE (3-TF),3,False,False,True,True,True,11.5,92,2.0,T1,1,14,2.0896894187931636,9.128508878307823,True
BIKAJI,2025-09-16,VALIDATION,BULL,SUPPLY,TRIPLE (3-TF),3,False,False,True,True,True,11.5,92,2.0,T1,1,8,1.9400397695406142,7.748687095293934,True
BIKAJI,2025-10-08,VALIDATION,SIDEWAYS,SUPPLY,TRIPLE (3-TF),3,False,False,True,True,True,11.5,92,-1.0,STOP,1,4,4.494505043316413,1.6532771292101671,False
BIKAJI,2025-10-15,VALIDATION,SIDEWAYS,DEMAND,SINGLE (1-TF),1,False,False,False,False,True,8.5,78,-1.0,STOP,1,15,2.41441243813154,3.9554684179497404,False
BIKAJI,2025-10-30,VALIDATION,SIDEWAYS,SUPPLY,TRIPLE (3-TF),3,False,False,True,True,True,11.5,92,2.0,T1,1,22,1.670960009918311,4.36543468378493,True
BIKAJI,2025-11-07,VALIDATION,SIDEWAYS,DEMAND,DUAL (2-TF),2,False,False,False,True,True,10.0,85,-1.0,STOP,1,1,4.003181699740793,0.0,False
BIKAJI,2025-11-14,VALIDATION,SIDEWAYS,SUPPLY,TRIPLE (3-TF),3,False,False,True,True,True,11.5,92,-1.0,STOP,1,21,5.714529283055314,1.999090676593454,False
BIKAJI,2025-11-21,VALIDATION,SIDEWAYS,DEMAND,SINGLE (1-TF),1,False,False,False,False,True,8.5,78,-1.0,STOP,1,2,3.0197075651621135,0.0,False
BIKAJI,2025-11-28,VALIDATION,SIDEWAYS,SUPPLY,TRIPLE (3-TF),3,False,False,True,True,True,11.5,92,-1.0,STOP,1,11,4.704408888138353,2.935506114465039,False
BIKAJI,2025-12-05,VALIDATION,SIDEWAYS,SUPPLY,TRIPLE (3-TF),3,False,False,True,True,True,11.5,92,2.0,T1,1,2,0.6499054555641132,3.0674416975978835,True
BIKAJI,2025-12-12,VALIDATION,SIDEWAYS,DEMAND,SINGLE (1-TF),1,False,False,False,False,True,8.5,78,-1.0,STOP,19,7,2.694636309371541,2.9788806458031374,False
BIKAJI,2025-12-19,VALIDATION,SIDEWAYS,DEMAND,SINGLE (1-TF),1,False,False,False,False,True,8.5,78,-1.0,STOP,11,3,3.3196845200472627,1.4743466432163592,False
BIKAJI,2025-12-29,VALIDATION,BULL,DEMAND,DUAL (2-TF),2,False,False,False,True,True,10.0,85,-1.0,STOP,6,3,3.3196845200472627,1.4743466432163592,False
BIKAJI,2026-01-12,VALIDATION,BEAR,SUPPLY,DUAL (2-TF),2,False,False,True,False,True,10.0,85,2.0,T1,1,6,1.289669996206862,7.753473539287162,True
BIKAJI,2026-01-28,VALIDATION,BEAR,SUPPLY,SINGLE (1-TF),1,False,False,False,False,True,8.5,78,2.0,T1,1,23,3.537661162632894,8.329940435798841,True
BIKAJI,2026-02-04,VALIDATION,BEAR,SUPPLY,SINGLE (1-TF),1,False,False,False,False,True,8.5,78,2.0,T1,4,15,2.3403453215712857,8.329940435798841,True
BIKAJI,2026-02-11,VALIDATION,BEAR,DEMAND,DUAL (2-TF),2,False,False,False,True,True,10.0,85,-1.0,STOP,3,1,3.2854967468044873,0.45221724885792913,False
BIKAJI,2026-02-25,VALIDATION,BEAR,SUPPLY,DUAL (2-TF),2,False,False,False,True,True,10.0,85,2.0,T1,3,1,1.0944473356357636,4.131775244042839,True
BIKAJI,2026-03-05,TEST_OOS,BEAR,DEMAND,DUAL (2-TF),2,False,False,True,False,True,10.0,85,-1.0,STOP,1,1,4.52818338828702,0.0,False
BIKAJI,2026-03-12,TEST_OOS,BEAR,SUPPLY,DUAL (2-TF),2,False,False,False,True,True,10.0,85,2.0,T1,7,1,0.49907020360156823,4.4105726592177,True
BIKAJI,2026-03-19,TEST_OOS,BEAR,DEMAND,SINGLE (1-TF),1,False,False,False,False,True,8.5,78,-1.0,STOP,1,6,4.011735338930852,2.4913281680552224,False
BIKAJI,2026-03-27,TEST_OOS,BEAR,SUPPLY,DUAL (2-TF),2,False,False,False,True,True,10.0,85,-1.0,STOP,1,4,3.346854344769637,4.2987120024563925,False
BIKAJI,2026-04-07,TEST_OOS,BEAR,SUPPLY,DUAL (2-TF),2,False,False,False,True,True,10.0,85,-1.0,STOP,1,1,4.9714658405348136,0.0,False
BIKAJI,2026-04-15,TEST_OOS,BEAR,SUPPLY,DUAL (2-TF),2,False,False,False,True,True,10.0,85,-1.0,STOP,1,1,3.585262012228301,0.0,False
BIKAJI,2026-04-22,TEST_OOS,BEAR,DEMAND,ATZ (4-TF),4,True,True,True,True,True,13.0,100,2.0,T1,14,3,1.2760553783256432,5.717471428128961,True
BIKAJI,2026-04-29,TEST_OOS,SIDEWAYS,DEMAND,TRIPLE (3-TF),3,False,True,False,True,True,11.5,92,-1.0,STOP,1,8,6.1090280625695765,1.8278750952018303,False
BIKAJI,2026-05-07,TEST_OOS,BEAR,DEMAND,DUAL (2-TF),2,False,True,False,False,True,10.0,85,-1.0,STOP,1,2,4.9934735315445895,0.0,False
BIKAJI,2026-05-21,TEST_OOS,BEAR,DEMAND,DUAL (2-TF),2,False,True,False,False,True,10.0,85,-1.0,STOP,1,2,4.790446146913038,3.2972810575334135,False
BIKAJI,2026-06-11,TEST_OOS,BEAR,DEMAND,TRIPLE (3-TF),3,False,True,False,True,True,11.5,92,-1.0,STOP,10,3,2.2222909546417586,2.3769388985973436,False
BIKAJI,2026-06-18,TEST_OOS,BEAR,DEMAND,TRIPLE (3-TF),3,False,True,False,True,True,11.5,92,-1.0,STOP,1,4,4.682910990746346,0.0,False
BIKAJI,2026-06-25,TEST_OOS,BEAR,SUPPLY,TRIPLE (3-TF),3,False,False,True,True,True,11.5,92,2.0,T1,1,13,1.3849485982733964,4.324151185137735,True
BIKAJI,2026-07-02,TEST_OOS,BEAR,SUPPLY,TRIPLE (3-TF),3,False,False,True,True,True,11.5,92,2.0,T1,1,28,2.3119074005664477,6.015269055535022,True
BIKAJI,2026-07-09,TEST_OOS,BEAR,SUPPLY,DUAL (2-TF),2,False,False,True,False,True,10.0,85,2.0,T1,16,5,1.0063162402312449,5.026993133191613,True
BIKAJI,2026-07-16,TEST_OOS,BEAR,SUPPLY,TRIPLE (3-TF),3,False,False,True,True,True,11.5,92,-1.0,STOP,1,10,2.0674052114214385,2.738336713995936,False
BIKAJI,2026-07-23,TEST_OOS,BEAR,DEMAND,DUAL (2-TF),2,False,True,False,False,True,10.0,85,-1.0,STOP,1,1,2.753510140405613,0.0,False
BIKAJI,2026-07-30,TEST_OOS,BEAR,DEMAND,DUAL (2-TF),2,False,True,False,False,True,10.0,85,-1.0,STOP,6,1,1.8550816553036378,3.2265736483272405,False
BIKAJI,2026-08-06,TEST_OOS,BEAR,DEMAND,TRIPLE (3-TF),3,False,True,False,True,True,11.5,92,-1.0,STOP,1,1,4.179566563467492,0.781733746130024,False
BIKAJI,2026-08-13,TEST_OOS,BEAR,SUPPLY,DUAL (2-TF),2,False,False,True,False,True,10.0,85,2.0,T1,11,4,1.7798264989276236,6.062934152821793,True
BIKAJI,2026-08-20,TEST_OOS,BEAR,SUPPLY,TRIPLE (3-TF),3,False,False,True,True,True,11.5,92,-1.0,STOP,5,1,3.62584535158478,1.9473641326488929,False
